global_run_id,area_pyung_first,run_first,zone_count_first,cleaning_type_first,obstacle_level_first,zone_area_m2_sum,dirt_level_code_mean,suction_mode_code_mean,suction_power_w_mean,battery_capacity_wh_first,start_soc_pct_first,run_total_required_energy_wh_first,run_end_soc_pct_first,run_completion_status_first,run_charge_count_first,home_target_soc_pct,floor_ratio_고파일 카펫,floor_ratio_마루/타일,floor_ratio_장판/PVC,floor_ratio_저파일 러그,floor_ratio_현관매트,suction_ratio_강,suction_ratio_약,suction_ratio_중,suction_ratio_터보,home_required_soc_pct,pred_LinearRegression,pred_RandomForest,pred_XGBoost,best_model,best_pred_required_soc_pct,best_pred_target_soc_pct
18_113,18.0,113,4,건식,보통,48.794,0.75,0.5,14.0,74.88,80.0,10.942,65.387,무충전 완주,0,29.612713675213676,0.0,0.5,0.25,0.0,0.25,0.25,0.75,0.0,0.0,14.612713675213676,11.192613360238944,16.017289886039887,16.40898,XGBoost,16.40898,31.40898
18_115,18.0,115,4,건식,적음,48.793,0.0,0.5,11.4,74.88,80.0,7.13,70.479,무충전 완주,0,24.52190170940171,0.0,0.5,0.0,0.25,0.25,0.0,0.5,0.5,0.0,9.52190170940171,0.5755690653905887,12.336430511039898,12.569968,XGBoost,12.569968,27.56997
18_119,18.0,119,4,건식,보통,48.793,0.25,1.0,17.4,74.88,80.0,15.322,59.537,무충전 완주,0,35.46207264957265,0.25,0.25,0.25,0.25,0.0,0.25,0.25,0.5,0.0,20.462072649572647,12.825990724679997,16.97790857965337,16.109055,XGBoost,16.109055,31.109055
18_121,18.0,121,4,건식,적음,48.793,1.25,1.0,17.4,74.88,80.0,14.337,60.853,무충전 완주,0,34.14663461538461,0.0,0.0,0.75,0.0,0.25,0.25,0.25,0.5,0.0,19.146634615384617,12.911301207049824,18.066332205603022,18.18554,XGBoost,18.18554,33.18554
18_126,18.0,126,4,물걸레,많음,48.794,0.5,2.0,41.625,74.88,80.0,31.299,38.201,무충전 완주,0,56.79887820512821,0.75,0.0,0.25,0.0,0.0,0.25,0.25,0.0,0.5,41.79887820512821,61.55881020544054,41.270005341880264,39.651382,XGBoost,39.651382,54.651382
18_128,18.0,128,4,건식,보통,48.794,0.75,1.25,25.2125,74.88,80.0,20.032,53.248,무충전 완주,0,41.75213675213675,0.25,0.0,0.75,0.0,0.0,0.0,0.25,0.5,0.25,26.752136752136753,27.17802683159673,21.358847489316272,22.873667,XGBoost,22.873667,37.873665
18_131,18.0,131,4,물걸레,적음,48.794,1.0,1.25,25.2125,74.88,80.0,17.383,56.786,무충전 완주,0,38.2144764957265,0.0,0.0,0.75,0.25,0.0,0.0,0.25,0.5,0.25,23.214476495726498,30.233181411483013,23.867295895655325,24.181599,XGBoost,24.181599,39.1816
18_135,18.0,135,4,물걸레,많음,48.794,0.25,0.75,15.7,74.88,80.0,15.666,59.078,무충전 완주,0,35.921474358974365,0.25,0.5,0.25,0.0,0.0,0.25,0.5,0.25,0.0,20.92147435897436,28.12714387504103,22.33250979344729,22.657848,XGBoost,22.657848,37.65785
18_141,18.0,141,4,물걸레,보통,48.793,0.5,0.25,9.7,74.88,80.0,12.288,63.589,무충전 완주,0,31.41025641025641,0.0,0.0,1.0,0.0,0.0,0.0,0.75,0.25,0.0,16.41025641025641,10.114840758635097,16.03740447679251,16.662544,XGBoost,16.662544,31.662544
18_143,18.0,143,4,건식,보통,48.793,0.5,1.0,23.5125,74.88,80.0,18.567,55.204,무충전 완주,0,39.79567307692308,0.25,0.0,0.5,0.0,0.25,0.0,0.5,0.25,0.25,24.795673076923077,24.003238173046167,22.61968705484328,22.160019,XGBoost,22.160019,37.16002
18_149,18.0,149,4,건식,많음,48.794,0.75,0.25,9.7,74.88,80.0,14.237,60.987,무충전 완주,0,34.01308760683761,0.0,0.75,0.25,0.0,0.0,0.0,0.75,0.25,0.0,19.01308760683761,17.163088571193747,16.57367788461539,17.027618,XGBoost,17.027618,32.02762
18_150,18.0,150,4,건식,적음,48.793000000000006,0.0,0.0,8.0,74.88,80.0,7.107,70.509,무충전 완주,0,24.491185897435898,0.0,0.0,1.0,0.0,0.0,0.0,1.0,0.0,0.0,9.491185897435898,2.1532181878324153,11.605575587606824,10.304475,XGBoost,10.304475,25.304474
18_153,18.0,153,4,건식,적음,48.794,0.5,0.5,11.4,74.88,80.0,9.659,67.101,무충전 완주,0,27.899305555555557,0.0,0.5,0.25,0.25,0.0,0.0,0.5,0.5,0.0,12.899305555555557,0.6806933235566959,14.111369672958213,13.601201,XGBoost,13.601201,28.6012
18_157,18.0,157,4,건식,많음,48.793,0.5,1.0,17.4,74.88,80.0,17.235,56.984,무충전 완주,0,38.01682692307692,0.0,0.0,0.5,0.25,0.25,0.25,0.25,0.5,0.0,23.016826923076923,27.387222717262063,23.14847311253556,23.946198,XGBoost,23.946198,38.946198
18_160,18.0,160,4,물걸레,적음,48.793,0.5,0.5,11.4,74.88,80.0,8.847,68.185,무충전 완주,0,26.814903846153847,0.0,0.5,0.25,0.25,0.0,0.0,0.5,0.5,0.0,11.814903846153847,7.082652033191437,16.676157778371287,15.374391,XGBoost,15.374391,30.37439
18_164,18.0,164,4,물걸레,보통,48.793,0.5,0.75,15.7,74.88,80.0,14.87,60.142,무충전 완주,0,34.85844017094017,0.0,0.25,0.5,0.25,0.0,0.25,0.5,0.25,0.0,19.85844017094017,17.937601648978536,17.663784277065574,18.627785,XGBoost,18.627785,33.627785
18_17,18.0,17,4,물걸레,많음,48.794,0.75,1.25,19.1,74.88,80.0,18.106,55.82,무충전 완주,0,39.18002136752137,0.25,0.25,0.25,0.25,0.0,0.25,0.0,0.75,0.0,24.18002136752137,36.09806531996583,26.639378561253608,25.549795,XGBoost,25.549795,40.549797
18_170,18.0,170,4,물걸레,많음,48.793,0.0,0.0,8.0,74.88,80.0,15.584,59.189,무충전 완주,0,35.81196581196581,0.0,0.25,0.75,0.0,0.0,0.0,1.0,0.0,0.0,20.811965811965813,25.45518153159128,18.631798284662818,16.889473,XGBoost,16.889473,31.889473
18_174,18.0,174,4,물걸레,많음,48.794,0.0,0.25,9.7,74.88,80.0,12.255,63.634,무충전 완주,0,31.3661858974359,0.0,0.75,0.0,0.25,0.0,0.0,0.75,0.25,0.0,16.3661858974359,21.588150825472347,17.041654795821458,16.994501,XGBoost,16.994501,31.994501
18_177,18.0,177,4,물걸레,많음,48.795,0.5,0.75,15.7,74.88,80.0,15.518,59.276,무충전 완주,0,35.72382478632478,0.25,0.25,0.5,0.0,0.0,0.25,0.5,0.25,0.0,20.723824786324787,29.82934320153136,25.785132730887952,24.73621,XGBoost,24.73621,39.73621
18_178,18.0,178,4,물걸레,적음,48.794000000000004,0.25,1.25,21.7,74.88,80.0,13.556,61.897,무충전 완주,0,33.10363247863248,0.25,0.25,0.0,0.25,0.25,0.5,0.25,0.25,0.0,18.103632478632477,19.15399895244979,19.282242699430135,18.14315,XGBoost,18.14315,33.14315
18_180,18.0,180,4,물걸레,적음,48.793,0.25,0.25,9.7,74.88,80.0,11.819,64.216,무충전 완주,0,30.783920940170944,0.0,0.0,1.0,0.0,0.0,0.0,0.75,0.25,0.0,15.783920940170942,2.891457927532578,11.715862120132936,13.127716,XGBoost,13.127716,28.127716
18_182,18.0,182,4,물걸레,적음,48.794,0.25,0.75,15.7,74.88,80.0,11.928,64.07,무충전 완주,0,30.929487179487182,0.0,0.25,0.25,0.25,0.25,0.25,0.5,0.25,0.0,15.92948717948718,10.831433849639474,16.65568910256408,16.75717,XGBoost,16.75717,31.75717
18_184,18.0,184,4,건식,많음,48.794000000000004,0.25,1.0,23.5125,74.88,80.0,19.159,54.414,무충전 완주,0,40.58627136752137,0.25,0.25,0.25,0.25,0.0,0.0,0.5,0.25,0.25,25.58627136752137,34.897840776966376,28.686992521367518,28.172417,XGBoost,28.172417,43.172417
18_185,18.0,185,4,물걸레,많음,48.794,0.25,0.75,21.8125,74.88,80.0,25.487,45.963,무충전 완주,0,49.03712606837607,0.25,0.5,0.25,0.0,0.0,0.0,0.75,0.0,0.25,34.03712606837607,37.74980187764419,27.89364049145292,26.831303,XGBoost,26.831303,41.831303
18_189,18.0,189,4,물걸레,적음,48.794000000000004,0.0,0.5,11.4,74.88,80.0,10.254,66.306,무충전 완주,0,28.693910256410255,0.0,0.25,0.25,0.25,0.25,0.0,0.5,0.5,0.0,13.693910256410257,5.7698830913256955,13.285137998575543,13.345016,XGBoost,13.345016,28.345016
18_19,18.0,19,4,건식,적음,48.793,0.5,0.75,13.100000000000001,74.88,80.0,10.088,66.528,무충전 완주,0,28.47222222222222,0.0,0.0,0.75,0.0,0.25,0.0,0.25,0.75,0.0,13.472222222222221,3.321164399964374,13.783935778727452,12.921451,XGBoost,12.921451,27.921452
18_194,18.0,194,4,물걸레,많음,48.793,0.75,1.5,29.5125,74.88,80.0,34.553,33.856,무충전 완주,0,61.144497863247864,0.25,0.0,0.5,0.25,0.0,0.25,0.25,0.25,0.25,46.144497863247864,53.09684461475911,30.367953169515737,35.27332,XGBoost,35.27332,50.27332
18_204,18.0,204,4,건식,적음,48.793,0.5,1.0,17.4,74.88,80.0,10.827,65.54,무충전 완주,0,29.459134615384617,0.0,0.25,0.25,0.25,0.25,0.25,0.25,0.5,0.0,14.459134615384617,9.331576714202392,15.370843720322918,15.357426,XGBoost,15.357426,30.357426
18_216,18.0,216,4,건식,많음,48.793,0.0,0.0,8.0,74.88,80.0,10.134,66.466,무충전 완주,0,28.533653846153847,0.0,0.75,0.25,0.0,0.0,0.0,1.0,0.0,0.0,13.533653846153848,20.038323293367192,15.519120963912595,15.077507,XGBoost,15.077507,30.077507
18_217,18.0,217,4,건식,적음,48.794000000000004,0.75,0.5,11.4,74.88,80.0,11.121,65.148,무충전 완주,0,29.851762820512825,0.0,0.25,0.75,0.0,0.0,0.0,0.5,0.5,0.0,14.851762820512823,1.9381587496484727,12.805192307692305,12.775518,XGBoost,12.775518,27.775518
18_232,18.0,232,4,건식,보통,48.793,0.25,1.0,20.0,74.88,80.0,13.297,62.242,무충전 완주,0,32.75774572649573,0.25,0.25,0.25,0.0,0.25,0.5,0.5,0.0,0.0,17.757745726495727,16.94923842757712,19.76700231481484,19.436525,XGBoost,19.436525,34.436523
18_239,18.0,239,4,물걸레,적음,48.794,0.75,1.0,23.5125,74.88,80.0,16.476,57.996,무충전 완주,0,37.003205128205124,0.25,0.25,0.5,0.0,0.0,0.0,0.5,0.25,0.25,22.003205128205128,24.380259147213494,21.5204944207028,21.65039,XGBoost,21.65039,36.65039
18_24,18.0,24,4,물걸레,보통,48.794,0.5,0.5,11.4,74.88,80.0,9.884,66.8,무충전 완주,0,28.199786324786324,0.0,0.0,0.75,0.25,0.0,0.0,0.5,0.5,0.0,13.199786324786325,12.371923235137224,16.911177439458708,18.100414,XGBoost,18.100414,33.100414
18_249,18.0,249,4,물걸레,많음,48.79299999999999,0.5,0.5,11.4,74.88,80.0,13.968,61.346,무충전 완주,0,33.65384615384615,0.0,0.5,0.25,0.25,0.0,0.0,0.5,0.5,0.0,18.653846153846153,25.095662811871712,21.332745726495734,21.49737,XGBoost,21.49737,36.497368
18_25,18.0,25,4,물걸레,적음,48.794,1.0,1.0,17.4,74.88,80.0,16.466,58.01,무충전 완주,0,36.98985042735043,0.0,0.25,0.25,0.25,0.25,0.25,0.25,0.5,0.0,21.98985042735043,16.805514582511925,17.169474715099703,19.561134,XGBoost,19.561134,34.561134
18_250,18.0,250,4,건식,보통,48.793,0.25,0.5,11.4,74.88,80.0,9.761,66.965,무충전 완주,0,28.035523504273506,0.0,0.25,0.5,0.0,0.25,0.0,0.5,0.5,0.0,13.035523504273506,5.010617250550162,14.807063152896484,14.529513,XGBoost,14.529513,29.529514
18_253,18.0,253,4,건식,적음,48.793,0.5,0.5,11.4,74.88,80.0,9.551,67.245,무충전 완주,0,27.75507478632479,0.0,0.25,0.5,0.25,0.0,0.0,0.5,0.5,0.0,12.755074786324789,0.9032375358420452,14.006737446581198,13.0138235,XGBoost,13.0138235,28.013824
18_257,18.0,257,4,건식,많음,48.794,0.0,0.5,11.4,74.88,80.0,11.533,64.598,무충전 완주,0,30.401976495726494,0.0,0.0,0.5,0.25,0.25,0.0,0.5,0.5,0.0,15.401976495726496,18.493941304927347,19.400328758818386,18.058867,XGBoost,18.058867,33.05887
18_258,18.0,258,4,건식,보통,48.792,0.5,0.5,11.4,74.88,80.0,10.781,65.602,무충전 완주,0,29.397702991452995,0.0,0.25,0.5,0.25,0.0,0.0,0.5,0.5,0.0,14.397702991452993,6.467056264837275,14.287277421652425,14.801604,XGBoost,14.801604,29.801605
18_26,18.0,26,4,물걸레,보통,48.793,0.75,1.0,17.4,74.88,80.0,17.458,56.686,무충전 완주,0,38.31463675213675,0.0,0.0,0.5,0.25,0.25,0.25,0.25,0.5,0.0,23.314636752136753,21.92918255914779,20.108381187678066,20.927813,XGBoost,20.927813,35.92781
18_261,18.0,261,4,건식,적음,48.793000000000006,0.5,0.75,15.7,74.88,80.0,8.704,68.376,무충전 완주,0,26.623931623931625,0.25,0.25,0.5,0.0,0.0,0.25,0.5,0.25,0.0,11.623931623931625,5.954100676932356,14.97899453941122,14.368131,XGBoost,14.368131,29.36813
18_265,18.0,265,4,물걸레,적음,48.794,0.5,1.0,23.5125,74.88,80.0,16.676,57.73,무충전 완주,0,37.27029914529915,0.25,0.5,0.0,0.0,0.25,0.0,0.5,0.25,0.25,22.270299145299145,22.795274852484802,21.189123783238397,22.258575,XGBoost,22.258575,37.258575
18_277,18.0,277,4,건식,보통,48.793,0.75,1.0,17.4,74.88,80.0,12.95,62.705,무충전 완주,0,32.29433760683761,0.0,0.0,0.5,0.0,0.5,0.25,0.25,0.5,0.0,17.29433760683761,16.270075901052877,20.509234775641037,19.495272,XGBoost,19.495272,34.49527
18_278,18.0,278,4,건식,보통,48.792,0.75,1.25,25.2125,74.88,80.0,15.297,59.571,무충전 완주,0,35.4286858974359,0.25,0.25,0.25,0.25,0.0,0.0,0.25,0.5,0.25,20.4286858974359,28.119852471328258,24.354571759259258,23.288023,XGBoost,23.288023,38.288025
18_286,18.0,286,4,건식,적음,48.793,0.25,0.75,15.7,74.88,80.0,10.108,66.501,무충전 완주,0,28.498931623931625,0.25,0.0,0.75,0.0,0.0,0.25,0.5,0.25,0.0,13.498931623931625,5.047724743567507,14.480088141025666,14.265326,XGBoost,14.265326,29.265326
18_294,18.0,294,4,물걸레,많음,48.793,1.25,1.0,23.5125,74.88,80.0,19.714,53.672,무충전 완주,0,41.32745726495727,0.25,0.25,0.5,0.0,0.0,0.0,0.5,0.25,0.25,26.327457264957268,44.895437980548074,27.40451210826217,31.574593,XGBoost,31.574593,46.574593
18_299,18.0,299,4,건식,많음,48.793,0.5,1.5,29.5125,74.88,80.0,19.95,53.357,무충전 완주,0,41.642628205128204,0.25,0.25,0.0,0.25,0.25,0.25,0.25,0.25,0.25,26.642628205128204,45.28981059829797,34.36455039173786,33.361965,XGBoost,33.361965,48.361965
18_303,18.0,303,4,건식,적음,48.793,0.25,0.25,9.7,74.88,80.0,8.529,68.609,무충전 완주,0,26.390224358974358,0.0,0.75,0.25,0.0,0.0,0.0,0.75,0.25,0.0,11.39022435897436,-2.568035535072731,10.877735858855655,10.919997,XGBoost,10.919997,25.919998
18_305,18.0,305,4,물걸레,많음,48.793,0.25,0.5,11.4,74.88,80.0,15.204,59.696,무충전 완주,0,35.30448717948718,0.0,0.25,0.25,0.25,0.25,0.0,0.5,0.5,0.0,20.304487179487182,22.705487033634668,20.251402540360907,20.547417,XGBoost,20.547417,35.547417
18_306,18.0,306,4,물걸레,적음,48.793,0.0,1.0,17.4,74.88,80.0,11.258,64.966,무충전 완주,0,30.03472222222222,0.25,0.0,0.25,0.0,0.5,0.25,0.25,0.5,0.0,15.034722222222221,13.152763040477979,18.060098676400756,14.886142,XGBoost,14.886142,29.886143
18_308,18.0,308,4,건식,많음,48.793,0.0,0.25,9.7,74.88,80.0,12.263,63.624,무충전 완주,0,31.37686965811966,0.0,0.0,0.75,0.25,0.0,0.0,0.75,0.25,0.0,16.37686965811966,16.564377697058497,13.582581018518573,16.534773,XGBoost,16.534773,31.534773
18_313,18.0,313,4,물걸레,많음,48.793,0.25,0.5,14.0,74.88,80.0,15.215,59.681,무충전 완주,0,35.31917735042735,0.25,0.5,0.25,0.0,0.0,0.25,0.75,0.0,0.0,20.31917735042735,25.604242354570786,20.670075231481484,21.110338,XGBoost,21.110338,36.110336
18_319,18.0,319,4,물걸레,많음,48.794,0.0,0.25,9.7,74.88,80.0,15.112,59.819,무충전 완주,0,35.18162393162393,0.0,0.0,0.75,0.25,0.0,0.0,0.75,0.25,0.0,20.181623931623932,21.716056498616013,16.562538580246898,18.12697,XGBoost,18.12697,33.12697
18_320,18.0,320,4,건식,많음,48.794,0.75,0.5,11.4,74.88,80.0,14.587,60.52,무충전 완주,0,34.480502136752136,0.0,0.5,0.5,0.0,0.0,0.0,0.5,0.5,0.0,19.480502136752136,19.908534303949338,20.79174679487182,19.034313,XGBoost,19.034313,34.034313
18_321,18.0,321,4,물걸레,많음,48.794,0.5,0.75,21.8125,74.88,80.0,24.032,47.906,무충전 완주,0,47.0940170940171,0.0,0.25,0.5,0.25,0.0,0.0,0.75,0.0,0.25,32.0940170940171,40.899913633537516,28.946616809116772,28.137432,XGBoost,28.137432,43.137432
18_324,18.0,324,4,물걸레,많음,48.793,0.0,0.75,15.7,74.88,80.0,14.989,59.982,무충전 완주,0,35.017361111111114,0.25,0.5,0.0,0.0,0.25,0.25,0.5,0.25,0.0,20.01736111111111,28.971030774621,21.026237535612594,22.395613,XGBoost,22.395613,37.395615
18_33,18.0,33,4,건식,많음,48.794,0.5,1.25,19.1,74.88,80.0,21.47,51.328,무충전 완주,0,43.67254273504273,0.0,0.0,0.25,0.25,0.5,0.25,0.0,0.75,0.0,28.672542735042732,29.31678632513092,23.927590515194666,24.488537,XGBoost,24.488537,39.488537
18_335,18.0,335,4,건식,적음,48.794,0.0,0.25,9.7,74.88,80.0,9.251,67.645,무충전 완주,0,27.35443376068376,0.0,0.75,0.0,0.25,0.0,0.0,0.75,0.25,0.0,12.354433760683762,-1.7564477426677456,11.131882122507118,11.533885,XGBoost,11.533885,26.533886
18_356,18.0,356,4,물걸레,보통,48.793,0.5,0.75,15.7,74.88,80.0,15.958,58.689,무충전 완주,0,36.311431623931625,0.25,0.25,0.5,0.0,0.0,0.25,0.5,0.25,0.0,21.311431623931625,16.669598207481485,18.74210418150515,18.106363,XGBoost,18.106363,33.10636
18_362,18.0,362,4,건식,보통,48.793,0.25,0.5,14.0,74.88,80.0,12.359,63.495,무충전 완주,0,31.505074786324787,0.0,0.5,0.25,0.0,0.25,0.25,0.75,0.0,0.0,16.505074786324787,8.584038100381932,15.425137998575522,16.620049,XGBoost,16.620049,31.620049
18_365,18.0,365,4,건식,보통,48.793,0.0,0.0,8.0,74.88,80.0,8.962,68.031,무충전 완주,0,26.968482905982906,0.0,0.0,1.0,0.0,0.0,0.0,1.0,0.0,0.0,11.968482905982906,7.53712792891988,14.147921489197515,11.571386,XGBoost,11.571386,26.571386
18_376,18.0,376,4,물걸레,보통,48.794,0.5,0.5,14.0,74.88,80.0,14.807,60.225,무충전 완주,0,34.77430555555556,0.0,0.5,0.25,0.0,0.25,0.25,0.75,0.0,0.0,19.774305555555557,14.68472805968554,17.694202946937324,18.0947,XGBoost,18.0947,33.0947
18_382,18.0,382,4,물걸레,적음,48.793,0.25,1.0,17.4,74.88,80.0,13.279,62.267,무충전 완주,0,32.73370726495727,0.0,0.0,0.25,0.75,0.0,0.25,0.25,0.5,0.0,17.733707264957268,13.818488394964334,18.395291800213666,18.732439,XGBoost,18.732439,33.732437
18_385,18.0,385,4,건식,보통,48.792,0.25,1.0,17.4,74.88,80.0,13.158,62.428,무충전 완주,0,32.57211538461539,0.0,0.0,0.25,0.25,0.5,0.25,0.25,0.5,0.0,17.572115384615387,13.39568159723138,18.414502092236457,17.999075,XGBoost,17.999075,32.999077
18_386,18.0,386,4,건식,보통,48.793,0.5,0.75,15.7,74.88,80.0,14.528,60.598,무충전 완주,0,34.401709401709404,0.0,0.25,0.5,0.0,0.25,0.25,0.5,0.25,0.0,19.401709401709404,12.278494990883615,18.698103929249758,18.082678,XGBoost,18.082678,33.08268
18_388,18.0,388,4,건식,적음,48.793,0.0,0.25,9.7,74.88,80.0,8.526,68.613,무충전 완주,0,26.38621794871795,0.0,0.5,0.25,0.0,0.25,0.0,0.75,0.25,0.0,11.386217948717949,-1.861422399015666,10.679290197649578,11.36175,XGBoost,11.36175,26.36175
18_389,18.0,389,4,물걸레,적음,48.794000000000004,0.25,0.5,14.0,74.88,80.0,9.595,67.186,무충전 완주,0,27.813835470085472,0.0,0.25,0.5,0.0,0.25,0.25,0.75,0.0,0.0,12.813835470085472,8.394442385229574,15.84883443138647,16.23007,XGBoost,16.23007,31.23007
18_39,18.0,39,4,건식,많음,48.794,0.25,0.5,14.0,74.88,80.0,14.761,60.287,무충전 완주,0,34.71287393162393,0.0,0.25,0.5,0.0,0.25,0.25,0.75,0.0,0.0,19.712873931623932,21.07586537445001,21.317790613129148,21.501514,XGBoost,21.501514,36.501514
18_390,18.0,390,4,물걸레,많음,48.793,0.0,0.25,9.7,74.88,80.0,10.836,65.529,무충전 완주,0,29.471153846153847,0.0,0.25,0.5,0.25,0.0,0.0,0.75,0.25,0.0,14.471153846153847,21.85333026213892,17.143274848222745,17.644922,XGBoost,17.644922,32.64492
18_394,18.0,394,4,물걸레,많음,48.794,0.5,0.5,14.0,74.88,80.0,14.526,60.6,무충전 완주,0,34.39903846153847,0.0,0.5,0.25,0.25,0.0,0.25,0.75,0.0,0.0,19.399038461538463,27.641347965909787,21.853096287393193,22.144156,XGBoost,22.144156,37.144157
18_398,18.0,398,4,건식,많음,48.792,0.0,0.0,8.0,74.88,80.0,12.377,63.471,무충전 완주,0,31.52911324786325,0.0,0.0,1.0,0.0,0.0,0.0,1.0,0.0,0.0,16.52911324786325,20.346137954418623,15.930998300985275,15.198627,XGBoost,15.198627,30.198627
18_4,18.0,4,4,건식,보통,48.794,0.25,0.25,9.7,74.88,80.0,10.603,65.84,무충전 완주,0,29.159989316239315,0.0,0.25,0.5,0.0,0.25,0.0,0.75,0.25,0.0,14.159989316239315,2.1278977542716646,12.988034188034163,13.472068,XGBoost,13.472068,28.472069
18_41,18.0,41,4,건식,많음,48.793000000000006,0.0,0.5,14.0,74.88,80.0,12.211,63.692,무충전 완주,0,31.307425213675213,0.25,0.0,0.75,0.0,0.0,0.25,0.75,0.0,0.0,16.307425213675213,21.615240838148814,20.672135787630545,19.10445,XGBoost,19.10445,34.10445
18_412,18.0,412,4,건식,많음,48.793,0.75,0.5,11.4,74.88,80.0,16.238,58.315,무충전 완주,0,36.68536324786325,0.0,0.25,0.75,0.0,0.0,0.0,0.5,0.5,0.0,21.685363247863247,21.021540448503664,19.202258576685665,19.50626,XGBoost,19.50626,34.50626
18_414,18.0,414,4,건식,적음,48.793,0.75,1.25,19.1,74.88,80.0,13.55,61.905,무충전 완주,0,33.09561965811966,0.0,0.0,0.5,0.5,0.0,0.25,0.0,0.75,0.0,18.09561965811966,13.353552473339164,17.756819058641952,15.903537,XGBoost,15.903537,30.903538
18_416,18.0,416,4,물걸레,적음,48.794,1.0,0.75,15.7,74.88,80.0,13.515,61.951,무충전 완주,0,33.048878205128204,0.0,0.25,0.5,0.0,0.25,0.25,0.5,0.25,0.0,18.048878205128208,14.834748299116619,16.561706508190813,18.08339,XGBoost,18.08339,33.08339
18_417,18.0,417,4,건식,적음,48.793,0.25,0.5,11.4,74.88,80.0,7.474,70.018,무충전 완주,0,24.98130341880342,0.0,0.0,0.75,0.25,0.0,0.0,0.5,0.5,0.0,9.981303418803419,-0.003138397522810976,13.165092740978121,12.594689,XGBoost,12.594689,27.594688
18_429,18.0,429,4,물걸레,많음,48.794,0.5,0.25,9.7,74.88,80.0,13.355,62.165,무충전 완주,0,32.83520299145299,0.0,0.75,0.25,0.0,0.0,0.0,0.75,0.25,0.0,17.83520299145299,21.545665202909312,19.02228899572655,19.246893,XGBoost,19.246893,34.246895
18_434,18.0,434,4,물걸레,많음,48.794,0.25,0.25,9.7,74.88,80.0,17.312,56.88,무충전 완주,0,38.119658119658126,0.0,0.25,0.75,0.0,0.0,0.0,0.75,0.25,0.0,23.119658119658123,20.681924493925678,17.307575454059847,18.423824,XGBoost,18.423824,33.423824
18_439,18.0,439,4,건식,많음,48.794,1.0,0.75,13.100000000000001,74.88,80.0,15.284,59.589,무충전 완주,0,35.41132478632478,0.0,0.25,0.75,0.0,0.0,0.0,0.25,0.75,0.0,20.411324786324787,23.60299119445284,19.999721777065503,20.645279,XGBoost,20.645279,35.64528
18_441,18.0,441,4,물걸레,보통,48.794,0.5,0.75,15.7,74.88,80.0,14.541,60.58,무충전 완주,0,34.41907051282051,0.0,0.25,0.5,0.0,0.25,0.25,0.5,0.25,0.0,19.419070512820515,17.43017379244114,18.472331730769234,19.257664,XGBoost,19.257664,34.257664
18_452,18.0,452,4,건식,보통,48.794,0.25,0.25,9.7,74.88,80.0,8.955,68.041,무충전 완주,0,26.959134615384617,0.0,0.5,0.25,0.0,0.25,0.0,0.75,0.25,0.0,11.959134615384617,2.085262529890443,13.547354285375155,13.457572,XGBoost,13.457572,28.457573
18_456,18.0,456,4,건식,보통,48.793,0.25,1.25,25.2125,74.88,80.0,18.519,55.269,무충전 완주,0,39.73157051282051,0.25,0.25,0.0,0.25,0.25,0.0,0.25,0.5,0.25,24.73157051282051,24.55812132305615,20.722551638176682,20.61979,XGBoost,20.61979,35.61979
18_46,18.0,46,4,건식,많음,48.794,0.5,1.5,23.4,74.88,80.0,19.474,53.993,무충전 완주,0,41.00694444444444,0.5,0.0,0.25,0.0,0.25,0.5,0.0,0.5,0.0,26.006944444444446,35.152337322943815,27.792347756410237,28.864649,XGBoost,28.864649,43.864647
18_466,18.0,466,4,물걸레,많음,48.793,1.0,1.25,25.2125,74.88,80.0,20.298,52.892,무충전 완주,0,42.107371794871796,0.25,0.0,0.75,0.0,0.0,0.0,0.25,0.5,0.25,27.107371794871792,47.158097736568536,33.5583823005698,34.255928,XGBoost,34.255928,49.255928
18_471,18.0,471,4,건식,보통,48.794,0.25,1.25,21.7,74.88,80.0,11.641,64.454,무충전 완주,0,30.546207264957268,0.25,0.0,0.25,0.0,0.5,0.5,0.25,0.25,0.0,15.546207264957266,18.9214372598272,20.633196076685685,19.355848,XGBoost,19.355848,34.35585
18_475,18.0,475,4,물걸레,많음,48.794,0.25,0.5,11.4,74.88,80.0,13.31,62.225,무충전 완주,0,32.77510683760684,0.0,0.0,0.75,0.0,0.25,0.0,0.5,0.5,0.0,17.775106837606838,22.834032314079884,18.684305640347308,20.529455,XGBoost,20.529455,35.529457
18_481,18.0,481,4,물걸레,보통,48.793,0.5,0.25,9.7,74.88,80.0,11.6,64.509,무충전 완주,0,30.49145299145299,0.0,0.5,0.25,0.25,0.0,0.0,0.75,0.25,0.0,15.491452991452991,8.873289333635569,15.064873575498568,15.3806925,XGBoost,15.3806925,30.380692
18_485,18.0,485,4,건식,적음,48.793,0.25,0.75,13.100000000000001,74.88,80.0,10.021,66.617,무충전 완주,0,28.382745726495727,0.0,0.0,0.5,0.0,0.5,0.0,0.25,0.75,0.0,13.38274572649573,1.7788153296169043,12.659334564933507,12.802672,XGBoost,12.802672,27.802673
18_490,18.0,490,4,물걸레,보통,48.794,0.5,0.75,21.8125,74.88,80.0,16.061,58.551,무충전 완주,0,36.448985042735046,0.25,0.25,0.5,0.0,0.0,0.0,0.75,0.0,0.25,21.448985042735043,27.002809154449483,24.551834045583956,23.63248,XGBoost,23.63248,38.63248
18_492,18.0,492,4,물걸레,적음,48.794,0.5,0.75,13.100000000000001,74.88,80.0,13.905,61.43,무충전 완주,0,33.56971153846154,0.0,0.25,0.25,0.25,0.25,0.0,0.25,0.75,0.0,18.56971153846154,9.054850865441523,15.407328837250676,15.824873,XGBoost,15.824873,30.824873
18_5,18.0,5,4,건식,적음,48.794,0.5,0.5,11.4,74.88,80.0,9.611,67.165,무충전 완주,0,27.835202991452995,0.0,0.25,0.5,0.0,0.25,0.0,0.5,0.5,0.0,12.835202991452993,1.2862716115736106,11.764265046296329,12.379384,XGBoost,12.379384,27.379383
18_500,18.0,500,4,물걸레,많음,48.794,0.25,0.25,9.7,74.88,80.0,16.913,57.414,무충전 완주,0,37.58680555555556,0.0,0.75,0.0,0.25,0.0,0.0,0.75,0.25,0.0,22.586805555555557,20.330835001195112,17.037386485042745,17.446033,XGBoost,17.446033,32.446033
18_506,18.0,506,4,물걸레,보통,48.793,0.5,0.25,9.7,74.88,80.0,10.158,66.434,무충전 완주,0,28.565705128205128,0.0,0.25,0.75,0.0,0.0,0.0,0.75,0.25,0.0,13.565705128205128,10.072205534253882,15.554324919871794,16.165854,XGBoost,16.165854,31.165854
18_51,18.0,51,4,물걸레,보통,48.793,0.75,1.5,29.5125,74.88,80.0,21.685,51.04,무충전 완주,0,43.95966880341881,0.5,0.25,0.25,0.0,0.0,0.25,0.25,0.25,0.25,28.959668803418804,38.26664297902087,24.44805021367523,25.871738,XGBoost,25.871738,40.87174
18_517,18.0,517,4,물걸레,보통,48.793,0.0,0.75,15.7,74.88,80.0,14.475,60.669,무충전 완주,0,34.33092948717949,0.25,0.5,0.0,0.0,0.25,0.25,0.5,0.25,0.0,19.33092948717949,16.34192973703003,17.819586894586937,17.632446,XGBoost,17.632446,32.632446
18_52,18.0,52,4,건식,적음,48.794,0.5,0.25,9.7,74.88,80.0,9.799,66.914,무충전 완주,0,28.08627136752137,0.0,0.25,0.75,0.0,0.0,0.0,0.75,0.25,0.0,13.086271367521368,-1.71366291646833,12.819972845441646,12.23489,XGBoost,12.23489,27.23489
18_520,18.0,520,4,건식,보통,48.793,0.5,0.5,11.4,74.88,80.0,9.751,66.977,무충전 완주,0,28.022168803418804,0.0,0.25,0.5,0.25,0.0,0.0,0.5,0.5,0.0,13.022168803418804,6.28714727692951,14.281250000000004,14.918254,XGBoost,14.918254,29.918255
18_523,18.0,523,4,물걸레,많음,48.793,0.75,0.5,11.4,74.88,80.0,15.552,59.231,무충전 완주,0,35.769230769230774,0.0,0.25,0.75,0.0,0.0,0.0,0.5,0.5,0.0,20.76923076923077,26.353128237965315,20.63442307692309,21.3373,XGBoost,21.3373,36.3373
18_524,18.0,524,4,건식,많음,48.793,0.25,0.5,11.4,74.88,80.0,12.5,63.307,무충전 완주,0,31.69337606837607,0.0,0.25,0.5,0.0,0.25,0.0,0.5,0.5,0.0,16.69337606837607,17.639718288141147,19.328537215099715,18.621399,XGBoost,18.621399,33.6214
18_527,18.0,527,4,물걸레,보통,48.793,0.25,0.25,9.7,74.88,80.0,9.002,67.978,무충전 완주,0,27.02190170940171,0.0,0.25,0.75,0.0,0.0,0.0,0.75,0.25,0.0,12.02190170940171,8.232732444238835,12.689364167853713,14.604616,XGBoost,14.604616,29.604616
18_529,18.0,529,4,물걸레,많음,48.794,1.0,0.5,11.4,74.88,80.0,18.649,55.095,무충전 완주,0,39.905181623931625,0.0,0.25,0.75,0.0,0.0,0.0,0.5,0.5,0.0,24.905181623931625,26.656005226798136,22.490246765194684,21.156204,XGBoost,21.156204,36.156204
18_533,18.0,533,4,건식,보통,48.79299999999999,0.5,1.0,23.5125,74.88,80.0,17.606,56.488,무충전 완주,0,38.51228632478633,0.25,0.25,0.5,0.0,0.0,0.0,0.5,0.25,0.25,23.512286324786327,23.663478928999183,21.96972489316236,21.042122,XGBoost,21.042122,36.04212
18_536,18.0,536,4,건식,적음,48.794000000000004,0.0,0.25,9.7,74.88,80.0,9.14,67.793,무충전 완주,0,27.206196581196583,0.0,0.0,0.75,0.25,0.0,0.0,0.75,0.25,0.0,12.206196581196583,-1.628542069527711,11.095597029321006,11.526548,XGBoost,11.526548,26.526548
18_537,18.0,537,4,건식,보통,48.794,0.75,1.25,21.7,74.88,80.0,16.091,58.511,무충전 완주,0,36.48904914529915,0.0,0.0,0.5,0.25,0.25,0.5,0.25,0.25,0.0,21.48904914529915,22.68080092941961,19.04922468542259,19.671629,XGBoost,19.671629,34.67163
18_540,18.0,540,4,건식,많음,48.793,1.0,0.5,11.4,74.88,80.0,14.21,61.023,무충전 완주,0,33.977029914529915,0.0,0.75,0.25,0.0,0.0,0.0,0.5,0.5,0.0,18.977029914529915,21.885281157489125,19.86332710113956,19.570341,XGBoost,19.570341,34.570343
18_545,18.0,545,4,건식,적음,48.794,0.5,1.25,27.8125,74.88,80.0,17.088,57.18,무충전 완주,0,37.82051282051282,0.25,0.0,0.5,0.25,0.0,0.25,0.5,0.0,0.25,22.82051282051282,25.030053460323632,21.508990087844257,21.506514,XGBoost,21.506514,36.506516
18_549,18.0,549,4,건식,적음,48.793,0.75,0.5,11.4,74.88,80.0,10.222,66.349,무충전 완주,0,28.651175213675216,0.0,0.25,0.75,0.0,0.0,0.0,0.5,0.5,0.0,13.651175213675215,2.1180677375562382,12.38331686253559,12.713987,XGBoost,12.713987,27.713987
18_551,18.0,551,4,물걸레,보통,48.793,1.0,1.25,21.7,74.88,80.0,18.916,54.738,무충전 완주,0,40.261752136752136,0.0,0.0,0.5,0.25,0.25,0.5,0.25,0.25,0.0,25.26175213675214,30.03177079680045,20.347398430080705,22.699236,XGBoost,22.699236,37.699234
18_557,18.0,557,4,건식,많음,48.792,1.0,0.75,13.100000000000001,74.88,80.0,15.279,59.596,무충전 완주,0,35.40464743589744,0.0,0.25,0.75,0.0,0.0,0.0,0.25,0.75,0.0,20.404647435897438,24.853271102533704,17.724955781101606,20.40412,XGBoost,20.40412,35.40412
18_559,18.0,559,4,물걸레,보통,48.793,0.0,0.5,14.0,74.88,80.0,12.987,62.656,무충전 완주,0,32.34375,0.25,0.25,0.5,0.0,0.0,0.25,0.75,0.0,0.0,17.343750000000004,14.275092365638265,16.188334668803428,16.722103,XGBoost,16.722103,31.722103
18_565,18.0,565,4,물걸레,적음,48.793,0.0,0.0,8.0,74.88,80.0,9.108,67.836,무충전 완주,0,27.16346153846154,0.0,0.25,0.75,0.0,0.0,0.0,1.0,0.0,0.0,12.16346153846154,7.442170752912844,11.546134821004644,11.296581,XGBoost,11.296581,26.296581
18_576,18.0,576,4,물걸레,많음,48.793,0.5,0.5,11.4,74.88,80.0,13.763,61.619,무충전 완주,0,33.38007478632478,0.0,0.5,0.25,0.0,0.25,0.0,0.5,0.5,0.0,18.380074786324787,24.768143943236616,21.130324074074025,22.063738,XGBoost,22.063738,37.063736
18_578,18.0,578,4,건식,적음,48.793,0.5,0.5,11.4,74.88,80.0,9.726,67.012,무충전 완주,0,27.98878205128205,0.0,0.25,0.75,0.0,0.0,0.0,0.5,0.5,0.0,12.988782051282053,1.1690565798101673,12.650701418566014,13.077204,XGBoost,13.077204,28.077204
18_579,18.0,579,4,물걸레,보통,48.792,0.75,1.25,21.7,74.88,80.0,18.095,55.835,무충전 완주,0,39.16533119658119,0.0,0.25,0.25,0.25,0.25,0.5,0.25,0.25,0.0,24.165331196581196,28.329571470311933,19.682399988129124,21.804548,XGBoost,21.804548,36.80455
18_58,18.0,58,4,물걸레,보통,48.793,0.0,0.75,15.7,74.88,80.0,13.026,62.604,무충전 완주,0,32.395833333333336,0.25,0.25,0.25,0.0,0.25,0.25,0.5,0.25,0.0,17.395833333333336,16.38456496141125,17.386565128544323,18.103104,XGBoost,18.103104,33.103104
18_580,18.0,580,4,건식,보통,48.793,1.0,1.25,25.2125,74.88,80.0,14.102,61.168,무충전 완주,0,33.83279914529915,0.0,0.25,0.5,0.25,0.0,0.0,0.25,0.5,0.25,18.83279914529915,30.422777126631743,24.722044159544204,24.768923,XGBoost,24.768923,39.76892
18_583,18.0,583,4,건식,많음,48.794,0.5,0.25,9.7,74.88,80.0,12.531,63.265,무충전 완주,0,31.734775641025642,0.0,0.25,0.75,0.0,0.0,0.0,0.75,0.25,0.0,16.734775641025642,16.299347862210112,17.943159054487204,17.935877,XGBoost,17.935877,32.935875
18_585,18.0,585,4,물걸레,적음,48.794,0.5,0.5,11.4,74.88,80.0,8.547,68.586,무충전 완주,0,26.41426282051282,0.0,0.25,0.75,0.0,0.0,0.0,0.5,0.5,0.0,11.414262820512821,6.32073538136769,13.376956166904087,14.61828,XGBoost,14.61828,29.61828
18_588,18.0,588,4,건식,적음,48.794,0.25,0.75,21.8125,74.88,80.0,15.79,58.913,무충전 완주,0,36.08707264957265,0.25,0.0,0.75,0.0,0.0,0.0,0.75,0.0,0.25,21.08707264957265,14.490473758266532,19.617874556963155,20.248146,XGBoost,20.248146,35.248146
18_589,18.0,589,4,건식,보통,48.794,0.25,0.75,21.8125,74.88,80.0,14.516,60.614,무충전 완주,0,34.38568376068376,0.25,0.5,0.25,0.0,0.0,0.0,0.75,0.0,0.25,19.38568376068376,19.789113050591567,20.194177350427346,18.882116,XGBoost,18.882116,33.88212
18_591,18.0,591,4,물걸레,보통,48.793,0.0,0.0,8.0,74.88,80.0,10.345,66.185,무충전 완주,0,28.815438034188034,0.0,0.0,1.0,0.0,0.0,0.0,1.0,0.0,0.0,13.815438034188036,12.868715718381523,14.538818776709398,13.15004,XGBoost,13.15004,28.15004
18_592,18.0,592,4,건식,보통,48.794,1.0,1.25,19.1,74.88,80.0,11.717,64.352,무충전 완주,0,30.647702991452995,0.0,0.0,0.5,0.5,0.0,0.25,0.0,0.75,0.0,15.647702991452995,20.397026316537556,20.300030419040834,19.8893,XGBoost,19.8893,34.889297
18_593,18.0,593,4,건식,적음,48.793,0.0,0.5,14.0,74.88,80.0,10.499,65.979,무충전 완주,0,29.02110042735043,0.25,0.25,0.5,0.0,0.0,0.25,0.75,0.0,0.0,14.02110042735043,3.5595948350891433,13.95446640550809,13.639168,XGBoost,13.639168,28.639168
18_594,18.0,594,4,물걸레,많음,48.794,1.0,0.75,13.100000000000001,74.88,80.0,15.789,58.915,무충전 완주,0,36.08573717948718,0.0,0.0,1.0,0.0,0.0,0.0,0.25,0.75,0.0,21.08573717948718,29.867676140564683,21.632820661206086,22.612772,XGBoost,22.612772,37.61277
18_598,18.0,598,4,건식,많음,48.793,0.25,0.5,11.4,74.88,80.0,12.087,63.859,무충전 완주,0,31.141826923076923,0.0,0.25,0.5,0.0,0.25,0.0,0.5,0.5,0.0,16.141826923076923,17.639718288141147,19.328537215099715,18.621399,XGBoost,18.621399,33.6214
18_603,18.0,603,4,물걸레,많음,48.793,0.25,0.25,9.7,74.88,80.0,14.406,60.761,무충전 완주,0,34.23878205128205,0.0,0.5,0.5,0.0,0.0,0.0,0.75,0.25,0.0,19.23878205128205,20.819198257448583,19.1717600541819,18.109451,XGBoost,18.109451,33.10945
18_614,18.0,614,4,건식,적음,48.795,0.75,1.0,23.5125,74.88,80.0,12.796,62.911,무충전 완주,0,32.08867521367522,0.0,0.0,0.75,0.25,0.0,0.0,0.5,0.25,0.25,17.088675213675213,21.06986296799315,20.977086672008525,22.878052,XGBoost,22.878052,37.87805
18_617,18.0,617,4,물걸레,적음,48.794,0.25,0.25,9.7,74.88,80.0,9.765,66.959,무충전 완주,0,28.040865384615387,0.0,0.25,0.75,0.0,0.0,0.0,0.75,0.25,0.0,13.040865384615385,2.6689137152472355,13.171886722459625,12.943847,XGBoost,12.943847,27.943848
18_625,18.0,625,4,건식,보통,48.794,0.25,0.25,9.7,74.88,80.0,11.028,65.273,무충전 완주,0,29.727564102564102,0.0,0.5,0.5,0.0,0.0,0.0,0.75,0.25,0.0,14.727564102564102,2.6786004424918346,11.610099121557438,13.175425,XGBoost,13.175425,28.175425
18_626,18.0,626,4,건식,보통,48.793,0.25,0.25,9.7,74.88,80.0,9.595,67.187,무충전 완주,0,27.813835470085472,0.0,0.5,0.25,0.25,0.0,0.0,0.75,0.25,0.0,12.813835470085472,2.59269038642784,11.39925213675217,12.6331005,XGBoost,12.6331005,27.6331
18_631,18.0,631,4,물걸레,많음,48.794,0.5,1.0,20.0,74.88,80.0,23.296,48.889,무충전 완주,0,46.111111111111114,0.25,0.5,0.0,0.25,0.0,0.5,0.5,0.0,0.0,31.11111111111111,35.96391306872375,24.749416844729353,28.108465,XGBoost,28.108465,43.108467
18_64,18.0,64,4,물걸레,적음,48.792,0.75,0.5,11.4,74.88,80.0,14.504,60.63,무충전 완주,0,34.36965811965812,0.0,0.25,0.75,0.0,0.0,0.0,0.5,0.5,0.0,19.36965811965812,8.520026447194638,14.98414032822886,15.035505,XGBoost,15.035505,30.035505
18_649,18.0,649,4,건식,보통,48.793,0.75,1.5,29.5125,74.88,80.0,19.61,53.811,무충전 완주,0,41.188568376068375,0.5,0.25,0.25,0.0,0.0,0.25,0.25,0.25,0.25,26.18856837606838,33.82551712182821,25.28415687321937,24.96586,XGBoost,24.96586,39.96586
18_657,18.0,657,4,물걸레,많음,48.793,0.75,0.5,11.4,74.88,80.0,16.696,57.703,무충전 완주,0,37.29700854700855,0.0,0.75,0.0,0.0,0.25,0.0,0.5,0.5,0.0,22.297008547008552,25.67451987660148,20.97081849477679,21.70298,XGBoost,21.70298,36.70298
18_660,18.0,660,4,물걸레,적음,48.793,0.75,1.5,23.4,74.88,80.0,17.295,56.904,무충전 완주,0,38.09695512820513,0.0,0.0,0.0,0.25,0.75,0.5,0.0,0.5,0.0,23.09695512820513,25.214984581138495,20.68452190170942,18.514893,XGBoost,18.514893,33.514893
18_661,18.0,661,4,건식,보통,48.793,0.75,1.25,27.8125,74.88,80.0,17.711,56.347,무충전 완주,0,38.65251068376068,0.25,0.0,0.5,0.0,0.25,0.25,0.5,0.0,0.25,23.65251068376068,32.10582641069884,25.68723735754989,26.794014,XGBoost,26.794014,41.794014
18_676,18.0,676,4,건식,적음,48.794,0.5,1.0,17.4,74.88,80.0,11.904,64.103,무충전 완주,0,30.897435897435898,0.0,0.0,0.5,0.5,0.0,0.25,0.25,0.5,0.0,15.8974358974359,9.521821819312756,16.887118278133904,15.923436,XGBoost,15.923436,30.923435
18_677,18.0,677,4,물걸레,많음,48.793,0.5,0.5,14.0,74.88,80.0,19.559,53.879,무충전 완주,0,41.12045940170941,0.0,0.25,0.5,0.0,0.25,0.25,0.75,0.0,0.0,26.120459401709407,27.53637330956186,22.574668803418835,23.306517,XGBoost,23.306517,38.30652
18_681,18.0,681,4,건식,보통,48.793,0.25,0.75,15.7,74.88,80.0,11.655,64.435,무충전 완주,0,30.564903846153847,0.0,0.25,0.25,0.0,0.5,0.25,0.5,0.25,0.0,15.564903846153847,10.736145920536138,17.71961657169993,16.835222,XGBoost,16.835222,31.835222
18_697,18.0,697,4,건식,많음,48.793,1.0,1.0,23.5125,74.88,80.0,24.338,47.498,무충전 완주,0,47.502670940170944,0.25,0.5,0.25,0.0,0.0,0.0,0.5,0.25,0.25,32.502670940170944,38.57220380895912,29.984920316951605,31.242043,XGBoost,31.242043,46.242043
18_707,18.0,707,4,물걸레,적음,48.794,0.75,1.25,21.7,74.88,80.0,15.659,59.088,무충전 완주,0,35.91212606837607,0.0,0.0,0.25,0.0,0.75,0.5,0.25,0.25,0.0,20.91212606837607,22.598084128828106,20.14633190883194,20.526947,XGBoost,20.526947,35.526947
18_711,18.0,711,4,물걸레,적음,48.793,0.25,0.75,15.7,74.88,80.0,10.651,65.776,무충전 완주,0,29.22409188034188,0.0,0.25,0.25,0.25,0.25,0.25,0.5,0.25,0.0,14.224091880341879,11.011342837543602,16.49506988960111,16.73879,XGBoost,16.73879,31.73879
18_712,18.0,712,4,물걸레,보통,48.794,0.0,0.5,14.0,74.88,80.0,10.468,66.02,무충전 완주,0,28.979700854700855,0.25,0.25,0.5,0.0,0.0,0.25,0.75,0.0,0.0,13.979700854700855,14.095183377734138,16.671592325498622,16.761986,XGBoost,16.761986,31.761986
18_713,18.0,713,4,건식,많음,48.793,1.0,0.75,13.100000000000001,74.88,80.0,13.721,61.676,무충전 완주,0,33.323985042735046,0.0,0.0,1.0,0.0,0.0,0.0,0.25,0.75,0.0,18.323985042735043,24.71599733900716,18.308177528490003,20.729364,XGBoost,20.729364,35.729362
18_722,18.0,722,4,물걸레,많음,48.793,0.75,0.5,11.4,74.88,80.0,14.057,61.228,무충전 완주,0,33.772702991452995,0.0,0.5,0.5,0.0,0.0,0.0,0.5,0.5,0.0,18.772702991452995,25.420031081315116,21.17954059829054,20.684381,XGBoost,20.684381,35.68438
18_723,18.0,723,4,물걸레,많음,48.794,0.25,0.25,9.7,74.88,80.0,14.156,61.096,무충전 완주,0,33.904914529914535,0.0,0.5,0.25,0.0,0.25,0.0,0.75,0.25,0.0,18.90491452991453,20.045951356943064,17.644880698005757,19.404148,XGBoost,19.404148,34.40415
18_725,18.0,725,4,건식,많음,48.793,0.5,0.5,11.4,74.88,80.0,12.241,63.652,무충전 완주,0,31.347489316239315,0.0,0.25,0.5,0.0,0.25,0.0,0.5,0.5,0.0,16.347489316239315,19.479191378156195,19.23417735042737,18.739449,XGBoost,18.739449,33.73945
18_73,18.0,73,4,물걸레,많음,48.793,1.25,1.25,19.1,74.88,80.0,21.52,51.261,무충전 완주,0,43.73931623931624,0.0,0.25,0.5,0.0,0.25,0.25,0.0,0.75,0.0,28.739316239316242,39.38230024019401,27.173059116809096,26.268219,XGBoost,26.268219,41.26822
18_734,18.0,734,4,물걸레,많음,48.793,0.5,0.25,9.7,74.88,80.0,14.336,60.855,무충전 완주,0,34.14529914529915,0.0,0.5,0.5,0.0,0.0,0.0,0.75,0.25,0.0,19.14529914529915,21.76820941519466,19.85400497939562,19.120613,XGBoost,19.120613,34.120613
18_738,18.0,738,4,물걸레,보통,48.793,0.5,1.0,17.4,74.88,80.0,14.796,60.241,무충전 완주,0,34.75961538461539,0.0,0.0,0.5,0.25,0.25,0.25,0.25,0.5,0.0,19.759615384615383,20.089709469132735,18.942956063034206,19.727255,XGBoost,19.727255,34.727257
18_739,18.0,739,4,물걸레,보통,48.793,0.25,0.0,8.0,74.88,80.0,11.696,64.38,무충전 완주,0,30.61965811965812,0.0,0.75,0.25,0.0,0.0,0.0,1.0,0.0,0.0,15.61965811965812,11.48349422096063,13.370335277184264,12.690036,XGBoost,12.690036,27.690037
18_74,18.0,74,4,건식,적음,48.793,0.5,0.75,21.8125,74.88,80.0,13.901,61.436,무충전 완주,0,33.56436965811966,0.25,0.25,0.5,0.0,0.0,0.0,0.75,0.0,0.25,18.56436965811966,15.576758679535516,20.497546550671515,19.353489,XGBoost,19.353489,34.35349
18_759,18.0,759,4,건식,보통,48.793,0.5,1.25,19.1,74.88,80.0,12.355,63.5,무충전 완주,0,31.49973290598291,0.0,0.0,0.25,0.25,0.5,0.25,0.0,0.75,0.0,16.49973290598291,16.867594275444077,18.51760238603987,18.609436,XGBoost,18.609436,33.609436
18_76,18.0,76,4,건식,적음,48.793,0.5,0.5,11.4,74.88,80.0,7.609,69.839,무충전 완주,0,25.16159188034188,0.0,0.0,0.75,0.0,0.25,0.0,0.5,0.5,0.0,10.16159188034188,1.50881582385896,13.574162882834809,13.021177,XGBoost,13.021177,28.021177
18_761,18.0,761,4,물걸레,많음,48.793,0.5,1.0,17.4,74.88,80.0,19.083,54.515,무충전 완주,0,40.48477564102564,0.0,0.0,0.5,0.25,0.25,0.25,0.25,0.5,0.0,25.484775641025642,32.71881050672371,25.429580662393214,25.823566,XGBoost,25.823566,40.823566
18_762,18.0,762,4,건식,적음,48.794,0.25,0.75,15.7,74.88,80.0,11.542,64.586,무충전 완주,0,30.413995726495727,0.25,0.0,0.75,0.0,0.0,0.25,0.5,0.25,0.0,15.413995726495727,4.867815755663379,14.365945512820533,14.27691,XGBoost,14.27691,29.276909
18_767,18.0,767,4,건식,보통,48.793,0.5,1.25,21.7,74.88,80.0,15.025,59.935,무충전 완주,0,35.065438034188034,0.25,0.25,0.0,0.0,0.5,0.5,0.25,0.25,0.0,20.065438034188034,20.89818411336516,21.426076537274472,19.756474,XGBoost,19.756474,34.756474
18_768,18.0,768,4,물걸레,적음,48.793,1.0,1.0,17.4,74.88,80.0,10.669,65.752,무충전 완주,0,29.248130341880344,0.0,0.0,0.75,0.25,0.0,0.25,0.25,0.5,0.0,14.248130341880344,18.087621888409608,18.899935452279184,19.560108,XGBoost,19.560108,34.56011
18_771,18.0,771,4,건식,적음,48.793,0.5,0.5,11.4,74.88,80.0,9.452,67.377,무충전 완주,0,27.622863247863247,0.0,0.5,0.25,0.25,0.0,0.0,0.5,0.5,0.0,12.622863247863247,0.8606023114608234,13.951788046058882,13.548209,XGBoost,13.548209,28.54821
18_772,18.0,772,4,물걸레,적음,48.793,0.25,0.75,15.7,74.88,80.0,12.458,63.362,무충전 완주,0,31.637286324786327,0.0,0.25,0.25,0.5,0.0,0.25,0.5,0.25,0.0,16.637286324786327,11.338861706176871,15.494535701566905,15.698052,XGBoost,15.698052,30.698051
18_776,18.0,776,4,물걸레,많음,48.794000000000004,0.25,0.5,14.0,74.88,80.0,15.064,59.883,무충전 완주,0,35.11752136752137,0.25,0.75,0.0,0.0,0.0,0.25,0.75,0.0,0.0,20.11752136752137,25.38169814228179,20.40962317485757,20.538694,XGBoost,20.538694,35.538696
18_78,18.0,78,4,물걸레,많음,48.793,1.0,1.75,37.325,74.88,80.0,31.741,37.611,무충전 완주,0,57.38915598290598,0.5,0.25,0.25,0.0,0.0,0.0,0.25,0.25,0.5,42.38915598290598,57.97435169001783,39.50731837606824,40.73005,XGBoost,40.73005,55.73005
18_784,18.0,784,4,건식,적음,48.793,1.0,0.75,13.100000000000001,74.88,80.0,9.66,67.1,무충전 완주,0,27.90064102564103,0.0,0.0,1.0,0.0,0.0,0.0,0.25,0.75,0.0,12.900641025641027,6.702986560328711,14.930268132716055,14.151845,XGBoost,14.151845,29.151844
18_786,18.0,786,4,물걸레,적음,48.793,0.25,1.0,20.0,74.88,80.0,13.522,61.941,무충전 완주,0,33.0582264957265,0.25,0.25,0.25,0.0,0.25,0.5,0.5,0.0,0.0,18.058226495726498,16.896916475951308,18.20700231481478,18.959497,XGBoost,18.959497,33.959496
18_787,18.0,787,4,물걸레,많음,48.793,0.25,1.25,27.8125,74.88,80.0,21.918,50.729,무충전 완주,0,44.270833333333336,0.5,0.0,0.5,0.0,0.0,0.25,0.5,0.0,0.25,29.270833333333336,46.33754641712473,28.51206819800561,28.66304,XGBoost,28.66304,43.66304
18_795,18.0,795,4,건식,적음,48.793,0.5,0.5,14.0,74.88,80.0,12.547,63.244,무충전 완주,0,31.756143162393165,0.0,0.0,0.75,0.0,0.25,0.25,0.75,0.0,0.0,16.756143162393165,5.124871898071959,14.777512909544178,14.140141,XGBoost,14.140141,29.14014
18_806,18.0,806,4,물걸레,많음,48.794000000000004,0.5,1.25,21.7,74.88,80.0,22.518,49.927,무충전 완주,0,45.07211538461539,0.25,0.25,0.25,0.25,0.0,0.5,0.25,0.25,0.0,30.07211538461539,38.70935880147571,27.80744747150999,27.587553,XGBoost,27.587553,42.587555
18_809,18.0,809,4,건식,보통,48.793,0.5,0.5,11.4,74.88,80.0,11.832,64.198,무충전 완주,0,30.80128205128205,0.0,0.25,0.5,0.0,0.25,0.0,0.5,0.5,0.0,15.801282051282053,5.95962840829624,15.289084757834756,14.837409,XGBoost,14.837409,29.83741
18_813,18.0,813,4,물걸레,보통,48.794,0.5,1.0,23.5125,74.88,80.0,15.674,59.068,무충전 완주,0,35.93215811965812,0.25,0.0,0.75,0.0,0.0,0.0,0.5,0.25,0.25,20.93215811965812,28.857792954936105,27.011975764397715,22.757816,XGBoost,22.757816,37.757816
18_817,18.0,817,4,물걸레,보통,48.794,0.75,0.75,13.100000000000001,74.88,80.0,10.744,65.652,무충전 완주,0,29.3482905982906,0.0,0.0,1.0,0.0,0.0,0.0,0.25,0.75,0.0,14.3482905982906,15.399102012956824,17.927385223765445,17.068724,XGBoost,17.068724,32.068726
18_819,18.0,819,4,건식,보통,48.794,0.25,0.75,21.8125,74.88,80.0,15.454,59.362,무충전 완주,0,35.638354700854705,0.25,0.5,0.25,0.0,0.0,0.0,0.75,0.0,0.25,20.638354700854702,19.789113050591567,20.194177350427346,18.882116,XGBoost,18.882116,33.88212
18_829,18.0,829,4,물걸레,보통,48.793,0.75,0.5,11.4,74.88,80.0,10.186,66.396,무충전 완주,0,28.603098290598293,0.0,0.25,0.5,0.0,0.25,0.0,0.5,0.5,0.0,13.603098290598293,13.130689287772945,16.007179487179467,17.046703,XGBoost,17.046703,32.046703
18_83,18.0,83,4,건식,적음,48.794,0.5,1.0,20.0,74.88,80.0,11.487,64.659,무충전 완주,0,30.340544871794872,0.0,0.5,0.0,0.25,0.25,0.5,0.5,0.0,0.0,15.340544871794872,13.55979907344743,15.92530715811968,17.488089,XGBoost,17.488089,32.48809
18_844,18.0,844,4,건식,많음,48.791999999999994,0.25,0.5,11.4,74.88,80.0,13.21,62.359,무충전 완주,0,32.64155982905983,0.0,0.25,0.5,0.25,0.0,0.0,0.5,0.5,0.0,17.64155982905983,18.147146144682182,19.705332977208023,18.09488,XGBoost,18.09488,33.09488
18_849,18.0,849,4,물걸레,적음,48.793,0.75,0.75,21.8125,74.88,80.0,13.528,61.933,무충전 완주,0,33.06623931623932,0.0,0.25,0.5,0.25,0.0,0.0,0.75,0.0,0.25,18.06623931623932,24.01582300050928,20.902775106837566,22.21207,XGBoost,22.21207,37.21207
18_850,18.0,850,4,물걸레,적음,48.793,0.0,0.25,9.7,74.88,80.0,8.826,68.213,무충전 완주,0,26.786858974358978,0.0,0.25,0.5,0.0,0.25,0.0,0.75,0.25,0.0,11.786858974358976,3.5128006148272064,12.498322130223132,12.8043585,XGBoost,12.8043585,27.80436
18_857,18.0,857,4,물걸레,많음,48.794,1.5,1.5,29.5125,74.88,80.0,30.798,38.87,무충전 완주,0,56.12980769230769,0.0,0.25,0.25,0.25,0.25,0.25,0.25,0.25,0.25,41.12980769230769,56.19559326756665,31.931820913461483,33.423584,XGBoost,33.423584,48.423584
18_861,18.0,861,4,물걸레,적음,48.793,0.25,0.5,11.4,74.88,80.0,10.906,65.435,무충전 완주,0,29.564636752136753,0.0,0.0,0.75,0.25,0.0,0.0,0.5,0.5,0.0,14.564636752136753,5.3284493919388325,15.127193912376221,14.075541,XGBoost,14.075541,29.07554
18_866,18.0,866,4,건식,적음,48.794,0.25,0.75,21.8125,74.88,80.0,14.467,60.68,무충전 완주,0,34.32024572649573,0.25,0.25,0.5,0.0,0.0,0.0,0.75,0.0,0.25,19.320245726495727,14.44783853388531,19.46069711538464,18.6074,XGBoost,18.6074,33.6074
18_87,18.0,87,4,물걸레,보통,48.794,0.25,0.75,15.7,74.88,80.0,15.955,58.692,무충전 완주,0,36.30742521367522,0.25,0.25,0.5,0.0,0.0,0.25,0.5,0.25,0.0,21.307425213675216,15.540678061831272,17.661548403371327,17.793707,XGBoost,17.793707,32.79371
18_871,18.0,871,4,건식,많음,48.794,0.5,0.5,11.4,74.88,80.0,12.572,63.21,무충전 완주,0,31.789529914529915,0.0,0.25,0.75,0.0,0.0,0.0,0.5,0.5,0.0,16.789529914529915,19.002158370584482,20.54289158950617,19.475548,XGBoost,19.475548,34.475548
18_878,18.0,878,4,건식,많음,48.793,1.0,1.25,25.2125,74.88,80.0,19.834,53.513,무충전 완주,0,41.487713675213676,0.25,0.0,0.75,0.0,0.0,0.0,0.25,0.5,0.25,26.487713675213676,41.826509947106885,33.80333199786328,33.1039,XGBoost,33.1039,48.1039
18_879,18.0,879,4,건식,보통,48.794,1.0,1.0,14.8,74.88,80.0,13.129,62.467,무충전 완주,0,32.53338675213675,0.0,0.0,0.75,0.0,0.25,0.0,0.0,1.0,0.0,17.533386752136753,14.016459909285032,20.869283075142363,17.840282,XGBoost,17.840282,32.840282
18_889,18.0,889,4,물걸레,많음,48.794,0.5,0.25,9.7,74.88,80.0,16.368,58.14,무충전 완주,0,36.85897435897436,0.0,0.25,0.75,0.0,0.0,0.0,0.75,0.25,0.0,21.858974358974358,21.630935651671756,19.052116720085497,19.460882,XGBoost,19.460882,34.460884
18_890,18.0,890,4,물걸레,보통,48.794,0.5,1.0,17.4,74.88,80.0,17.431,56.722,무충전 완주,0,38.27857905982906,0.25,0.25,0.5,0.0,0.0,0.25,0.25,0.5,0.0,23.278579059829063,19.192499727951727,18.142995830365603,18.722757,XGBoost,18.722757,33.722755
18_892,18.0,892,4,물걸레,많음,48.793,0.5,0.75,15.7,74.88,80.0,18.029,55.923,무충전 완주,0,39.07719017094017,0.0,0.25,0.25,0.25,0.25,0.25,0.5,0.25,0.0,24.07719017094017,29.973364773968115,25.11607757597344,24.855776,XGBoost,24.855776,39.855774
18_902,18.0,902,4,물걸레,많음,48.793,0.0,0.5,11.4,74.88,80.0,17.425,56.729,무충전 완주,0,38.27056623931624,0.0,0.0,0.5,0.5,0.0,0.0,0.5,0.5,0.0,23.270566239316242,24.332956950926395,19.41843950320513,18.967514,XGBoost,18.967514,33.967514
18_916,18.0,916,4,물걸레,많음,48.794,0.25,0.5,14.0,74.88,80.0,20.9,52.089,무충전 완주,0,42.91132478632478,0.0,0.25,0.5,0.0,0.25,0.25,0.75,0.0,0.0,27.911324786324787,26.407453163911654,21.129619168447345,22.935362,XGBoost,22.935362,37.935364
18_928,18.0,928,4,건식,적음,48.793,0.5,0.5,14.0,74.88,80.0,10.791,65.59,무충전 완주,0,29.411057692307693,0.0,0.25,0.5,0.25,0.0,0.25,0.75,0.0,0.0,14.411057692307693,4.51929361005503,14.7783572234093,15.158262,XGBoost,15.158262,30.158262
18_933,18.0,933,4,건식,많음,48.793,0.75,0.75,13.100000000000001,74.88,80.0,13.808,61.559,무충전 완주,0,33.440170940170944,0.0,0.25,0.5,0.0,0.25,0.0,0.25,0.75,0.0,18.44017094017094,23.13101304427665,21.04570305080732,20.35551,XGBoost,20.35551,35.35551
18_938,18.0,938,4,물걸레,많음,48.793,1.0,1.25,25.2125,74.88,80.0,17.613,56.479,무충전 완주,0,38.52163461538461,0.25,0.0,0.75,0.0,0.0,0.0,0.25,0.5,0.25,23.521634615384617,47.158097736568536,33.5583823005698,34.255928,XGBoost,34.255928,49.255928
18_942,18.0,942,4,물걸레,적음,48.793,0.5,0.75,13.100000000000001,74.88,80.0,10.358,66.167,무충전 완주,0,28.83279914529915,0.0,0.25,0.5,0.0,0.25,0.0,0.25,0.75,0.0,13.832799145299147,8.610116965044803,13.442349870904533,14.741072,XGBoost,14.741072,29.741072
18_945,18.0,945,4,물걸레,적음,48.793,0.25,0.5,11.4,74.88,80.0,9.171,67.753,무충전 완주,0,27.247596153846153,0.0,0.25,0.5,0.0,0.25,0.0,0.5,0.5,0.0,12.247596153846153,4.958295298924341,13.98614004629632,13.84058,XGBoost,13.84058,28.84058
18_960,18.0,960,4,건식,많음,48.794,0.0,0.25,9.7,74.88,80.0,13.41,62.091,무충전 완주,0,32.90865384615385,0.0,0.5,0.25,0.0,0.25,0.0,0.75,0.25,0.0,17.908653846153847,15.971679391758656,17.700799056267744,17.566147,XGBoost,17.566147,32.566147
18_963,18.0,963,4,건식,적음,48.793,0.5,1.25,19.1,74.88,80.0,11.969,64.015,무충전 완주,0,30.984241452991455,0.25,0.0,0.5,0.0,0.25,0.25,0.0,0.75,0.0,15.984241452991455,10.809019005460932,16.991653311965806,14.521293,XGBoost,14.521293,29.521294
18_968,18.0,968,4,건식,많음,48.793,0.25,0.5,11.4,74.88,80.0,10.598,65.846,무충전 완주,0,29.153311965811966,0.0,0.25,0.5,0.25,0.0,0.0,0.5,0.5,0.0,14.153311965811968,17.967237156774416,19.736899038461583,18.211527,XGBoost,18.211527,33.211525
18_972,18.0,972,4,건식,많음,48.793,0.0,0.25,9.7,74.88,80.0,13.468,62.014,무충전 완주,0,32.986111111111114,0.0,0.25,0.5,0.0,0.25,0.0,0.75,0.25,0.0,17.98611111111111,16.194223604044005,17.441733440170907,17.375505,XGBoost,17.375505,32.375504
18_983,18.0,983,4,건식,많음,48.793,0.0,1.0,20.0,74.88,80.0,15.436,59.385,무충전 완주,0,35.61431623931624,0.5,0.0,0.5,0.0,0.0,0.5,0.5,0.0,0.0,20.614316239316242,29.937805940962775,24.80501246438752,24.060555,XGBoost,24.060555,39.060555
18_994,18.0,994,4,물걸레,보통,48.792,0.0,0.0,8.0,74.88,80.0,8.284,68.937,무충전 완주,0,26.063034188034187,0.0,0.25,0.75,0.0,0.0,0.0,1.0,0.0,0.0,11.06303418803419,13.005989481908074,11.427446136039878,12.46551,XGBoost,12.46551,27.465511
18_996,18.0,996,4,건식,많음,48.793,0.75,0.75,15.7,74.88,80.0,18.863,54.81,무충전 완주,0,40.19097222222223,0.0,0.5,0.0,0.0,0.5,0.25,0.5,0.25,0.0,25.190972222222225,25.22063404923805,24.470650819088284,20.403011,XGBoost,20.403011,35.40301
18_997,18.0,997,4,건식,많음,48.794,0.75,0.75,21.8125,74.88,80.0,21.08,51.849,무충전 완주,0,43.1517094017094,0.25,0.5,0.25,0.0,0.0,0.0,0.75,0.0,0.25,28.1517094017094,35.206698335943685,27.852788906695103,28.793808,XGBoost,28.793808,43.793808
24_100,24.0,100,4,건식,보통,65.057,0.75,1.0,17.4,74.88,80.0,16.865,57.478,무충전 완주,0,37.52270299145299,0.25,0.25,0.5,0.0,0.0,0.25,0.25,0.5,0.0,22.52270299145299,22.376281148424475,24.151962028133894,24.173283,XGBoost,24.173283,39.173283
24_102,24.0,102,4,건식,적음,65.059,0.5,0.25,9.7,74.88,80.0,10.611,65.83,무충전 완주,0,29.17067307692308,0.0,0.5,0.5,0.0,0.0,0.0,0.75,0.25,0.0,14.17067307692308,4.559780003259718,16.455073514448536,16.436775,XGBoost,16.436775,31.436775
24_106,24.0,106,4,물걸레,적음,65.059,0.25,0.5,14.0,74.88,80.0,17.5,56.629,무충전 완주,0,38.3707264957265,0.0,0.0,0.75,0.0,0.25,0.25,0.75,0.0,0.0,23.370726495726498,14.753155753723696,20.08614190111587,21.334694,XGBoost,21.334694,36.334694
24_107,24.0,107,4,물걸레,많음,65.05799999999999,1.0,0.75,13.100000000000001,74.88,80.0,24.027,47.912,무충전 완주,0,47.08733974358975,0.0,0.25,0.5,0.25,0.0,0.0,0.25,0.75,0.0,32.08733974358975,35.588983823221426,30.160324148266877,30.521582,XGBoost,30.521582,45.521584
24_113,24.0,113,4,건식,적음,65.059,1.0,1.0,17.4,74.88,80.0,15.23,59.661,무충전 완주,0,35.339209401709404,0.0,0.25,0.5,0.0,0.25,0.25,0.25,0.5,0.0,20.339209401709404,17.631587229869638,22.6083652362298,23.997858,XGBoost,23.997858,38.997856
24_114,24.0,114,4,물걸레,많음,65.059,0.5,0.75,13.100000000000001,74.88,80.0,22.262,50.269,무충전 완주,0,44.730235042735046,0.0,0.25,0.5,0.0,0.25,0.0,0.25,0.75,0.0,29.730235042735043,32.75929689992839,30.23063167735037,29.806261,XGBoost,29.806261,44.80626
24_116,24.0,116,4,건식,많음,65.057,0.5,0.75,15.7,74.88,80.0,23.724,48.318,무충전 완주,0,46.68269230769231,0.0,0.25,0.5,0.0,0.25,0.25,0.5,0.25,0.0,31.68269230769231,31.40358316048981,26.752463200379907,28.86426,XGBoost,28.86426,43.864258
24_118,24.0,118,4,물걸레,많음,65.05799999999999,0.0,0.5,14.0,74.88,80.0,22.724,49.653,무충전 완주,0,45.34722222222223,0.25,0.25,0.5,0.0,0.0,0.25,0.75,0.0,0.0,30.347222222222225,33.22027154734214,27.423422290479582,27.392115,XGBoost,27.392115,42.392113
24_12,24.0,12,4,물걸레,많음,65.05799999999999,0.75,1.0,17.4,74.88,80.0,26.683,44.365,무충전 완주,0,50.6343482905983,0.0,0.0,0.75,0.25,0.0,0.25,0.25,0.5,0.0,35.6343482905983,40.57723772118408,30.53745548433047,35.182728,XGBoost,35.182728,50.182728
24_120,24.0,120,4,건식,보통,65.057,0.75,0.25,9.7,74.88,80.0,11.239,64.991,무충전 완주,0,30.009348290598293,0.0,0.5,0.5,0.0,0.0,0.0,0.75,0.25,0.0,15.009348290598293,12.142980810172311,19.100377047720777,18.736952,XGBoost,18.736952,33.736954
24_122,24.0,122,4,건식,많음,65.057,0.25,1.0,17.4,74.88,80.0,18.691,55.039,무충전 완주,0,39.96127136752136,0.0,0.25,0.0,0.25,0.5,0.25,0.25,0.5,0.0,24.961271367521366,32.29822555454859,29.19114731718887,28.15273,XGBoost,28.15273,43.152733
24_128,24.0,128,4,물걸레,보통,65.05799999999999,1.0,0.5,11.4,74.88,80.0,17.544,56.571,무충전 완주,0,38.42948717948718,0.0,0.25,0.75,0.0,0.0,0.0,0.5,0.5,0.0,23.429487179487182,20.522891321224193,25.303313375474865,23.000092,XGBoost,23.000092,38.00009
24_129,24.0,129,4,물걸레,적음,65.05799999999999,0.5,1.0,17.4,74.88,80.0,15.121,59.806,무충전 완주,0,35.193643162393165,0.25,0.0,0.75,0.0,0.0,0.25,0.25,0.5,0.0,20.193643162393165,20.347212343262505,20.533325468898386,22.848959,XGBoost,22.848959,37.84896
24_132,24.0,132,4,건식,적음,65.05799999999999,0.5,0.25,9.7,74.88,80.0,11.96,64.028,무충전 완주,0,30.97222222222222,0.0,0.5,0.25,0.25,0.0,0.0,0.75,0.25,0.0,15.972222222222223,4.473869947199361,17.536756800298487,16.543657,XGBoost,16.543657,31.543657
24_135,24.0,135,4,건식,적음,65.057,0.5,0.75,21.8125,74.88,80.0,15.694,59.041,무충전 완주,0,35.95886752136752,0.25,0.25,0.5,0.0,0.0,0.0,0.75,0.0,0.25,20.958867521367523,22.96320774381971,26.056988960113976,25.582607,XGBoost,25.582607,40.582607
24_136,24.0,136,4,물걸레,보통,65.058,1.0,0.5,11.4,74.88,80.0,19.338,54.175,무충전 완주,0,40.82532051282051,0.0,0.25,0.75,0.0,0.0,0.0,0.5,0.5,0.0,25.825320512820515,20.989116502233323,25.303313375474865,23.393635,XGBoost,23.393635,38.393635
24_138,24.0,138,4,물걸레,많음,65.057,0.75,1.0,17.4,74.88,80.0,22.483,49.974,무충전 완주,0,45.02537393162393,0.0,0.0,0.5,0.5,0.0,0.25,0.25,0.5,0.0,30.025373931623932,41.381789597387254,34.234764660493845,36.657684,XGBoost,36.657684,51.657684
24_14,24.0,14,4,건식,보통,65.05799999999999,0.5,1.0,17.4,74.88,80.0,20.588,52.505,무충전 완주,0,42.494658119658126,0.0,0.25,0.25,0.25,0.25,0.25,0.25,0.5,0.0,27.494658119658123,21.03156459940277,25.604958494437717,23.836077,XGBoost,23.836077,38.836075
24_140,24.0,140,4,건식,보통,65.057,0.75,0.25,9.7,74.88,80.0,13.957,61.361,무충전 완주,0,33.63915598290599,0.0,1.0,0.0,0.0,0.0,0.0,0.75,0.25,0.0,18.639155982905987,12.057710361409875,19.30976599596389,19.795702,XGBoost,19.795702,34.7957
24_146,24.0,146,4,물걸레,많음,65.058,0.5,0.25,9.7,74.88,80.0,19.358,54.148,무충전 완주,0,40.85202991452992,0.0,0.25,0.75,0.0,0.0,0.0,0.75,0.25,0.0,25.85202991452992,28.12692278368697,24.066264478191524,25.653467,XGBoost,25.653467,40.653465
24_148,24.0,148,4,물걸레,많음,65.05799999999999,0.25,0.25,9.7,74.88,80.0,20.779,52.25,무충전 완주,0,42.74973290598291,0.0,0.5,0.5,0.0,0.0,0.0,0.75,0.25,0.0,27.74973290598291,27.13527640156149,24.837601495726478,23.541807,XGBoost,23.541807,38.54181
24_149,24.0,149,4,물걸레,보통,65.05799999999999,0.0,0.75,15.7,74.88,80.0,17.097,57.167,무충전 완주,0,37.83253205128206,0.25,0.5,0.0,0.0,0.25,0.25,0.5,0.25,0.0,22.832532051282055,22.65800788114293,24.84076982431149,24.58291,XGBoost,24.58291,39.58291
24_15,24.0,15,4,건식,많음,65.05799999999999,0.75,1.25,27.8125,74.88,80.0,31.597,37.804,무충전 완주,0,57.1968482905983,0.0,0.0,0.5,0.5,0.0,0.25,0.5,0.0,0.25,42.1968482905983,52.646527902533045,44.82159751899333,45.578728,XGBoost,45.578728,60.578728
24_153,24.0,153,4,건식,적음,65.057,0.0,0.25,9.7,74.88,80.0,10.118,66.487,무충전 완주,0,28.512286324786327,0.0,0.0,0.75,0.25,0.0,0.0,0.75,0.25,0.0,13.512286324786327,5.0473540503952705,15.451125578703719,15.554477,XGBoost,15.554477,30.554478
24_165,24.0,165,4,물걸레,많음,65.057,1.0,1.25,25.2125,74.88,80.0,26.771,44.248,무충전 완주,0,50.75186965811966,0.0,0.25,0.5,0.25,0.0,0.0,0.25,0.5,0.25,35.75186965811966,54.87945308569958,43.58420361467225,44.56088,XGBoost,44.56088,59.56088
24_166,24.0,166,4,물걸레,적음,65.05799999999999,0.25,0.75,21.8125,74.88,80.0,22.34,50.166,무충전 완주,0,44.83440170940171,0.25,0.5,0.25,0.0,0.0,0.0,0.75,0.0,0.25,29.83440170940171,26.232778230982778,27.05120192307692,25.95111,XGBoost,25.95111,40.95111
24_169,24.0,169,4,물걸레,많음,65.057,0.25,1.25,21.7,74.88,80.0,29.014,41.252,무충전 완주,0,53.74732905982906,0.5,0.25,0.25,0.0,0.0,0.5,0.25,0.25,0.0,38.74732905982906,43.168240322155555,37.33363603988614,35.651978,XGBoost,35.651978,50.651978
24_17,24.0,17,4,건식,보통,65.05799999999999,0.75,1.25,27.8125,74.88,80.0,22.524,49.919,무충전 완주,0,45.080128205128204,0.0,0.0,0.5,0.25,0.25,0.25,0.5,0.0,0.25,30.080128205128208,39.6899079963088,34.344477831196514,35.029194,XGBoost,35.029194,50.029194
24_174,24.0,174,4,건식,많음,65.05799999999999,0.25,1.5,23.4,74.88,80.0,29.514,40.585,무충전 완주,0,54.4150641025641,0.25,0.0,0.0,0.5,0.25,0.5,0.0,0.5,0.0,39.4150641025641,40.81103576247474,39.79460470085471,33.68151,XGBoost,33.68151,48.68151
24_177,24.0,177,4,물걸레,많음,65.05799999999999,0.5,1.0,17.4,74.88,80.0,19.711,53.677,무충전 완주,0,41.32345085470085,0.25,0.25,0.5,0.0,0.0,0.25,0.25,0.5,0.0,26.32345085470085,38.31758789755973,32.17331582383663,33.33828,XGBoost,33.33828,48.33828
24_186,24.0,186,4,건식,많음,65.057,0.5,0.25,9.7,74.88,80.0,16.775,57.598,무충전 완주,0,37.40251068376068,0.0,0.0,1.0,0.0,0.0,0.0,0.75,0.25,0.0,22.40251068376068,23.908341138779647,21.921250074192773,22.916376,XGBoost,22.916376,37.916374
24_191,24.0,191,4,물걸레,적음,65.05799999999999,0.5,0.5,14.0,74.88,80.0,15.882,58.79,무충전 완주,0,36.2099358974359,0.25,0.5,0.25,0.0,0.0,0.25,0.75,0.0,0.0,21.209935897435898,14.856320877751315,20.144781936813178,20.31504,XGBoost,20.31504,35.31504
24_201,24.0,201,4,물걸레,적음,65.05799999999999,0.5,0.75,15.7,74.88,80.0,15.523,59.27,무충전 완주,0,35.730502136752136,0.25,0.5,0.25,0.0,0.0,0.25,0.5,0.25,0.0,20.730502136752136,18.44959331839467,22.563065349002816,21.934021,XGBoost,21.934021,36.93402
24_209,24.0,209,4,건식,많음,65.058,0.25,0.25,9.7,74.88,80.0,14.97,60.008,무충전 완주,0,34.99198717948718,0.0,0.25,0.75,0.0,0.0,0.0,0.75,0.25,0.0,19.991987179487182,21.846323836479243,22.51512664707972,21.770844,XGBoost,21.770844,36.770844
24_212,24.0,212,4,건식,보통,65.059,0.75,0.25,9.7,74.88,80.0,12.645,63.114,무충전 완주,0,31.887019230769234,0.0,0.5,0.5,0.0,0.0,0.0,0.75,0.25,0.0,16.887019230769234,10.89270090209326,18.15384021842353,18.009386,XGBoost,18.009386,33.009384
24_213,24.0,213,4,물걸레,적음,65.05799999999999,0.25,0.5,14.0,74.88,80.0,16.675,57.732,무충전 완주,0,37.268963675213676,0.25,0.25,0.5,0.0,0.0,0.25,0.75,0.0,0.0,22.268963675213676,13.949944944386466,19.33710044006917,20.910015,XGBoost,20.910015,35.910015
24_214,24.0,214,4,건식,많음,65.05799999999999,0.5,0.75,15.7,74.88,80.0,22.422,50.056,무충전 완주,0,44.94391025641026,0.25,0.5,0.25,0.0,0.0,0.25,0.5,0.25,0.0,29.943910256410263,31.131016307611468,30.260657051281985,28.00681,XGBoost,28.00681,43.00681
24_226,24.0,226,4,건식,적음,65.057,0.5,0.75,13.100000000000001,74.88,80.0,16.044,58.573,무충전 완주,0,36.42628205128205,0.0,0.0,0.75,0.25,0.0,0.0,0.25,0.75,0.0,21.42628205128205,10.144670400612867,17.141542319563136,18.27425,XGBoost,18.27425,33.27425
24_228,24.0,228,4,물걸레,보통,65.05799999999999,0.75,1.0,17.4,74.88,80.0,21.688,51.037,무충전 완주,0,43.96367521367522,0.25,0.25,0.5,0.0,0.0,0.25,0.25,0.5,0.0,28.963675213675216,27.527959949983817,27.12629688983851,26.73017,XGBoost,26.73017,41.73017
24_23,24.0,23,4,건식,적음,65.05799999999999,0.0,0.25,9.7,74.88,80.0,11.233,64.999,무충전 완주,0,30.001335470085472,0.0,0.0,0.75,0.25,0.0,0.0,0.75,0.25,0.0,15.001335470085472,4.867445062492962,15.19111897554606,15.580799,XGBoost,15.580799,30.5808
24_232,24.0,232,4,물걸레,보통,65.05799999999999,0.25,0.5,11.4,74.88,80.0,13.127,62.47,무충전 완주,0,32.53071581196581,0.0,0.25,0.5,0.25,0.0,0.0,0.5,0.5,0.0,17.530715811965813,16.98580205275799,21.602053253459463,21.389887,XGBoost,21.389887,36.389885
24_236,24.0,236,4,물걸레,보통,65.05799999999999,0.75,1.0,23.5125,74.88,80.0,29.728,40.299,무충전 완주,0,54.700854700854705,0.25,0.25,0.5,0.0,0.0,0.0,0.5,0.25,0.25,39.700854700854705,37.15061795258697,33.323548789173756,34.082317,XGBoost,34.082317,49.082317
24_245,24.0,245,4,물걸레,많음,65.059,0.75,1.75,31.2125,74.88,80.0,34.491,33.938,무충전 완주,0,61.061698717948715,0.5,0.0,0.25,0.25,0.0,0.25,0.0,0.5,0.25,46.061698717948715,60.402001793873445,48.500999482770276,51.13633,XGBoost,51.13633,66.13633
24_25,24.0,25,4,물걸레,보통,65.05799999999999,0.5,0.25,9.7,74.88,80.0,17.408,56.752,무충전 완주,0,38.24786324786325,0.0,0.5,0.5,0.0,0.0,0.0,0.75,0.25,0.0,23.24786324786325,15.455186521716598,19.291898741690378,20.693218,XGBoost,20.693218,35.69322
24_253,24.0,253,4,물걸레,보통,65.058,0.25,1.0,20.0,74.88,80.0,17.384,56.784,무충전 완주,0,38.215811965811966,0.25,0.25,0.25,0.25,0.0,0.5,0.5,0.0,0.0,23.215811965811966,28.92442322978313,26.455214268755928,26.401957,XGBoost,26.401957,41.401955
24_255,24.0,255,4,건식,적음,65.058,1.0,1.0,23.5125,74.88,80.0,20.098,53.16,무충전 완주,0,41.84027777777778,0.25,0.25,0.5,0.0,0.0,0.0,0.5,0.25,0.25,26.84027777777778,27.384131579783933,29.53294604700856,29.092283,XGBoost,29.092283,44.092285
24_256,24.0,256,4,건식,많음,65.05799999999999,0.25,1.25,19.1,74.88,80.0,27.931,42.699,무충전 완주,0,52.30101495726496,0.0,0.0,0.0,0.25,0.75,0.25,0.0,0.75,0.0,37.30101495726496,34.270424386800485,31.07316595441592,29.367218,XGBoost,29.367218,44.367218
24_257,24.0,257,4,건식,적음,65.057,1.25,0.75,13.100000000000001,74.88,80.0,13.107,62.496,무충전 완주,0,32.50400641025641,0.0,0.5,0.5,0.0,0.0,0.0,0.25,0.75,0.0,17.50400641025641,13.596489220316627,19.736180852326708,19.25828,XGBoost,19.25828,34.258278
24_260,24.0,260,4,물걸레,보통,65.058,0.5,1.0,17.4,74.88,80.0,17.609,56.483,무충전 완주,0,38.51629273504274,0.0,0.0,0.5,0.0,0.5,0.25,0.25,0.5,0.0,23.516292735042736,26.078268744610554,25.720826210826168,26.99432,XGBoost,26.99432,41.99432
24_261,24.0,261,4,물걸레,보통,65.05799999999999,0.75,1.0,17.4,74.88,80.0,18.914,54.741,무충전 완주,0,40.2590811965812,0.0,0.0,0.5,0.25,0.25,0.25,0.25,0.5,0.0,25.2590811965812,28.245260703260698,26.765506439933485,27.791061,XGBoost,27.791061,42.79106
24_263,24.0,263,4,물걸레,적음,65.05799999999999,1.25,1.25,19.1,74.88,80.0,19.549,53.892,무충전 완주,0,41.1071047008547,0.0,0.0,0.75,0.0,0.25,0.25,0.0,0.75,0.0,26.1071047008547,27.7280028300097,24.942332917853754,26.15298,XGBoost,26.15298,41.15298
24_268,24.0,268,4,건식,적음,65.05799999999999,0.5,0.75,15.7,74.88,80.0,13.625,61.804,무충전 완주,0,33.195779914529915,0.0,0.0,0.75,0.0,0.25,0.25,0.5,0.25,0.0,18.195779914529915,13.253298618290266,20.430005787036993,20.47734,XGBoost,20.47734,35.47734
24_272,24.0,272,4,물걸레,적음,65.059,0.75,0.75,21.8125,74.88,80.0,16.737,57.648,무충전 완주,0,37.35176282051282,0.25,0.5,0.25,0.0,0.0,0.0,0.75,0.0,0.25,22.351762820512818,27.950891558567168,30.139810363247882,29.530901,XGBoost,29.530901,44.5309
24_276,24.0,276,4,건식,적음,65.057,0.5,1.25,19.1,74.88,80.0,18.264,55.608,무충전 완주,0,39.391025641025635,0.25,0.0,0.5,0.0,0.25,0.25,0.0,0.75,0.0,24.39102564102564,17.30500613747615,20.350631380579312,20.101477,XGBoost,20.101477,35.10148
24_278,24.0,278,4,물걸레,많음,65.05799999999999,0.5,1.75,37.325,74.88,80.0,38.258,28.907,무충전 완주,0,66.09241452991454,0.5,0.0,0.25,0.0,0.25,0.0,0.25,0.25,0.5,51.092414529914535,61.84170483041659,50.317661591880444,54.518852,XGBoost,54.518852,69.51885
24_281,24.0,281,4,건식,많음,65.05799999999999,0.25,0.5,14.0,74.88,80.0,22.598,49.821,무충전 완주,0,45.17895299145299,0.0,0.0,0.75,0.25,0.0,0.25,0.75,0.0,0.0,30.178952991452988,27.942006599481537,27.042050614316373,25.62872,XGBoost,25.62872,40.62872
24_292,24.0,292,4,건식,보통,65.058,0.5,0.5,11.4,74.88,80.0,17.267,56.941,무충전 완주,0,38.059561965811966,0.0,0.0,1.0,0.0,0.0,0.0,0.5,0.5,0.0,23.059561965811966,12.911679689389942,20.008270889507862,19.84968,XGBoost,19.84968,34.849678
24_298,24.0,298,4,건식,보통,65.05799999999999,0.75,1.25,25.2125,74.88,80.0,21.252,51.619,무충전 완주,0,43.381410256410255,0.25,0.0,0.5,0.25,0.0,0.0,0.25,0.5,0.25,28.381410256410255,34.29865685191462,32.27259615384613,33.27348,XGBoost,33.27348,48.27348
24_316,24.0,316,4,건식,보통,65.057,0.25,0.25,9.7,74.88,80.0,13.206,62.364,무충전 완주,0,32.63621794871795,0.0,0.0,1.0,0.0,0.0,0.0,0.75,0.25,0.0,17.63621794871795,9.439767011173622,17.587418907288704,17.411608,XGBoost,17.411608,32.411606
24_318,24.0,318,4,건식,보통,65.057,0.25,1.5,29.5125,74.88,80.0,24.807,46.871,무충전 완주,0,48.12900641025641,0.5,0.0,0.25,0.0,0.25,0.25,0.25,0.25,0.25,33.12900641025641,36.98231731786029,29.633653846153884,32.276436,XGBoost,32.276436,47.276436
24_326,24.0,326,4,물걸레,많음,65.05799999999999,0.25,0.25,9.7,74.88,80.0,15.395,59.44,무충전 완주,0,35.559561965811966,0.0,0.25,0.75,0.0,0.0,0.0,0.75,0.25,0.0,20.559561965811966,27.177911625942713,24.78571619352867,23.973267,XGBoost,23.973267,38.973267
24_331,24.0,331,4,물걸레,보통,65.057,0.5,1.5,29.5125,74.88,80.0,25.797,45.549,무충전 완주,0,49.451121794871796,0.25,0.25,0.0,0.5,0.0,0.25,0.25,0.25,0.25,34.451121794871796,44.81580335081712,32.26741007834759,37.009037,XGBoost,37.009037,52.009037
24_333,24.0,333,4,물걸레,많음,65.05799999999999,0.0,0.0,8.0,74.88,80.0,15.584,59.189,무충전 완주,0,35.81196581196581,0.0,0.5,0.5,0.0,0.0,0.0,1.0,0.0,0.0,20.811965811965813,31.728624451322972,22.93742245087733,21.64662,XGBoost,21.64662,36.64662
24_335,24.0,335,4,건식,많음,65.05799999999999,1.0,1.5,35.625,74.88,80.0,32.363,36.78,무충전 완주,0,58.21981837606838,0.5,0.25,0.25,0.0,0.0,0.0,0.5,0.0,0.5,43.21981837606838,57.14649346856369,50.501046415004694,54.966625,XGBoost,54.966625,69.96663
24_348,24.0,348,4,건식,적음,65.05799999999999,0.75,0.25,9.7,74.88,80.0,10.218,66.354,무충전 완주,0,28.645833333333336,0.0,0.75,0.25,0.0,0.0,0.0,0.75,0.25,0.0,13.645833333333336,6.536526856801316,19.370407466761613,17.13393,XGBoost,17.13393,32.13393
24_351,24.0,351,4,건식,보통,65.05799999999999,0.25,0.0,8.0,74.88,80.0,12.191,63.72,무충전 완주,0,31.280715811965816,0.0,1.0,0.0,0.0,0.0,0.0,1.0,0.0,0.0,16.280715811965816,12.425349351230672,14.133095916429223,16.138775,XGBoost,16.138775,31.138775
24_357,24.0,357,4,건식,보통,65.05799999999999,0.5,1.25,25.2125,74.88,80.0,19.912,53.408,무충전 완주,0,41.59188034188034,0.25,0.25,0.25,0.0,0.25,0.0,0.25,0.5,0.25,26.59188034188034,32.089029668883256,30.000903668091198,28.857613,XGBoost,28.857613,43.857613
24_364,24.0,364,4,건식,많음,65.058,0.25,0.75,15.7,74.88,80.0,24.187,47.7,무충전 완주,0,47.30101495726496,0.0,0.5,0.0,0.25,0.25,0.25,0.5,0.25,0.0,32.30101495726496,29.96620874649026,27.040715663580254,28.168749,XGBoost,28.168749,43.168747
24_366,24.0,366,4,물걸레,많음,65.05799999999999,0.5,0.5,11.4,74.88,80.0,19.816,53.537,무충전 완주,0,41.46367521367522,0.0,0.25,0.5,0.0,0.25,0.0,0.5,0.5,0.0,26.463675213675213,30.236395379461776,28.399422038224134,27.783762,XGBoost,27.783762,42.78376
24_370,24.0,370,4,물걸레,많음,65.05799999999999,0.5,0.75,15.7,74.88,80.0,26.301,44.876,무충전 완주,0,50.124198717948715,0.25,0.25,0.5,0.0,0.0,0.25,0.5,0.25,0.0,35.124198717948715,35.61477738918536,31.60049594695424,31.000843,XGBoost,31.000843,46.000843
24_380,24.0,380,4,건식,적음,65.057,0.75,1.25,21.7,74.88,80.0,14.285,60.923,무충전 완주,0,34.07719017094017,0.25,0.25,0.25,0.0,0.25,0.5,0.25,0.25,0.0,19.077190170940174,23.552610574642195,23.222456300451064,23.835556,XGBoost,23.835556,38.835556
24_382,24.0,382,4,물걸레,적음,65.059,1.0,1.0,23.5125,74.88,80.0,18.344,55.502,무충전 완주,0,39.49786324786325,0.0,0.0,0.75,0.25,0.0,0.0,0.5,0.25,0.25,24.49786324786325,33.38022386620696,34.85825765669509,31.749302,XGBoost,31.749302,46.749302
24_387,24.0,387,4,물걸레,보통,65.059,0.25,0.5,11.4,74.88,80.0,16.367,58.143,무충전 완주,0,36.85763888888889,0.0,0.25,0.5,0.0,0.25,0.0,0.5,0.5,0.0,21.857638888888893,16.478374196216954,21.225548411850475,21.87813,XGBoost,21.87813,36.878128
24_388,24.0,388,4,건식,보통,65.058,0.25,1.0,23.5125,74.88,80.0,17.111,57.149,무충전 완주,0,37.85122863247864,0.25,0.25,0.25,0.25,0.0,0.0,0.5,0.25,0.25,22.851228632478634,28.764726871394256,27.60844462250726,28.525627,XGBoost,28.525627,43.525627
24_389,24.0,389,4,물걸레,많음,65.05799999999999,0.0,0.25,9.7,74.88,80.0,16.142,58.443,무충전 완주,0,36.55715811965812,0.0,0.25,0.5,0.0,0.25,0.0,0.75,0.25,0.0,21.55715811965812,27.841889537618556,23.75666488604002,24.317196,XGBoost,24.317196,39.317196
24_39,24.0,39,4,건식,많음,65.05799999999999,0.75,0.5,11.4,74.88,80.0,22.947,49.355,무충전 완주,0,45.64503205128205,0.0,0.5,0.5,0.0,0.0,0.0,0.5,0.5,0.0,30.64503205128205,27.29498336823535,23.314124525166214,24.9354,XGBoost,24.9354,39.935402
24_394,24.0,394,4,건식,적음,65.05799999999999,0.5,1.75,31.2125,74.88,80.0,17.845,56.169,무충전 완주,0,38.83146367521367,0.5,0.0,0.25,0.25,0.0,0.25,0.0,0.5,0.25,23.831463675213673,35.39783912362424,33.55543981481484,32.053276,XGBoost,32.053276,47.053276
24_396,24.0,396,4,물걸레,적음,65.05799999999999,0.25,1.0,23.5125,74.88,80.0,19.909,53.412,무충전 완주,0,41.58787393162393,0.25,0.0,0.5,0.25,0.0,0.0,0.5,0.25,0.25,26.587873931623935,28.755040144151472,25.307700023741745,27.981823,XGBoost,27.981823,42.981823
24_40,24.0,40,4,물걸레,보통,65.059,0.0,0.0,8.0,74.88,80.0,12.405,63.434,무충전 완주,0,31.56650641025641,0.0,0.5,0.5,0.0,0.0,0.0,1.0,0.0,0.0,16.56650641025641,18.91961442582423,17.953220708689432,17.342506,XGBoost,17.342506,32.342506
24_403,24.0,403,4,물걸레,보통,65.05799999999999,0.0,0.0,8.0,74.88,80.0,13.778,61.599,무충전 완주,0,33.40010683760684,0.0,0.5,0.5,0.0,0.0,0.0,1.0,0.0,0.0,18.400106837606838,19.099523413731994,17.754961271367506,17.453323,XGBoost,17.453323,32.453323
24_409,24.0,409,4,건식,적음,65.057,0.75,0.25,9.7,74.88,80.0,9.515,67.293,무충전 완주,0,27.706997863247864,0.0,0.75,0.25,0.0,0.0,0.0,0.75,0.25,0.0,12.706997863247866,6.716435844703625,19.340375712250687,17.015919,XGBoost,17.015919,32.01592
24_41,24.0,41,4,건식,적음,65.057,0.75,0.5,11.4,74.88,80.0,13.605,61.83,무충전 완주,0,33.16907051282051,0.0,0.75,0.25,0.0,0.0,0.0,0.5,0.5,0.0,18.169070512820515,9.419246353077995,19.16669040835707,18.050392,XGBoost,18.050392,33.050392
24_415,24.0,415,4,건식,적음,65.05799999999999,0.5,0.25,9.7,74.88,80.0,10.624,65.811,무충전 완주,0,29.18803418803419,0.0,0.25,0.75,0.0,0.0,0.0,0.75,0.25,0.0,14.188034188034191,4.782324215548705,15.820672642365322,16.39396,XGBoost,16.39396,31.39396
24_431,24.0,431,4,건식,보통,65.05799999999999,0.5,0.0,8.0,74.88,80.0,11.194,65.051,무충전 완주,0,29.94925213675214,0.0,0.5,0.5,0.0,0.0,0.0,1.0,0.0,0.0,14.94925213675214,13.459630957739186,15.925990028490054,16.70861,XGBoost,16.70861,31.70861
24_434,24.0,434,4,물걸레,적음,65.05799999999999,0.75,0.75,13.100000000000001,74.88,80.0,12.398,63.443,무충전 완주,0,31.55715811965812,0.0,0.25,0.25,0.0,0.5,0.0,0.25,0.75,0.0,16.55715811965812,16.172330286571373,21.879798789173854,21.442917,XGBoost,21.442917,36.442917
24_435,24.0,435,4,물걸레,많음,65.057,0.25,0.75,15.7,74.88,80.0,21.666,51.066,무충전 완주,0,43.934294871794876,0.0,0.25,0.25,0.5,0.0,0.25,0.5,0.25,0.0,28.934294871794876,35.84785961687052,29.75517717236476,30.426304,XGBoost,30.426304,45.426304
24_436,24.0,436,4,건식,적음,65.058,0.25,0.75,21.8125,74.88,80.0,15.28,59.594,무충전 완주,0,35.40598290598291,0.25,0.25,0.5,0.0,0.0,0.0,0.75,0.0,0.25,20.405982905982906,20.94382566590053,25.43563479344732,24.728863,XGBoost,24.728863,39.728863
24_443,24.0,443,4,물걸레,많음,65.05799999999999,0.75,0.75,13.100000000000001,74.88,80.0,25.338,46.162,무충전 완주,0,48.83814102564103,0.0,0.0,1.0,0.0,0.0,0.0,0.25,0.75,0.0,33.83814102564103,34.52419018256484,28.19342567155064,29.542946,XGBoost,29.542946,44.542946
24_445,24.0,445,4,물걸레,보통,65.05799999999999,0.5,0.0,8.0,74.88,80.0,13.018,62.614,무충전 완주,0,32.385149572649574,0.0,0.75,0.25,0.0,0.0,0.0,1.0,0.0,0.0,17.385149572649574,18.748583522819615,20.316942663817652,19.050678,XGBoost,19.050678,34.05068
24_452,24.0,452,4,건식,보통,65.059,0.75,1.5,23.4,74.88,80.0,20.406,52.749,무충전 완주,0,42.25160256410256,0.25,0.0,0.25,0.0,0.5,0.5,0.0,0.5,0.0,27.251602564102562,30.72881016007379,28.015750756766405,28.215809,XGBoost,28.215809,43.21581
24_459,24.0,459,4,물걸레,보통,65.05799999999999,1.0,1.0,23.5125,74.88,80.0,37.615,29.766,무충전 완주,0,65.23370726495727,0.25,0.0,0.75,0.0,0.0,0.0,0.5,0.25,0.25,50.233707264957275,37.67603915370515,34.03529202279193,34.17523,XGBoost,34.17523,49.17523
24_460,24.0,460,4,건식,보통,65.05799999999999,0.5,1.25,27.8125,74.88,80.0,23.343,48.827,무충전 완주,0,46.173878205128204,0.5,0.5,0.0,0.0,0.0,0.25,0.5,0.0,0.25,31.173878205128208,36.44713837543762,33.421812678062636,31.611189,XGBoost,31.611189,46.61119
24_463,24.0,463,4,물걸레,보통,65.05799999999999,0.5,1.0,17.4,74.88,80.0,24.837,46.831,무충전 완주,0,48.16907051282051,0.25,0.25,0.25,0.0,0.25,0.25,0.25,0.5,0.0,33.16907051282051,25.98561087963634,25.626480146011325,26.35279,XGBoost,26.35279,41.35279
24_464,24.0,464,4,물걸레,적음,65.05799999999999,1.0,1.0,17.4,74.88,80.0,20.102,53.154,무충전 완주,0,41.84561965811966,0.25,0.5,0.25,0.0,0.0,0.25,0.25,0.5,0.0,26.845619658119663,23.05042614226302,25.435523504273487,25.118687,XGBoost,25.118687,40.118687
24_465,24.0,465,4,물걸레,적음,65.05799999999999,0.0,0.75,15.7,74.88,80.0,17.505,56.623,무충전 완주,0,38.37740384615385,0.25,0.0,0.5,0.25,0.0,0.25,0.5,0.25,0.0,23.377403846153847,17.686887457451178,22.006508190883178,21.49411,XGBoost,21.49411,36.49411
24_47,24.0,47,4,건식,보통,65.057,0.5,0.5,11.4,74.88,80.0,14.389,60.784,무충전 완주,0,34.216079059829056,0.0,0.5,0.25,0.25,0.0,0.0,0.5,0.5,0.0,19.21607905982906,13.630961116832474,18.846099865605126,19.823353,XGBoost,19.823353,34.823353
24_471,24.0,471,4,건식,많음,65.05799999999999,0.75,1.5,29.5125,74.88,80.0,24.514,47.262,무충전 완주,0,47.737713675213676,0.5,0.25,0.25,0.0,0.0,0.25,0.25,0.25,0.25,32.737713675213676,52.77069630353209,50.4386019853988,47.169453,XGBoost,47.169453,62.169453
24_474,24.0,474,4,물걸레,보통,65.05799999999999,0.25,0.25,9.7,74.88,80.0,14.924,60.07,무충전 완주,0,34.93055555555556,0.0,0.25,0.75,0.0,0.0,0.0,0.75,0.25,0.0,19.930555555555557,14.548810588351742,19.935366512345674,19.8088,XGBoost,19.8088,34.8088
24_477,24.0,477,4,건식,적음,65.057,0.0,0.5,14.0,74.88,80.0,12.834,62.86,무충전 완주,0,32.13942307692308,0.25,0.25,0.5,0.0,0.0,0.25,0.75,0.0,0.0,17.139423076923077,10.05558196710436,19.15364338497152,18.069279,XGBoost,18.069279,33.06928
24_478,24.0,478,4,물걸레,적음,65.05799999999999,0.75,1.25,27.8125,74.88,80.0,20.736,52.307,무충전 완주,0,42.69230769230769,0.25,0.5,0.0,0.25,0.0,0.25,0.5,0.0,0.25,27.692307692307693,37.72136909078777,32.82000534188035,33.696903,XGBoost,33.696903,48.696903
24_481,24.0,481,4,건식,적음,65.058,0.75,0.75,15.7,74.88,80.0,12.948,62.709,무충전 완주,0,32.29166666666667,0.0,0.25,0.5,0.0,0.25,0.25,0.5,0.25,0.0,17.291666666666668,15.050136483922287,20.451906754510933,21.236744,XGBoost,21.236744,36.236744
24_482,24.0,482,4,물걸레,많음,65.057,0.0,0.75,15.7,74.88,80.0,26.394,44.752,무충전 완주,0,50.24839743589744,0.25,0.0,0.5,0.25,0.0,0.25,0.5,0.25,0.0,35.24839743589744,35.87980722403193,29.034526279083646,29.321772,XGBoost,29.321772,44.32177
24_485,24.0,485,4,건식,많음,65.05799999999999,1.0,1.5,23.4,74.88,80.0,30.796,38.873,무충전 완주,0,56.12713675213676,0.25,0.0,0.5,0.25,0.0,0.5,0.0,0.5,0.0,41.12713675213676,45.407688124553275,44.34561075498575,39.234146,XGBoost,39.234146,54.234146
24_486,24.0,486,4,물걸레,많음,65.05799999999999,0.75,1.5,29.5125,74.88,80.0,36.006,31.915,무충전 완주,0,63.0849358974359,0.25,0.0,0.5,0.25,0.0,0.25,0.25,0.25,0.25,48.0849358974359,58.52246082660303,53.523108719983625,51.57705,XGBoost,51.57705,66.57705
24_493,24.0,493,4,물걸레,보통,65.057,0.5,1.5,26.0,74.88,80.0,18.932,54.717,무충전 완주,0,40.28311965811966,0.25,0.0,0.25,0.25,0.25,0.75,0.25,0.0,0.0,25.283119658119656,39.35902827549231,29.127159009971475,32.344566,XGBoost,32.344566,47.344566
24_505,24.0,505,4,건식,적음,65.05799999999999,0.75,1.25,21.7,74.88,80.0,18.22,55.668,무충전 완주,0,39.332264957264954,0.0,0.0,0.5,0.5,0.0,0.5,0.25,0.25,0.0,24.332264957264957,24.12039718898245,22.093278950023723,23.084694,XGBoost,23.084694,38.084694
24_507,24.0,507,4,건식,적음,65.05799999999999,0.25,0.75,15.7,74.88,80.0,14.791,60.247,무충전 완주,0,34.752938034188034,0.0,0.25,0.25,0.5,0.0,0.25,0.5,0.25,0.0,19.752938034188038,12.323352060828128,20.23745963912629,19.7633,XGBoost,19.7633,34.763298
24_517,24.0,517,4,물걸레,보통,65.058,0.0,0.0,8.0,74.88,80.0,13.778,61.599,무충전 완주,0,33.40010683760684,0.0,0.25,0.75,0.0,0.0,0.0,1.0,0.0,0.0,18.400106837606838,19.14215863811139,18.07113618827158,17.54318,XGBoost,17.54318,32.543182
24_53,24.0,53,4,물걸레,적음,65.057,1.0,1.25,25.2125,74.88,80.0,23.675,48.382,무충전 완주,0,46.61725427350427,0.25,0.25,0.5,0.0,0.0,0.0,0.25,0.5,0.25,31.617254273504276,35.59843886552409,28.891968631291583,32.369133,XGBoost,32.369133,47.369133
24_530,24.0,530,4,물걸레,적음,65.058,0.5,1.5,26.9125,74.88,80.0,24.475,47.315,무충전 완주,0,47.68563034188035,0.25,0.0,0.25,0.25,0.25,0.0,0.0,0.75,0.25,32.68563034188035,34.516334406043086,31.510349893162385,30.699997,XGBoost,30.699997,45.699997
24_533,24.0,533,4,건식,보통,65.05799999999999,0.25,0.5,11.4,74.88,80.0,14.415,60.75,무충전 완주,0,34.250801282051285,0.0,0.0,0.75,0.0,0.25,0.0,0.5,0.5,0.0,19.250801282051285,11.369330619044298,17.673994655999852,19.058645,XGBoost,19.058645,34.058647
24_537,24.0,537,4,건식,많음,65.058,0.5,0.5,11.4,74.88,80.0,17.871,56.134,무충전 완주,0,38.8661858974359,0.0,0.25,0.5,0.0,0.25,0.0,0.5,0.5,0.0,23.866185897435894,24.904807589998313,24.120843349359035,24.277964,XGBoost,24.277964,39.27796
24_539,24.0,539,4,물걸레,보통,65.05799999999999,0.75,0.5,11.4,74.88,80.0,15.284,59.588,무충전 완주,0,35.41132478632478,0.0,0.0,1.0,0.0,0.0,0.0,0.5,0.5,0.0,20.411324786324787,20.082740568868466,26.252999886237827,24.224937,XGBoost,24.224937,39.224937
24_55,24.0,55,4,건식,많음,65.05799999999999,0.0,1.5,23.4,74.88,80.0,24.724,46.982,무충전 완주,0,48.0181623931624,0.5,0.0,0.0,0.25,0.25,0.5,0.0,0.5,0.0,33.0181623931624,40.80034814525674,38.94731570512825,35.416634,XGBoost,35.416634,50.416634
24_550,24.0,550,4,물걸레,적음,65.057,0.5,1.25,27.8125,74.88,80.0,24.883,46.77,무충전 완주,0,48.230502136752136,0.25,0.25,0.25,0.25,0.0,0.25,0.5,0.0,0.25,33.230502136752136,36.9949021453234,29.59618055555551,29.06051,XGBoost,29.06051,44.06051
24_555,24.0,555,4,건식,보통,65.05799999999999,1.25,1.5,26.9125,74.88,80.0,25.69,45.691,무충전 완주,0,49.3082264957265,0.25,0.25,0.5,0.0,0.0,0.0,0.0,0.75,0.25,34.3082264957265,39.12267349536805,32.71190682870371,35.570396,XGBoost,35.570396,50.570396
24_557,24.0,557,4,건식,적음,65.05799999999999,1.0,0.5,11.4,74.88,80.0,16.585,57.852,무충전 완주,0,37.14877136752137,0.0,0.75,0.25,0.0,0.0,0.0,0.5,0.5,0.0,22.14877136752137,10.188348522923583,19.31828970797719,18.600815,XGBoost,18.600815,33.600815
24_559,24.0,559,4,건식,많음,65.059,1.25,1.75,37.325,74.88,80.0,42.726,22.94,무충전 완주,0,72.05929487179488,0.25,0.0,0.5,0.25,0.0,0.0,0.25,0.25,0.5,57.059294871794876,61.46281963164371,51.27777955840454,58.94598,XGBoost,58.94598,73.945984
24_562,24.0,562,4,건식,적음,65.05799999999999,0.75,0.5,11.4,74.88,80.0,15.735,58.987,무충전 완주,0,36.013621794871796,0.0,0.25,0.75,0.0,0.0,0.0,0.5,0.5,0.0,21.013621794871796,8.434145881669146,17.181809063814264,17.150444,XGBoost,17.150444,32.150444
24_579,24.0,579,4,건식,많음,65.059,0.5,0.75,15.7,74.88,80.0,24.281,47.573,무충전 완주,0,47.42654914529914,0.25,0.5,0.25,0.0,0.0,0.25,0.5,0.25,0.0,32.42654914529914,30.951107319703702,30.246309650997077,27.965395,XGBoost,27.965395,42.965393
24_580,24.0,580,4,건식,많음,65.059,0.25,0.25,9.7,74.88,80.0,14.678,60.398,무충전 완주,0,34.60202991452992,0.0,0.0,1.0,0.0,0.0,0.0,0.75,0.25,0.0,19.60202991452992,21.709050072954525,23.423925094966787,21.639223,XGBoost,21.639223,36.63922
24_589,24.0,589,4,물걸레,보통,65.057,0.25,0.5,11.4,74.88,80.0,12.865,62.819,무충전 완주,0,32.18082264957265,0.0,0.0,0.75,0.0,0.25,0.0,0.5,0.5,0.0,17.18082264957265,16.88082739640825,20.0266603602801,21.826357,XGBoost,21.826357,36.826355
24_59,24.0,59,4,물걸레,적음,65.05799999999999,0.5,1.25,27.8125,74.88,80.0,25.072,46.517,무충전 완주,0,48.48290598290598,0.25,0.25,0.25,0.25,0.0,0.25,0.5,0.0,0.25,33.48290598290598,37.70545508969007,32.736030982905945,29.883577,XGBoost,29.883577,44.883575
24_594,24.0,594,4,물걸레,보통,65.059,0.25,1.0,17.4,74.88,80.0,15.352,59.498,무충전 완주,0,35.50213675213675,0.0,0.0,0.25,0.0,0.75,0.25,0.25,0.5,0.0,20.502136752136753,24.356010686357138,24.45103899572649,25.786846,XGBoost,25.786846,40.786846
24_598,24.0,598,4,건식,적음,65.057,0.75,0.5,11.4,74.88,80.0,11.873,64.145,무충전 완주,0,30.856036324786324,0.0,0.75,0.25,0.0,0.0,0.0,0.5,0.5,0.0,15.856036324786324,9.419246353077995,19.16669040835707,18.050392,XGBoost,18.050392,33.050392
24_60,24.0,60,4,건식,적음,65.058,0.75,0.75,15.7,74.88,80.0,13.088,62.522,무충전 완주,0,32.47863247863248,0.0,0.0,0.75,0.25,0.0,0.25,0.5,0.25,0.0,17.478632478632477,15.420290576936779,20.429691209639124,21.851059,XGBoost,21.851059,36.85106
24_600,24.0,600,4,건식,적음,65.05799999999999,0.0,0.75,15.7,74.88,80.0,14.679,60.397,무충전 완주,0,34.60336538461539,0.25,0.0,0.5,0.0,0.25,0.25,0.5,0.25,0.0,19.603365384615387,12.027780799356258,19.594084503459527,19.343178,XGBoost,19.343178,34.343178
24_601,24.0,601,4,건식,적음,65.05799999999999,1.0,0.75,15.7,74.88,80.0,15.449,59.369,무충전 완주,0,35.63167735042735,0.0,0.25,0.5,0.25,0.0,0.25,0.5,0.25,0.0,20.631677350427353,16.326666510305273,21.143106748575576,21.953165,XGBoost,21.953165,36.953163
24_603,24.0,603,4,건식,적음,65.057,0.5,1.0,17.4,74.88,80.0,20.087,53.175,무충전 완주,0,41.82558760683761,0.0,0.0,0.25,0.5,0.25,0.25,0.25,0.5,0.0,26.82558760683761,16.494841958899684,19.607385001187087,21.152649,XGBoost,21.152649,36.15265
24_604,24.0,604,4,건식,보통,65.058,0.75,1.0,17.4,74.88,80.0,19.897,53.428,무충전 완주,0,41.57184829059829,0.25,0.0,0.75,0.0,0.0,0.25,0.25,0.5,0.0,26.57184829059829,22.23900738490157,23.583696432810978,23.568834,XGBoost,23.568834,38.568832
24_608,24.0,608,4,물걸레,보통,65.05799999999999,0.75,1.25,25.2125,74.88,80.0,22.838,49.5,무충전 완주,0,45.49946581196582,0.25,0.0,0.75,0.0,0.0,0.0,0.25,0.5,0.25,30.499465811965816,39.00560175307541,31.551619257478688,32.014214,XGBoost,32.014214,47.014214
24_610,24.0,610,4,물걸레,보통,65.058,1.0,0.75,15.7,74.88,80.0,18.685,55.047,무충전 완주,0,39.953258547008545,0.0,0.25,0.5,0.0,0.25,0.25,0.5,0.25,0.0,24.95325854700855,26.7146451722193,23.99865802214761,26.833427,XGBoost,26.833427,41.833427
24_616,24.0,616,4,건식,많음,65.058,0.5,1.0,23.5125,74.88,80.0,25.601,45.81,무충전 완주,0,49.18936965811966,0.0,0.0,0.5,0.25,0.25,0.0,0.5,0.25,0.25,34.18936965811966,44.21642079624528,37.16252967711304,38.85815,XGBoost,38.85815,53.85815
24_632,24.0,632,4,물걸레,많음,65.05799999999999,0.25,0.25,9.7,74.88,80.0,15.478,59.33,무충전 완주,0,35.67040598290598,0.0,0.0,1.0,0.0,0.0,0.0,0.75,0.25,0.0,20.670405982905983,27.220546850323935,24.61245030143468,24.046549,XGBoost,24.046549,39.046547
24_634,24.0,634,4,건식,많음,65.05799999999999,1.25,1.5,35.625,74.88,80.0,34.076,34.492,무충전 완주,0,60.50747863247864,0.25,0.5,0.0,0.25,0.0,0.0,0.5,0.0,0.5,45.50747863247864,59.320872843425605,52.146403133903064,59.988644,XGBoost,59.988644,74.98865
24_644,24.0,644,4,건식,적음,65.057,0.25,0.75,15.7,74.88,80.0,18.685,55.047,무충전 완주,0,39.953258547008545,0.0,0.25,0.25,0.5,0.0,0.25,0.5,0.25,0.0,24.95325854700855,12.503261048730437,20.2015246616809,19.69919,XGBoost,19.69919,34.69919
24_646,24.0,646,4,건식,많음,65.058,0.25,1.0,17.4,74.88,80.0,16.915,57.411,무충전 완주,0,37.5894764957265,0.25,0.0,0.5,0.25,0.0,0.25,0.25,0.5,0.0,22.589476495726498,31.813805130763292,30.295055051044663,28.793304,XGBoost,28.793304,43.793304
24_652,24.0,652,4,물걸레,적음,65.058,0.75,0.75,15.7,74.88,80.0,17.979,55.99,무충전 완주,0,39.01041666666667,0.0,0.25,0.5,0.0,0.25,0.25,0.5,0.25,0.0,24.010416666666668,20.381724273383938,24.167737734873185,23.639088,XGBoost,23.639088,38.639088
24_653,24.0,653,4,건식,많음,65.057,1.0,1.0,23.5125,74.88,80.0,28.062,42.524,무충전 완주,0,52.47596153846155,0.0,0.0,0.75,0.25,0.0,0.0,0.5,0.25,0.25,37.47596153846155,46.421464831233834,42.93366942663812,40.505814,XGBoost,40.505814,55.505814
24_654,24.0,654,4,물걸레,적음,65.05799999999999,0.75,1.25,27.8125,74.88,80.0,20.22,52.997,무충전 완주,0,42.003205128205124,0.25,0.0,0.5,0.0,0.25,0.25,0.5,0.0,0.25,27.003205128205128,38.36958260318592,31.385665954416016,33.824028,XGBoost,33.824028,48.824028
24_655,24.0,655,4,건식,적음,65.05799999999999,0.5,1.25,25.2125,74.88,80.0,18.547,55.231,무충전 완주,0,39.76896367521368,0.25,0.0,0.5,0.0,0.25,0.0,0.25,0.5,0.25,24.76896367521368,26.747755152177007,27.785216346153867,25.502783,XGBoost,25.502783,40.502785
24_66,24.0,66,4,물걸레,보통,65.057,1.0,1.25,25.2125,74.88,80.0,25.332,46.17,무충전 완주,0,48.830128205128204,0.25,0.25,0.5,0.0,0.0,0.0,0.25,0.5,0.25,33.830128205128204,40.98234860661155,31.18862209164298,35.158264,XGBoost,35.158264,50.158264
24_668,24.0,668,4,건식,많음,65.059,0.0,0.5,14.0,74.88,80.0,18.276,55.593,무충전 완주,0,39.407051282051285,0.25,0.0,0.75,0.0,0.0,0.25,0.75,0.0,0.0,24.407051282051285,27.751409994353956,27.480138221153915,24.118015,XGBoost,24.118015,39.118015
24_67,24.0,67,4,물걸레,적음,65.059,0.25,0.0,8.0,74.88,80.0,9.939,66.727,무충전 완주,0,28.27323717948718,0.0,0.75,0.25,0.0,0.0,0.0,1.0,0.0,0.0,13.273237179487179,12.235753636078307,18.773421548551745,15.456057,XGBoost,15.456057,30.456057
24_678,24.0,678,4,건식,많음,65.057,0.75,2.0,41.625,74.88,80.0,46.772,17.537,무충전 완주,0,77.46260683760684,0.5,0.0,0.25,0.25,0.0,0.25,0.25,0.0,0.5,62.462606837606835,65.12013313514318,50.73270006613755,54.641216,XGBoost,54.641216,69.64122
24_683,24.0,683,4,물걸레,적음,65.057,0.75,1.5,29.5125,74.88,80.0,32.076,37.163,무충전 완주,0,57.83653846153847,0.25,0.25,0.0,0.5,0.0,0.25,0.25,0.25,0.25,42.83653846153847,41.27136669974653,33.44446225071227,35.009163,XGBoost,35.009163,50.009163
24_684,24.0,684,4,건식,많음,65.057,0.25,0.5,11.4,74.88,80.0,18.731,54.986,무충전 완주,0,40.01469017094017,0.0,0.0,0.75,0.25,0.0,0.0,0.5,0.5,0.0,25.014690170940174,24.505859513170854,24.082577086301058,23.981232,XGBoost,23.981232,38.98123
24_69,24.0,69,4,물걸레,적음,65.05799999999999,0.5,1.0,17.4,74.88,80.0,16.886,57.45,무충전 완주,0,37.550747863247864,0.0,0.0,0.5,0.0,0.5,0.25,0.25,0.5,0.0,22.550747863247864,20.694359003524895,24.766475249287797,24.259604,XGBoost,24.259604,39.259605
24_695,24.0,695,4,건식,적음,65.057,0.5,1.0,23.5125,74.88,80.0,18.299,55.563,무충전 완주,0,39.4377670940171,0.0,0.0,0.5,0.25,0.25,0.0,0.5,0.25,0.25,24.437767094017097,26.383319005470966,27.614178240740785,25.28618,XGBoost,25.28618,40.28618
24_698,24.0,698,4,물걸레,적음,65.05799999999999,0.5,1.5,23.4,74.88,80.0,19.647,53.763,무충전 완주,0,41.23798076923077,0.25,0.0,0.25,0.5,0.0,0.5,0.0,0.5,0.0,26.237980769230766,29.671961843605402,26.119799827872757,25.565182,XGBoost,25.565182,40.56518
24_700,24.0,700,4,건식,보통,65.05799999999999,0.0,0.25,9.7,74.88,80.0,14.081,61.196,무충전 완주,0,33.80475427350427,0.0,0.0,0.75,0.0,0.25,0.0,0.75,0.25,0.0,18.804754273504273,9.923835934947157,18.222181935541297,17.210335,XGBoost,17.210335,32.210335
24_701,24.0,701,4,건식,보통,65.057,1.25,1.0,14.8,74.88,80.0,17.382,56.787,무충전 완주,0,38.21314102564103,0.0,0.0,1.0,0.0,0.0,0.0,0.0,1.0,0.0,23.21314102564103,22.234705099551853,24.427807306505258,23.101057,XGBoost,23.101057,38.10106
24_702,24.0,702,4,물걸레,많음,65.059,0.5,1.0,17.4,74.88,80.0,21.789,50.901,무충전 완주,0,44.09855769230769,0.25,0.25,0.25,0.0,0.25,0.25,0.25,0.5,0.0,29.098557692307697,38.43480292931955,36.31962517806267,34.351276,XGBoost,34.351276,49.351276
24_703,24.0,703,4,물걸레,보통,65.058,0.75,0.5,11.4,74.88,80.0,18.817,54.87,무충전 완주,0,40.1295405982906,0.0,0.25,0.75,0.0,0.0,0.0,0.5,0.5,0.0,25.1295405982906,20.040105344485426,25.259881736704692,23.007914,XGBoost,23.007914,38.00791
24_708,24.0,708,4,건식,보통,65.057,0.25,1.25,21.7,74.88,80.0,18.858,54.816,무충전 완주,0,40.184294871794876,0.25,0.25,0.0,0.0,0.5,0.5,0.25,0.25,0.0,25.184294871794876,25.554698155365323,23.86012508903137,24.257048,XGBoost,24.257048,39.25705
24_728,24.0,728,4,물걸레,많음,65.05799999999999,0.25,0.25,9.7,74.88,80.0,18.175,55.727,무충전 완주,0,39.27216880341881,0.0,0.0,1.0,0.0,0.0,0.0,0.75,0.25,0.0,24.272168803418808,27.220546850323935,24.61245030143468,24.046549,XGBoost,24.046549,39.046547
24_73,24.0,73,4,건식,적음,65.057,0.25,1.25,27.8125,74.88,80.0,22.707,49.676,무충전 완주,0,45.324519230769226,0.5,0.5,0.0,0.0,0.0,0.25,0.5,0.0,0.25,30.32451923076923,29.4036645322374,25.95825320512819,28.618534,XGBoost,28.618534,43.618534
24_731,24.0,731,4,건식,많음,65.05799999999999,0.0,0.5,11.4,74.88,80.0,13.639,61.786,무충전 완주,0,33.214476495726494,0.0,0.25,0.25,0.25,0.25,0.0,0.5,0.5,0.0,18.214476495726494,24.94729321256316,22.616956760446342,22.816626,XGBoost,22.816626,37.816628
24_745,24.0,745,4,건식,보통,65.05799999999999,0.25,0.5,11.4,74.88,80.0,11.171,65.082,무충전 완주,0,29.918536324786324,0.0,0.25,0.5,0.0,0.25,0.0,0.5,0.5,0.0,14.918536324786324,11.32669539466307,18.30538294074751,19.186197,XGBoost,19.186197,34.186195
24_747,24.0,747,4,물걸레,보통,65.057,0.5,1.25,27.8125,74.88,80.0,29.099,41.139,무충전 완주,0,53.860844017094024,0.25,0.25,0.25,0.25,0.0,0.25,0.5,0.0,0.25,38.860844017094024,42.37881188641087,31.78171741452988,32.792892,XGBoost,32.792892,47.792892
24_748,24.0,748,4,물걸레,많음,65.059,0.25,0.25,9.7,74.88,80.0,20.838,52.172,무충전 완주,0,42.82852564102564,0.0,0.25,0.5,0.0,0.25,0.0,0.75,0.25,0.0,27.828525641025642,26.404664725433555,27.100790428707075,24.85513,XGBoost,24.85513,39.85513
24_752,24.0,752,4,물걸레,많음,65.057,0.0,0.0,8.0,74.88,80.0,20.764,52.271,무충전 완주,0,42.72970085470085,0.0,0.5,0.5,0.0,0.0,0.0,1.0,0.0,0.0,27.729700854700855,31.90853343922528,22.94761505534076,21.630697,XGBoost,21.630697,36.6307
24_754,24.0,754,4,물걸레,보통,65.057,0.5,0.5,11.4,74.88,80.0,20.353,52.819,무충전 완주,0,42.180822649572654,0.0,0.25,0.75,0.0,0.0,0.0,0.5,0.5,0.0,27.180822649572654,18.3805412423745,20.90140974765973,22.260925,XGBoost,22.260925,37.260925
24_755,24.0,755,4,건식,보통,65.058,0.75,0.75,15.7,74.88,80.0,15.755,58.96,무충전 완주,0,36.0403311965812,0.0,0.5,0.25,0.25,0.0,0.25,0.5,0.25,0.0,21.0403311965812,20.718929869261807,22.115260750534215,23.887016,XGBoost,23.887016,38.887016
24_756,24.0,756,4,물걸레,보통,65.058,0.25,0.5,11.4,74.88,80.0,14.617,60.48,무충전 완주,0,34.52056623931624,0.0,0.25,0.25,0.5,0.0,0.0,0.5,0.5,0.0,19.520566239316242,16.71998300878805,20.7779565081909,20.797886,XGBoost,20.797886,35.797886
24_757,24.0,757,4,물걸레,적음,65.057,0.25,1.0,17.4,74.88,80.0,17.15,57.097,무충전 완주,0,37.903311965811966,0.25,0.0,0.5,0.25,0.0,0.25,0.25,0.5,0.0,22.903311965811966,19.312291129450628,21.355032496438795,22.627266,XGBoost,22.627266,37.627266
24_758,24.0,758,4,건식,적음,65.057,0.75,1.25,25.2125,74.88,80.0,19.807,53.549,무충전 완주,0,41.451655982905976,0.25,0.0,0.75,0.0,0.0,0.0,0.25,0.5,0.25,26.45165598290598,28.4700132104286,27.042703881766368,26.719095,XGBoost,26.719095,41.719093
24_762,24.0,762,4,건식,적음,65.05799999999999,0.25,0.75,15.7,74.88,80.0,16.147,58.436,무충전 완주,0,36.563835470085465,0.25,0.25,0.25,0.25,0.0,0.25,0.5,0.25,0.0,21.56383547008547,11.05534861933107,20.16709861704655,19.49672,XGBoost,19.49672,34.49672
24_764,24.0,764,4,건식,많음,65.058,0.25,1.5,29.5125,74.88,80.0,29.831,40.162,무충전 완주,0,54.83840811965812,0.5,0.25,0.0,0.25,0.0,0.25,0.25,0.25,0.25,39.83840811965812,49.7163930117992,45.046501958689596,44.92168,XGBoost,44.92168,59.92168
24_765,24.0,765,4,건식,보통,65.057,0.5,0.75,21.8125,74.88,80.0,20.054,53.218,무충전 완주,0,41.78151709401709,0.25,0.5,0.25,0.0,0.0,0.0,0.75,0.0,0.25,26.781517094017094,27.41402032825699,28.628240740740804,27.242579,XGBoost,27.242579,42.242577
24_766,24.0,766,4,물걸레,많음,65.057,0.75,1.5,26.0,74.88,80.0,35.327,32.821,무충전 완주,0,62.17815170940171,0.0,0.0,0.25,0.25,0.5,0.75,0.25,0.0,0.0,47.17815170940171,53.877625043694955,46.935429872981885,44.841846,XGBoost,44.841846,59.841846
24_769,24.0,769,4,물걸레,보통,65.05799999999999,1.0,1.5,26.9125,74.88,80.0,25.117,46.458,무충전 완주,0,48.54300213675214,0.25,0.0,0.5,0.25,0.0,0.0,0.0,0.75,0.25,33.54300213675214,43.28206630749672,33.341515875135634,38.062336,XGBoost,38.062336,53.062336
24_770,24.0,770,4,건식,적음,65.05799999999999,0.5,0.75,21.8125,74.88,80.0,17.659,56.417,무충전 완주,0,38.58306623931624,0.25,0.5,0.25,0.0,0.0,0.0,0.75,0.0,0.25,23.58306623931624,21.85020159926721,29.074118589743595,25.136822,XGBoost,25.136822,40.13682
24_779,24.0,779,4,물걸레,적음,65.057,0.0,1.0,20.0,74.88,80.0,17.27,56.937,무충전 완주,0,38.063568376068375,0.5,0.25,0.25,0.0,0.0,0.5,0.5,0.0,0.0,23.06356837606838,23.70973485937997,25.413384081196536,23.346443,XGBoost,23.346443,38.346443
24_781,24.0,781,4,물걸레,보통,65.05799999999999,0.0,0.5,11.4,74.88,80.0,15.497,59.304,무충전 완주,0,35.695779914529915,0.0,0.5,0.0,0.5,0.0,0.0,0.5,0.5,0.0,20.695779914529915,17.934663608685888,19.155557897927736,20.486063,XGBoost,20.486063,35.48606
24_788,24.0,788,4,건식,많음,65.05799999999999,0.25,0.25,9.7,74.88,80.0,18.104,55.823,무충전 완주,0,39.177350427350426,0.0,0.25,0.5,0.25,0.0,0.0,0.75,0.25,0.0,24.177350427350426,21.580504792512947,22.212244034900333,21.475807,XGBoost,21.475807,36.475807
24_790,24.0,790,4,물걸레,많음,65.05799999999999,1.25,1.25,25.2125,74.88,80.0,31.716,37.644,무충전 완주,0,57.35576923076923,0.25,0.25,0.5,0.0,0.0,0.0,0.25,0.5,0.25,42.35576923076923,54.3805518140463,47.35325186965812,47.977173,XGBoost,47.977173,62.977173
24_802,24.0,802,4,물걸레,적음,65.05799999999999,0.0,1.0,20.0,74.88,80.0,18.341,55.507,무충전 완주,0,39.49385683760684,0.5,0.25,0.25,0.0,0.0,0.5,0.5,0.0,0.0,24.493856837606838,23.529825871477662,25.458209283000922,23.447124,XGBoost,23.447124,38.447124
24_803,24.0,803,4,건식,보통,65.05799999999999,0.5,0.25,9.7,74.88,80.0,10.331,66.203,무충전 완주,0,28.796741452991455,0.0,0.25,0.75,0.0,0.0,0.0,0.75,0.25,0.0,13.796741452991453,11.05669588890514,17.64730324074079,18.212814,XGBoost,18.212814,33.212814
24_804,24.0,804,4,건식,많음,65.059,0.75,0.75,15.7,74.88,80.0,18.699,55.028,무충전 완주,0,39.97195512820513,0.0,0.25,0.5,0.25,0.0,0.25,0.5,0.25,0.0,24.97195512820513,32.320295211059076,27.64627552231721,28.26273,XGBoost,28.26273,43.26273
24_806,24.0,806,4,건식,보통,65.05799999999999,1.0,0.75,13.100000000000001,74.88,80.0,17.557,56.553,무충전 완주,0,38.44684829059829,0.0,0.25,0.5,0.0,0.25,0.0,0.25,0.75,0.0,23.44684829059829,17.300776127535528,21.573122551638185,21.852959,XGBoost,21.852959,36.85296
24_81,24.0,81,4,물걸레,많음,65.05799999999999,0.0,0.5,14.0,74.88,80.0,17.252,56.961,무충전 완주,0,38.039529914529915,0.25,0.5,0.25,0.0,0.0,0.25,0.75,0.0,0.0,23.039529914529915,33.17763632296092,28.013727445394114,27.21908,XGBoost,27.21908,42.219078
24_812,24.0,812,4,물걸레,적음,65.058,0.5,0.5,11.4,74.88,80.0,12.733,62.995,무충전 완주,0,32.0045405982906,0.0,0.25,0.5,0.0,0.25,0.0,0.5,0.5,0.0,17.0045405982906,13.113846533050484,18.376388348341496,19.616589,XGBoost,19.616589,34.61659
24_821,24.0,821,4,건식,적음,65.058,0.5,0.75,13.100000000000001,74.88,80.0,13.732,61.661,무충전 완주,0,33.33867521367522,0.0,0.25,0.25,0.5,0.0,0.0,0.25,0.75,0.0,18.338675213675216,10.546769076628365,19.731560772368088,19.216682,XGBoost,19.216682,34.216682
24_825,24.0,825,4,건식,많음,65.05699999999999,0.25,1.5,23.4,74.88,80.0,20.999,51.956,무충전 완주,0,43.043536324786324,0.5,0.0,0.25,0.25,0.0,0.5,0.0,0.5,0.0,28.043536324786324,40.31627922148684,40.27963853276358,36.785973,XGBoost,36.785973,51.785973
24_829,24.0,829,4,건식,적음,65.05799999999999,0.75,1.5,26.9125,74.88,80.0,25.483,45.968,무충전 완주,0,49.031784188034194,0.25,0.0,0.5,0.0,0.25,0.0,0.0,0.75,0.25,34.031784188034194,30.399576818299277,29.097240028490063,27.61149,XGBoost,27.61149,42.61149
24_834,24.0,834,4,물걸레,보통,65.05799999999999,0.5,1.25,21.7,74.88,80.0,21.614,51.135,무충전 완주,0,43.86485042735043,0.25,0.25,0.25,0.25,0.0,0.5,0.25,0.25,0.0,28.86485042735043,32.576244895905404,27.075761217948735,27.661633,XGBoost,27.661633,42.661633
24_848,24.0,848,4,물걸레,많음,65.05799999999999,0.75,0.75,13.100000000000001,74.88,80.0,28.056,42.532,무충전 완주,0,52.46794871794872,0.0,0.25,0.5,0.0,0.25,0.0,0.25,0.75,0.0,37.46794871794872,34.77867897785121,29.491526664886152,30.236868,XGBoost,30.236868,45.23687
24_850,24.0,850,4,건식,많음,65.05799999999999,0.5,0.5,11.4,74.88,80.0,17.537,56.58,무충전 완주,0,38.420138888888886,0.0,0.25,0.75,0.0,0.0,0.0,0.5,0.5,0.0,23.42013888888889,25.498145502601517,23.796854967948704,24.55077,XGBoost,24.55077,39.55077
24_854,24.0,854,4,물걸레,적음,65.057,1.0,0.5,11.4,74.88,80.0,15.573,59.202,무충전 완주,0,35.79727564102564,0.0,0.0,1.0,0.0,0.0,0.0,0.5,0.5,0.0,20.797275641025642,15.36152579242026,20.106886870845244,22.106688,XGBoost,22.106688,37.10669
24_855,24.0,855,4,건식,보통,65.05799999999999,0.25,0.5,14.0,74.88,80.0,16.508,57.954,무충전 완주,0,37.04594017094017,0.0,0.5,0.25,0.25,0.0,0.25,0.75,0.0,0.0,22.04594017094017,15.227635113128109,20.045183404558397,20.921917,XGBoost,20.921917,35.921917
24_864,24.0,864,4,건식,많음,65.05799999999999,1.0,1.0,23.5125,74.88,80.0,29.119,41.112,무충전 완주,0,53.88755341880342,0.25,0.25,0.5,0.0,0.0,0.0,0.5,0.25,0.25,38.88755341880342,45.3971423584642,43.24533698361837,43.045353,XGBoost,43.045353,58.045353
24_871,24.0,871,4,건식,많음,65.059,0.25,0.75,15.7,74.88,80.0,23.6,48.482,무충전 완주,0,46.517094017094024,0.25,0.0,0.75,0.0,0.0,0.25,0.5,0.25,0.0,31.51709401709402,29.19690467845109,27.664627552231742,27.028893,XGBoost,27.028893,42.028893
24_875,24.0,875,4,건식,많음,65.059,1.0,1.75,31.2125,74.88,80.0,40.167,26.358,무충전 완주,0,68.64182692307693,0.25,0.0,0.25,0.0,0.5,0.25,0.0,0.5,0.25,53.64182692307693,56.632390866388384,47.168896530745364,44.29121,XGBoost,44.29121,59.29121
24_88,24.0,88,4,물걸레,적음,65.057,0.25,0.75,21.8125,74.88,80.0,18.668,55.07,무충전 완주,0,39.93055555555556,0.25,0.5,0.25,0.0,0.0,0.0,0.75,0.0,0.25,24.930555555555557,26.412687218885086,26.629602920227914,25.85043,XGBoost,25.85043,40.85043
24_881,24.0,881,4,물걸레,적음,65.05799999999999,0.5,0.25,9.7,74.88,80.0,14.099,61.172,무충전 완주,0,33.82879273504274,0.0,0.5,0.5,0.0,0.0,0.0,0.75,0.25,0.0,18.828792735042736,10.961738712898104,17.61087918447297,18.991344,XGBoost,18.991344,33.991344
24_883,24.0,883,4,건식,적음,65.057,0.5,0.75,15.7,74.88,80.0,14.826,60.2,무충전 완주,0,34.79967948717949,0.25,0.25,0.5,0.0,0.0,0.25,0.5,0.25,0.0,19.79967948717949,13.340549741216549,20.526279083570767,19.689644,XGBoost,19.689644,34.689644
24_891,24.0,891,4,건식,보통,65.057,0.75,1.75,33.8125,74.88,80.0,25.135,46.433,무충전 완주,0,48.5670405982906,0.5,0.0,0.25,0.0,0.25,0.5,0.25,0.0,0.25,33.5670405982906,46.92437864552801,39.30787037037026,38.588413,XGBoost,38.588413,53.588413
24_893,24.0,893,4,건식,보통,65.057,0.75,0.75,15.7,74.88,80.0,22.36,50.138,무충전 완주,0,44.861111111111114,0.0,0.25,0.5,0.0,0.25,0.25,0.5,0.25,0.0,29.86111111111111,20.613955212913886,25.048642272079835,24.085798,XGBoost,24.085798,39.0858
24_894,24.0,894,4,건식,적음,65.05799999999999,0.75,1.25,27.8125,74.88,80.0,18.976,54.658,무충전 완주,0,40.34188034188034,0.0,0.25,0.25,0.25,0.25,0.25,0.5,0.0,0.25,25.34188034188034,34.263363030840104,33.55088141025639,32.420975,XGBoost,32.420975,47.420975
24_899,24.0,899,4,건식,적음,65.05799999999999,0.5,1.25,21.7,74.88,80.0,16.458,58.021,무충전 완주,0,36.97916666666667,0.0,0.0,0.25,0.25,0.5,0.5,0.25,0.25,0.0,21.979166666666668,22.2505292499999,21.591960470085443,22.678553,XGBoost,22.678553,37.67855
24_903,24.0,903,4,건식,보통,65.05799999999999,0.25,0.75,15.7,74.88,80.0,17.061,57.216,무충전 완주,0,37.78445512820513,0.0,0.0,0.5,0.25,0.25,0.25,0.5,0.25,0.0,22.78445512820513,17.422378157663537,27.1690787482194,22.977863,XGBoost,22.977863,37.977863
24_913,24.0,913,4,건식,적음,65.05799999999999,0.75,1.5,35.625,74.88,80.0,31.142,38.411,무충전 완주,0,56.589209401709404,0.5,0.25,0.25,0.0,0.0,0.0,0.5,0.0,0.5,41.589209401709404,38.18447153213917,36.823223824786304,34.862415,XGBoost,34.862415,49.862415
24_92,24.0,92,4,물걸레,많음,65.057,0.75,1.5,35.625,74.88,80.0,39.812,26.833,무충전 완주,0,68.16773504273505,0.5,0.25,0.25,0.0,0.0,0.0,0.5,0.0,0.5,53.167735042735046,61.70897908818158,51.40313709342344,51.3175,XGBoost,51.3175,66.317505
24_922,24.0,922,4,물걸레,보통,65.05799999999999,0.25,0.75,15.7,74.88,80.0,19.674,53.725,무충전 완주,0,41.27403846153847,0.0,0.25,0.25,0.0,0.5,0.25,0.5,0.25,0.0,26.274038461538463,22.383811854110697,24.618244598765433,24.56495,XGBoost,24.56495,39.56495
24_923,24.0,923,4,물걸레,적음,65.057,0.5,0.75,13.100000000000001,74.88,80.0,17.278,56.926,무충전 완주,0,38.074252136752136,0.0,0.25,0.25,0.5,0.0,0.0,0.25,0.75,0.0,23.074252136752136,16.058265853994136,22.405548878205167,21.927923,XGBoost,21.927923,36.927925
24_926,24.0,926,4,건식,많음,65.05799999999999,1.0,1.25,25.2125,74.88,80.0,34.775,33.56,무충전 완주,0,61.44097222222222,0.0,0.5,0.0,0.25,0.25,0.0,0.25,0.5,0.25,46.44097222222222,48.26575799034207,48.70777243589739,45.185585,XGBoost,45.185585,60.185585
24_929,24.0,929,4,물걸레,적음,65.057,0.75,1.25,25.2125,74.88,80.0,17.93,56.055,무충전 완주,0,38.94497863247864,0.25,0.25,0.25,0.25,0.0,0.0,0.25,0.5,0.25,23.944978632478634,34.38360866380989,32.46993411680912,30.543083,XGBoost,30.543083,45.543083
24_932,24.0,932,4,물걸레,적음,65.05799999999999,0.25,0.0,8.0,74.88,80.0,12.454,63.368,무충전 완주,0,31.631944444444446,0.0,0.75,0.25,0.0,0.0,0.0,1.0,0.0,0.0,16.631944444444446,12.415662623986073,18.419241527184234,15.567478,XGBoost,15.567478,30.567478
24_934,24.0,934,4,건식,보통,65.057,0.25,0.5,11.4,74.88,80.0,14.084,61.192,무충전 완주,0,33.80876068376068,0.0,0.0,0.75,0.25,0.0,0.0,0.5,0.5,0.0,18.808760683760685,11.876758475579877,18.025398362247305,19.151493,XGBoost,19.151493,34.151493
24_94,24.0,94,4,건식,적음,65.05799999999999,0.0,0.5,14.0,74.88,80.0,11.759,64.296,무충전 완주,0,30.70379273504274,0.25,0.0,0.75,0.0,0.0,0.25,0.75,0.0,0.0,15.703792735042738,9.918308203583273,17.268688790954418,17.401821,XGBoost,17.401821,32.40182
24_945,24.0,945,4,건식,적음,65.057,0.25,0.25,9.7,74.88,80.0,10.032,66.602,무충전 완주,0,28.397435897435898,0.0,0.25,0.75,0.0,0.0,0.0,0.75,0.25,0.0,13.397435897435898,4.013222045704929,15.272206270774037,15.623603,XGBoost,15.623603,30.623604
24_946,24.0,946,4,물걸레,적음,65.05799999999999,1.0,1.5,29.5125,74.88,80.0,25.973,45.314,무충전 완주,0,49.686164529914535,0.25,0.0,0.5,0.25,0.0,0.25,0.25,0.25,0.25,34.686164529914535,42.34892313793964,34.49661903490019,35.898174,XGBoost,35.898174,50.898174
24_95,24.0,95,4,건식,많음,65.058,0.5,1.75,27.7,74.88,80.0,26.113,45.126,무충전 완주,0,49.87313034188034,0.5,0.0,0.25,0.25,0.0,0.75,0.0,0.25,0.0,34.87313034188034,48.238958471228095,41.45818643162394,40.25067,XGBoost,40.25067,55.25067
24_958,24.0,958,4,물걸레,적음,65.057,0.25,0.75,15.7,74.88,80.0,20.063,53.206,무충전 완주,0,41.79353632478633,0.0,0.0,0.5,0.25,0.25,0.25,0.5,0.25,0.0,26.793536324786327,17.549965193940025,24.486906457739853,22.770363,XGBoost,22.770363,37.770363
24_969,24.0,969,4,물걸레,보통,65.058,0.5,1.5,26.0,74.88,80.0,22.346,50.158,무충전 완주,0,44.84241452991453,0.5,0.0,0.25,0.0,0.25,0.75,0.25,0.0,0.0,29.842414529914528,38.8015777783601,29.442873041310524,32.273026,XGBoost,32.273026,47.273026
24_973,24.0,973,4,물걸레,많음,65.059,0.5,0.25,9.7,74.88,80.0,20.794,52.23,무충전 완주,0,42.769764957264954,0.0,0.75,0.25,0.0,0.0,0.0,0.75,0.25,0.0,27.769764957264957,27.86174334701858,25.300133547008535,25.557697,XGBoost,25.557697,40.557697
24_974,24.0,974,4,물걸레,많음,65.05799999999999,0.25,0.5,11.4,74.88,80.0,22.578,49.848,무충전 완주,0,45.15224358974359,0.0,0.25,0.5,0.25,0.0,0.0,0.5,0.5,0.0,30.152243589743588,29.614903090348967,27.82828044447837,26.016012,XGBoost,26.016012,41.016014
24_98,24.0,98,4,건식,많음,65.057,1.25,1.75,27.7,74.88,80.0,24.481,47.306,무충전 완주,0,47.693643162393165,0.0,0.0,0.25,0.0,0.75,0.75,0.0,0.25,0.0,32.693643162393165,53.70981314173555,46.064359271130044,38.078136,XGBoost,38.078136,53.078136
24_980,24.0,980,4,물걸레,적음,65.05799999999999,0.5,0.5,11.4,74.88,80.0,17.179,57.058,무충전 완주,0,37.942040598290596,0.0,0.0,1.0,0.0,0.0,0.0,0.5,0.5,0.0,22.942040598290596,12.85935773776594,18.801260249202958,20.104265,XGBoost,20.104265,35.104263
24_992,24.0,992,4,건식,적음,65.057,0.5,0.5,11.4,74.88,80.0,12.523,63.277,무충전 완주,0,31.72409188034188,0.0,0.25,0.75,0.0,0.0,0.0,0.5,0.5,0.0,16.72409188034188,7.665043711825383,17.561604440120085,17.275637,XGBoost,17.275637,32.275635
24_995,24.0,995,4,건식,많음,65.05799999999999,0.0,0.25,9.7,74.88,80.0,15.818,58.875,무충전 완주,0,36.12446581196581,0.0,0.25,0.5,0.0,0.25,0.0,0.75,0.25,0.0,21.124465811965813,22.510301748156905,23.630376009021806,22.088358,XGBoost,22.088358,37.088356
33_100,33.0,100,6,건식,많음,89.455,0.6666666666666666,1.0,16.533333333333335,74.88,80.0,33.948,34.664,무충전 완주,0,60.33653846153847,0.16666666666666666,0.0,0.8333333333333334,0.0,0.0,0.16666666666666666,0.16666666666666666,0.6666666666666666,0.0,45.33653846153847,42.5147996808008,41.351081730769366,40.299717,XGBoost,40.299717,55.299717
33_114,33.0,114,6,건식,보통,89.455,0.5,1.0,16.533333333333335,74.88,80.0,24.389,47.43,무충전 완주,0,47.570779914529915,0.16666666666666666,0.16666666666666666,0.3333333333333333,0.3333333333333333,0.0,0.16666666666666666,0.16666666666666666,0.6666666666666666,0.0,32.570779914529915,29.916045989108255,29.941929309116805,31.920122,XGBoost,31.920122,46.92012
33_116,33.0,116,6,건식,많음,89.45400000000001,0.3333333333333333,0.8333333333333334,17.133333333333333,74.88,80.0,29.721,40.309,무충전 완주,0,54.69150641025641,0.0,0.16666666666666666,0.3333333333333333,0.0,0.5,0.3333333333333333,0.5,0.16666666666666666,0.0,39.69150641025641,42.40211351600007,40.781623931623955,39.184048,XGBoost,39.184048,54.184048
33_118,33.0,118,6,건식,보통,89.455,0.6666666666666666,1.5,31.55,74.88,80.0,40.241,26.259,무충전 완주,0,68.7406517094017,0.16666666666666666,0.0,0.3333333333333333,0.3333333333333333,0.16666666666666666,0.16666666666666666,0.3333333333333333,0.16666666666666666,0.3333333333333333,53.74065170940171,52.28648141928101,53.717601495726484,49.190372,XGBoost,49.190372,64.19037
33_12,33.0,12,6,물걸레,적음,89.455,0.6666666666666666,0.8333333333333334,17.133333333333333,74.88,80.0,23.491,48.628,무충전 완주,0,46.37152777777778,0.16666666666666666,0.3333333333333333,0.3333333333333333,0.0,0.16666666666666666,0.3333333333333333,0.5,0.16666666666666666,0.0,31.37152777777778,31.59214548538474,32.44388354700853,33.454926,XGBoost,33.454926,48.454926
33_124,33.0,124,6,물걸레,많음,89.454,0.0,0.3333333333333333,12.0,74.88,80.0,31.542,37.877,무충전 완주,0,57.123397435897445,0.16666666666666666,0.5,0.3333333333333333,0.0,0.0,0.16666666666666666,0.8333333333333334,0.0,0.0,42.123397435897445,40.40916188177624,32.329780982905945,35.58211,XGBoost,35.58211,50.58211
33_126,33.0,126,6,건식,적음,89.454,0.5,0.6666666666666666,18.341666666666665,74.88,80.0,23.087,49.168,무충전 완주,0,45.831997863247864,0.0,0.5,0.16666666666666666,0.16666666666666666,0.16666666666666666,0.0,0.6666666666666666,0.16666666666666666,0.16666666666666666,30.831997863247867,30.336049336980935,31.413323539885997,30.751268,XGBoost,30.751268,45.751266
33_15,33.0,15,6,물걸레,많음,89.454,0.16666666666666666,0.6666666666666666,14.266666666666666,74.88,80.0,29.961,39.988,무충전 완주,0,55.01201923076923,0.0,0.16666666666666666,0.3333333333333333,0.16666666666666666,0.3333333333333333,0.16666666666666666,0.5,0.3333333333333333,0.0,40.01201923076923,42.5503217261191,40.29728454415952,42.686672,XGBoost,42.686672,57.686672
33_155,33.0,155,6,건식,보통,89.454,0.3333333333333333,0.5,13.133333333333333,74.88,80.0,16.788,57.581,무충전 완주,0,37.419871794871796,0.16666666666666666,0.3333333333333333,0.5,0.0,0.0,0.16666666666666666,0.6666666666666666,0.16666666666666666,0.0,22.419871794871796,23.337791438198487,26.641515313390315,27.558908,XGBoost,27.558908,42.558907
33_160,33.0,160,6,물걸레,적음,89.455,0.16666666666666666,1.0,20.608333333333334,74.88,80.0,25.463,45.995,무충전 완주,0,49.00507478632479,0.16666666666666666,0.0,0.3333333333333333,0.16666666666666666,0.3333333333333333,0.0,0.3333333333333333,0.5,0.16666666666666666,34.00507478632479,35.44742046348405,33.29148415242162,35.91715,XGBoost,35.91715,50.91715
33_170,33.0,170,6,건식,많음,89.45400000000001,0.8333333333333334,1.3333333333333333,26.34166666666667,74.88,80.0,46.866,17.412,무충전 완주,0,77.58814102564102,0.3333333333333333,0.0,0.5,0.0,0.16666666666666666,0.3333333333333333,0.3333333333333333,0.16666666666666666,0.16666666666666666,62.58814102564103,60.66282815380638,57.5999287749288,58.571907,XGBoost,58.571907,73.57191
33_177,33.0,177,6,물걸레,많음,89.45400000000001,0.16666666666666666,0.3333333333333333,10.266666666666667,74.88,80.0,20.889,52.103,무충전 완주,0,42.89663461538462,0.0,0.3333333333333333,0.3333333333333333,0.0,0.3333333333333333,0.0,0.6666666666666666,0.3333333333333333,0.0,27.89663461538462,36.96289637763894,33.0078607253087,35.842495,XGBoost,35.842495,50.842495
33_178,33.0,178,6,물걸레,적음,89.455,0.5,1.1666666666666667,19.400000000000002,74.88,80.0,27.139,43.757,무충전 완주,0,51.243322649572654,0.16666666666666666,0.16666666666666666,0.3333333333333333,0.0,0.3333333333333333,0.3333333333333333,0.16666666666666666,0.5,0.0,36.243322649572654,33.15021327329924,32.02151887464379,33.993767,XGBoost,33.993767,48.993767
33_183,33.0,183,6,건식,적음,89.456,0.8333333333333334,0.8333333333333334,19.474999999999998,74.88,80.0,29.58,40.496,무충전 완주,0,54.503205128205124,0.0,0.16666666666666666,0.6666666666666666,0.16666666666666666,0.0,0.0,0.5,0.3333333333333333,0.16666666666666666,39.503205128205124,33.49585881798717,35.09163105413102,34.64893,XGBoost,34.64893,49.64893
33_187,33.0,187,6,건식,적음,89.45400000000001,0.16666666666666666,0.5,13.133333333333333,74.88,80.0,16.095,58.505,무충전 완주,0,36.49439102564102,0.0,0.16666666666666666,0.5,0.16666666666666666,0.16666666666666666,0.16666666666666666,0.6666666666666666,0.16666666666666666,0.0,21.494391025641026,17.799408094126704,22.306610576923074,24.24241,XGBoost,24.24241,39.24241
33_195,33.0,195,6,건식,보통,89.455,0.6666666666666666,0.5,11.4,74.88,80.0,15.803,58.895,무충전 완주,0,36.10443376068376,0.0,0.5,0.3333333333333333,0.0,0.16666666666666666,0.0,0.5,0.5,0.0,21.104433760683765,22.889329675905856,26.52867254273502,26.256096,XGBoost,26.256096,41.256096
33_198,33.0,198,6,물걸레,적음,89.456,0.3333333333333333,1.1666666666666667,23.474999999999998,74.88,80.0,29.64,40.417,무충전 완주,0,54.583333333333336,0.3333333333333333,0.0,0.3333333333333333,0.16666666666666666,0.16666666666666666,0.16666666666666666,0.3333333333333333,0.3333333333333333,0.16666666666666666,39.583333333333336,41.08811757804149,36.08624020655271,38.68239,XGBoost,38.68239,53.68239
33_199,33.0,199,6,물걸레,보통,89.45400000000001,0.5,1.1666666666666667,19.400000000000002,74.88,80.0,24.645,47.088,무충전 완주,0,47.912660256410255,0.16666666666666666,0.16666666666666666,0.3333333333333333,0.0,0.3333333333333333,0.3333333333333333,0.16666666666666666,0.5,0.0,32.912660256410255,38.71403200229265,36.114035790598294,37.73116,XGBoost,37.73116,52.73116
33_2,33.0,2,6,건식,보통,89.456,0.8333333333333334,1.6666666666666667,32.68333333333333,74.88,80.0,35.685,32.344,무충전 완주,0,62.65625000000001,0.3333333333333333,0.0,0.3333333333333333,0.16666666666666666,0.16666666666666666,0.16666666666666666,0.16666666666666666,0.3333333333333333,0.3333333333333333,47.65625000000001,53.695784581122474,54.637758190883176,51.959225,XGBoost,51.959225,66.95923
33_200,33.0,200,6,물걸레,적음,89.453,0.6666666666666666,0.8333333333333334,21.208333333333332,74.88,80.0,31.198,38.337,무충전 완주,0,56.66399572649573,0.16666666666666666,0.5,0.16666666666666666,0.16666666666666666,0.0,0.16666666666666666,0.6666666666666666,0.0,0.16666666666666666,41.66399572649573,39.57641156493244,38.28382745726492,36.83541,XGBoost,36.83541,51.83541
33_204,33.0,204,6,건식,많음,89.455,1.0,1.6666666666666667,34.416666666666664,74.88,80.0,50.959,30.0,중간 충전 후 완주,1,83.05422008547009,0.16666666666666666,0.0,0.3333333333333333,0.5,0.0,0.3333333333333333,0.3333333333333333,0.0,0.3333333333333333,68.05422008547009,70.85751117888452,65.27846777065504,68.37736,XGBoost,68.37736,83.37736
33_21,33.0,21,6,건식,보통,89.455,0.8333333333333334,1.8333333333333333,33.81666666666667,74.88,80.0,39.985,26.601,무충전 완주,0,68.39877136752136,0.3333333333333333,0.0,0.16666666666666666,0.5,0.0,0.16666666666666666,0.0,0.5,0.3333333333333333,53.39877136752137,55.71870045772326,57.453249643874614,56.481846,XGBoost,56.481846,71.48184
33_212,33.0,212,6,물걸레,적음,89.453,0.8333333333333334,1.0,22.34166666666667,74.88,80.0,29.6,40.47,무충전 완주,0,54.529914529914535,0.16666666666666666,0.16666666666666666,0.5,0.0,0.16666666666666666,0.16666666666666666,0.5,0.16666666666666666,0.16666666666666666,39.529914529914535,42.895330721706024,41.57159900284898,39.81136,XGBoost,39.81136,54.81136
33_217,33.0,217,6,건식,보통,89.455,0.8333333333333334,0.8333333333333334,15.4,74.88,80.0,23.843,48.158,무충전 완주,0,46.84161324786325,0.0,0.16666666666666666,0.5,0.16666666666666666,0.16666666666666666,0.16666666666666666,0.3333333333333333,0.5,0.0,31.841613247863247,29.87290615106803,30.323223824786297,32.49245,XGBoost,32.49245,47.49245
33_222,33.0,222,6,물걸레,적음,89.454,0.3333333333333333,0.6666666666666666,14.266666666666666,74.88,80.0,22.983,49.307,무충전 완주,0,45.69310897435898,0.0,0.16666666666666666,0.3333333333333333,0.0,0.5,0.16666666666666666,0.5,0.3333333333333333,0.0,30.693108974358978,24.951639140181904,29.160861823361827,28.694727,XGBoost,28.694727,43.694725
33_232,33.0,232,6,건식,적음,89.45599999999999,0.16666666666666666,0.5,13.133333333333333,74.88,80.0,21.537,51.238,무충전 완주,0,43.762019230769226,0.0,0.5,0.16666666666666666,0.0,0.3333333333333333,0.16666666666666666,0.6666666666666666,0.16666666666666666,0.0,28.76201923076923,17.164397240053738,22.6712517806268,24.736534,XGBoost,24.736534,39.736534
33_246,33.0,246,6,건식,많음,89.45400000000001,0.6666666666666666,0.5,17.208333333333332,74.88,80.0,35.288,32.875,무충전 완주,0,62.126068376068375,0.16666666666666666,0.5,0.3333333333333333,0.0,0.0,0.0,0.8333333333333334,0.0,0.16666666666666666,47.126068376068375,46.73008352930858,44.3835603632479,45.298878,XGBoost,45.298878,60.298878
33_254,33.0,254,6,건식,보통,89.455,0.5,0.5,11.4,74.88,80.0,23.556,48.542,무충전 완주,0,46.45833333333334,0.0,0.0,1.0,0.0,0.0,0.0,0.5,0.5,0.0,31.45833333333334,22.73748462790487,24.31574964387465,26.610191,XGBoost,26.610191,41.61019
33_261,33.0,261,6,건식,적음,89.454,0.6666666666666666,0.5,11.4,74.88,80.0,17.695,56.369,무충전 완주,0,38.631143162393165,0.0,0.3333333333333333,0.5,0.16666666666666666,0.0,0.0,0.5,0.5,0.0,23.631143162393165,18.66715185666599,26.27621082621086,24.89152,XGBoost,24.89152,39.891518
33_262,33.0,262,6,건식,보통,89.45400000000001,0.3333333333333333,0.8333333333333334,15.4,74.88,80.0,20.445,52.696,무충전 완주,0,42.3036858974359,0.0,0.16666666666666666,0.3333333333333333,0.3333333333333333,0.16666666666666666,0.16666666666666666,0.3333333333333333,0.5,0.0,27.303685897435898,27.242526588900766,30.118990384615348,30.238142,XGBoost,30.238142,45.238144
33_264,33.0,264,6,물걸레,보통,89.45400000000001,0.5,1.0,16.533333333333335,74.88,80.0,31.67,37.706,무충전 완주,0,57.294337606837615,0.16666666666666666,0.16666666666666666,0.3333333333333333,0.16666666666666666,0.16666666666666666,0.16666666666666666,0.16666666666666666,0.6666666666666666,0.0,42.294337606837615,34.163326528111654,33.72933582621088,34.941933,XGBoost,34.941933,49.941933
33_270,33.0,270,6,건식,보통,89.45400000000001,0.8333333333333334,1.0,20.608333333333334,74.88,80.0,33.617,35.106,무충전 완주,0,59.894497863247864,0.16666666666666666,0.0,0.8333333333333334,0.0,0.0,0.0,0.3333333333333333,0.5,0.16666666666666666,44.894497863247864,40.22454806239404,39.190019586894635,36.315613,XGBoost,36.315613,51.315613
33_278,33.0,278,6,물걸레,많음,89.453,0.3333333333333333,0.5,13.133333333333333,74.88,80.0,32.093,37.14,무충전 완주,0,57.85924145299146,0.0,0.3333333333333333,0.3333333333333333,0.16666666666666666,0.16666666666666666,0.16666666666666666,0.6666666666666666,0.16666666666666666,0.0,42.85924145299146,41.92816627241902,41.12276531339038,39.276237,XGBoost,39.276237,54.276237
33_286,33.0,286,6,물걸레,보통,89.45400000000001,0.8333333333333334,1.5,29.816666666666666,74.88,80.0,42.518,23.219,무충전 완주,0,71.78151709401709,0.3333333333333333,0.0,0.3333333333333333,0.16666666666666666,0.16666666666666666,0.0,0.16666666666666666,0.5,0.3333333333333333,56.7815170940171,54.307322172452224,55.823922720797846,56.802845,XGBoost,56.802845,71.80284
33_288,33.0,288,6,물걸레,보통,89.45400000000001,1.1666666666666667,1.5,29.816666666666666,74.88,80.0,48.517,15.207,무충전 완주,0,79.79300213675214,0.16666666666666666,0.0,0.6666666666666666,0.16666666666666666,0.0,0.0,0.16666666666666666,0.5,0.3333333333333333,64.79300213675214,56.9907773148253,56.41043002136766,54.59228,XGBoost,54.59228,69.592285
33_292,33.0,292,6,건식,적음,89.456,0.3333333333333333,1.1666666666666667,19.400000000000002,74.88,80.0,18.759,54.948,무충전 완주,0,40.052083333333336,0.3333333333333333,0.0,0.5,0.16666666666666666,0.0,0.3333333333333333,0.16666666666666666,0.5,0.0,25.052083333333336,26.62582207086593,34.859464031338995,30.693512,XGBoost,30.693512,45.693512
33_298,33.0,298,6,물걸레,보통,89.454,0.3333333333333333,0.6666666666666666,14.266666666666666,74.88,80.0,28.058,42.529,무충전 완주,0,52.47061965811966,0.0,0.0,0.6666666666666666,0.16666666666666666,0.16666666666666666,0.16666666666666666,0.5,0.3333333333333333,0.0,37.47061965811966,30.97787688501512,32.01803774928774,32.337658,XGBoost,32.337658,47.337658
33_3,33.0,3,6,건식,많음,89.454,1.0,1.0,18.266666666666666,74.88,80.0,38.49,28.598,무충전 완주,0,66.40224358974359,0.0,0.16666666666666666,0.5,0.0,0.3333333333333333,0.3333333333333333,0.3333333333333333,0.3333333333333333,0.0,51.40224358974359,47.86529575591122,42.15550658831911,44.01226,XGBoost,44.01226,59.01226
33_300,33.0,300,6,물걸레,보통,89.45400000000001,0.3333333333333333,1.0,20.0,74.88,80.0,30.917,38.712,무충전 완주,0,56.28872863247864,0.16666666666666666,0.16666666666666666,0.3333333333333333,0.0,0.3333333333333333,0.5,0.5,0.0,0.0,41.28872863247864,39.2466619392323,38.25693999287748,38.2551,XGBoost,38.2551,53.2551
33_301,33.0,301,6,물걸레,많음,89.45400000000001,0.5,1.0,16.533333333333335,74.88,80.0,40.272,26.218,무충전 완주,0,68.78205128205127,0.0,0.0,0.5,0.3333333333333333,0.16666666666666666,0.16666666666666666,0.16666666666666666,0.6666666666666666,0.0,53.78205128205128,47.666186676287246,42.30279558404573,43.80874,XGBoost,43.80874,58.80874
33_304,33.0,304,6,건식,보통,89.45400000000001,0.5,0.6666666666666666,14.266666666666666,74.88,80.0,27.892,42.752,무충전 완주,0,52.248931623931625,0.0,0.16666666666666666,0.6666666666666666,0.0,0.16666666666666666,0.16666666666666666,0.5,0.3333333333333333,0.0,37.248931623931625,26.427752413773035,30.527377136752182,29.30832,XGBoost,29.30832,44.30832
33_308,33.0,308,6,건식,적음,89.455,0.0,0.0,8.0,74.88,80.0,15.871,58.804,무충전 완주,0,36.19524572649573,0.0,0.0,1.0,0.0,0.0,0.0,1.0,0.0,0.0,21.195245726495727,18.295101270456612,21.81196326821333,20.057896,XGBoost,20.057896,35.057896
33_319,33.0,319,6,물걸레,보통,89.453,0.3333333333333333,0.16666666666666666,9.133333333333333,74.88,80.0,18.652,55.091,무충전 완주,0,39.909188034188034,0.0,0.5,0.5,0.0,0.0,0.0,0.8333333333333334,0.16666666666666666,0.0,24.909188034188038,25.15306882069264,29.566163639601207,29.219702,XGBoost,29.219702,44.219704
33_324,33.0,324,6,물걸레,많음,89.45400000000001,0.6666666666666666,0.8333333333333334,15.4,74.88,80.0,32.28,36.891,무충전 완주,0,58.108974358974365,0.16666666666666666,0.0,0.8333333333333334,0.0,0.0,0.16666666666666666,0.3333333333333333,0.5,0.0,43.108974358974365,47.27029311185719,43.925213675213655,45.384327,XGBoost,45.384327,60.384327
33_325,33.0,325,6,건식,많음,89.455,0.5,0.8333333333333334,19.474999999999998,74.88,80.0,41.449,24.647,무충전 완주,0,70.35389957264958,0.0,0.16666666666666666,0.3333333333333333,0.16666666666666666,0.3333333333333333,0.0,0.5,0.3333333333333333,0.16666666666666666,55.35389957264958,49.63231315744373,44.243796741452975,47.20597,XGBoost,47.20597,62.20597
33_336,33.0,336,6,건식,적음,89.45400000000001,0.5,0.8333333333333334,19.474999999999998,74.88,80.0,22.798,49.554,무충전 완주,0,45.446047008547005,0.16666666666666666,0.0,0.8333333333333334,0.0,0.0,0.0,0.5,0.3333333333333333,0.16666666666666666,30.446047008547005,30.727546112786264,32.34374554843299,32.02267,XGBoost,32.02267,47.02267
33_338,33.0,338,6,물걸레,적음,89.455,0.6666666666666666,0.6666666666666666,18.341666666666665,74.88,80.0,22.965,49.331,무충전 완주,0,45.66907051282051,0.0,0.16666666666666666,0.6666666666666666,0.16666666666666666,0.0,0.0,0.6666666666666666,0.16666666666666666,0.16666666666666666,30.66907051282051,36.26199103060202,32.46738336894588,37.982925,XGBoost,37.982925,52.982925
33_34,33.0,34,6,건식,적음,89.455,0.6666666666666666,1.0,20.608333333333334,74.88,80.0,22.401,50.084,무충전 완주,0,44.91586538461539,0.16666666666666666,0.0,0.6666666666666666,0.0,0.16666666666666666,0.0,0.3333333333333333,0.5,0.16666666666666666,29.915865384615387,33.63249661983535,29.467824074074038,31.593164,XGBoost,31.593164,46.593163
33_343,33.0,343,6,건식,적음,89.455,0.5,1.0,18.266666666666666,74.88,80.0,24.2,47.682,무충전 완주,0,47.31837606837607,0.16666666666666666,0.0,0.5,0.0,0.3333333333333333,0.3333333333333333,0.3333333333333333,0.3333333333333333,0.0,32.31837606837607,27.09104562044901,26.06376869658116,29.964552,XGBoost,29.964552,44.964554
33_347,33.0,347,6,물걸레,적음,89.455,1.0,1.6666666666666667,30.95,74.88,80.0,33.436,35.347,무충전 완주,0,59.65277777777778,0.3333333333333333,0.0,0.5,0.16666666666666666,0.0,0.0,0.0,0.6666666666666666,0.3333333333333333,44.65277777777778,51.88442661661429,53.006690705128264,52.725086,XGBoost,52.725086,67.72508
33_353,33.0,353,6,건식,적음,89.455,0.3333333333333333,0.8333333333333334,15.4,74.88,80.0,21.25,51.622,무충전 완주,0,43.37873931623932,0.16666666666666666,0.16666666666666666,0.3333333333333333,0.16666666666666666,0.16666666666666666,0.16666666666666666,0.3333333333333333,0.5,0.0,28.378739316239315,20.833372232242645,27.509009971510036,26.756445,XGBoost,26.756445,41.756447
33_357,33.0,357,6,물걸레,보통,89.455,0.0,0.3333333333333333,10.266666666666667,74.88,80.0,22.411,50.071,무충전 완주,0,44.92922008547009,0.0,0.3333333333333333,0.3333333333333333,0.3333333333333333,0.0,0.0,0.6666666666666666,0.3333333333333333,0.0,29.92922008547009,26.164231053849882,26.790807196276006,26.165022,XGBoost,26.165022,41.165024
33_358,33.0,358,6,건식,보통,89.455,0.5,1.3333333333333333,30.416666666666668,74.88,80.0,34.664,33.707,무충전 완주,0,61.292735042735046,0.3333333333333333,0.16666666666666666,0.3333333333333333,0.16666666666666666,0.0,0.16666666666666666,0.5,0.0,0.3333333333333333,46.292735042735046,49.37373313968157,47.0448673433048,50.652126,XGBoost,50.652126,65.65213
33_360,33.0,360,6,건식,적음,89.456,1.0,1.1666666666666667,19.400000000000002,74.88,80.0,24.25,47.615,무충전 완주,0,47.385149572649574,0.16666666666666666,0.16666666666666666,0.5,0.0,0.16666666666666666,0.3333333333333333,0.16666666666666666,0.5,0.0,32.385149572649574,30.978167745764928,36.096946225071214,33.72184,XGBoost,33.72184,48.72184
33_370,33.0,370,6,물걸레,보통,89.45400000000001,0.8333333333333334,2.0,34.34166666666667,74.88,80.0,33.356,35.454,무충전 완주,0,59.54594017094017,0.5,0.0,0.16666666666666666,0.0,0.3333333333333333,0.6666666666666666,0.0,0.16666666666666666,0.16666666666666666,44.54594017094017,65.39987487867973,56.08192218660969,53.96105,XGBoost,53.96105,68.961044
33_372,33.0,372,6,물걸레,적음,89.455,0.6666666666666666,0.5,13.133333333333333,74.88,80.0,22.192,50.363,무충전 완주,0,44.636752136752136,0.16666666666666666,0.6666666666666666,0.0,0.16666666666666666,0.0,0.16666666666666666,0.6666666666666666,0.16666666666666666,0.0,29.636752136752136,24.136849047172333,25.036342592592607,27.507318,XGBoost,27.507318,42.507317
33_374,33.0,374,6,물걸레,적음,89.455,0.5,0.6666666666666666,14.266666666666666,74.88,80.0,21.257,51.612,무충전 완주,0,43.38808760683761,0.0,0.3333333333333333,0.3333333333333333,0.0,0.3333333333333333,0.16666666666666666,0.5,0.3333333333333333,0.0,28.38808760683761,25.771539382919528,29.5715544871794,28.82179,XGBoost,28.82179,43.821793
33_38,33.0,38,6,건식,보통,89.455,0.5,0.8333333333333334,19.474999999999998,74.88,80.0,28.036,42.559,무충전 완주,0,52.44123931623932,0.16666666666666666,0.16666666666666666,0.5,0.16666666666666666,0.0,0.0,0.5,0.3333333333333333,0.16666666666666666,37.44123931623932,35.72591068707187,37.05962873931633,35.93682,XGBoost,35.93682,50.93682
33_383,33.0,383,6,건식,많음,89.455,0.3333333333333333,0.8333333333333334,21.208333333333332,74.88,80.0,33.115,35.775,무충전 완주,0,59.22409188034189,0.16666666666666666,0.16666666666666666,0.5,0.16666666666666666,0.0,0.16666666666666666,0.6666666666666666,0.0,0.16666666666666666,44.22409188034189,50.68951533385117,46.29727007656695,44.969048,XGBoost,44.969048,59.969048
33_384,33.0,384,6,물걸레,적음,89.455,1.0,1.1666666666666667,27.55,74.88,80.0,40.338,26.13,무충전 완주,0,68.87019230769232,0.16666666666666666,0.3333333333333333,0.3333333333333333,0.16666666666666666,0.0,0.0,0.5,0.16666666666666666,0.3333333333333333,53.870192307692314,47.13369017032674,52.051010505698095,50.80479,XGBoost,50.80479,65.804794
33_385,33.0,385,6,물걸레,적음,89.454,0.8333333333333334,1.3333333333333333,24.0,74.88,80.0,34.583,33.815,무충전 완주,0,61.184561965811966,0.16666666666666666,0.0,0.3333333333333333,0.0,0.5,0.6666666666666666,0.3333333333333333,0.0,0.0,46.184561965811966,42.69961798561194,39.185305377492945,43.27184,XGBoost,43.27184,58.27184
33_394,33.0,394,6,건식,많음,89.455,1.1666666666666667,1.0,16.533333333333335,74.88,80.0,36.302,31.52,무충전 완주,0,63.480235042735046,0.0,0.16666666666666666,0.6666666666666666,0.16666666666666666,0.0,0.16666666666666666,0.16666666666666666,0.6666666666666666,0.0,48.480235042735046,45.96478767963823,42.21426282051289,43.79063,XGBoost,43.79063,58.79063
33_402,33.0,402,6,물걸레,많음,89.455,0.5,0.5,11.4,74.88,80.0,25.135,46.433,무충전 완주,0,48.5670405982906,0.0,0.16666666666666666,0.6666666666666666,0.0,0.16666666666666666,0.0,0.5,0.5,0.0,33.5670405982906,41.32006168957504,38.58453191773513,38.903717,XGBoost,38.903717,53.903717
33_408,33.0,408,6,물걸레,보통,89.45400000000001,0.3333333333333333,0.3333333333333333,12.0,74.88,80.0,24.29,47.562,무충전 완주,0,47.438568376068375,0.0,0.5,0.3333333333333333,0.0,0.16666666666666666,0.16666666666666666,0.8333333333333334,0.0,0.0,32.438568376068375,27.466071787729533,29.183003917378954,30.593819,XGBoost,30.593819,45.59382
33_409,33.0,409,6,건식,보통,89.453,1.0,1.0,20.608333333333334,74.88,80.0,35.502,32.588,무충전 완주,0,62.41185897435898,0.16666666666666666,0.0,0.8333333333333334,0.0,0.0,0.0,0.3333333333333333,0.5,0.16666666666666666,47.41185897435898,40.726314368126445,40.8788283475784,39.16231,XGBoost,39.16231,54.16231
33_411,33.0,411,6,물걸레,많음,89.455,0.6666666666666666,0.6666666666666666,14.266666666666666,74.88,80.0,32.572,36.501,무충전 완주,0,58.49893162393163,0.16666666666666666,0.16666666666666666,0.6666666666666666,0.0,0.0,0.16666666666666666,0.5,0.3333333333333333,0.0,43.49893162393163,45.260086968782666,42.344564636752125,44.077553,XGBoost,44.077553,59.077553
33_414,33.0,414,6,건식,보통,89.45400000000001,0.3333333333333333,0.6666666666666666,18.341666666666665,74.88,80.0,25.337,46.163,무충전 완주,0,48.83680555555556,0.16666666666666666,0.3333333333333333,0.5,0.0,0.0,0.0,0.6666666666666666,0.16666666666666666,0.16666666666666666,33.83680555555556,33.620061110619986,30.692632656695082,33.31596,XGBoost,33.31596,48.31596
33_417,33.0,417,6,건식,적음,89.455,0.3333333333333333,0.8333333333333334,17.133333333333333,74.88,80.0,21.537,51.238,무충전 완주,0,43.762019230769226,0.16666666666666666,0.16666666666666666,0.3333333333333333,0.16666666666666666,0.16666666666666666,0.3333333333333333,0.5,0.16666666666666666,0.0,28.76201923076923,24.84642027253644,29.83180644586891,28.964165,XGBoost,28.964165,43.964165
33_42,33.0,42,6,물걸레,적음,89.455,0.6666666666666666,1.1666666666666667,23.474999999999998,74.88,80.0,32.028,37.228,무충전 완주,0,57.7724358974359,0.16666666666666666,0.0,0.5,0.16666666666666666,0.16666666666666666,0.16666666666666666,0.3333333333333333,0.3333333333333333,0.16666666666666666,42.7724358974359,43.55592309992143,37.475160256410305,39.25164,XGBoost,39.25164,54.25164
33_434,33.0,434,6,물걸레,많음,89.455,0.6666666666666666,1.1666666666666667,21.74166666666667,74.88,80.0,36.895,30.728,무충전 완주,0,64.27216880341881,0.16666666666666666,0.16666666666666666,0.5,0.16666666666666666,0.0,0.0,0.16666666666666666,0.6666666666666666,0.16666666666666666,49.27216880341881,57.92302096378711,53.99516930792981,53.164562,XGBoost,53.164562,68.164566
33_436,33.0,436,6,물걸레,적음,89.45400000000001,0.16666666666666666,0.6666666666666666,14.266666666666666,74.88,80.0,22.35,50.152,무충전 완주,0,44.847756410256416,0.0,0.16666666666666666,0.3333333333333333,0.16666666666666666,0.3333333333333333,0.16666666666666666,0.5,0.3333333333333333,0.0,29.847756410256416,24.537310947437007,29.229353632478627,28.612429,XGBoost,28.612429,43.612427
33_460,33.0,460,6,건식,적음,89.455,0.6666666666666666,0.6666666666666666,14.266666666666666,74.88,80.0,19.392,54.102,무충전 완주,0,40.8974358974359,0.0,0.16666666666666666,0.6666666666666666,0.0,0.16666666666666666,0.16666666666666666,0.5,0.3333333333333333,0.0,25.8974358974359,22.542478115884172,26.247168803418855,25.538612,XGBoost,25.538612,40.538612
33_462,33.0,462,6,건식,적음,89.455,0.5,1.0,18.266666666666666,74.88,80.0,19.336,54.178,무충전 완주,0,40.82264957264957,0.16666666666666666,0.16666666666666666,0.3333333333333333,0.16666666666666666,0.16666666666666666,0.3333333333333333,0.3333333333333333,0.3333333333333333,0.0,25.82264957264957,26.23509772401018,28.003556801994296,29.72719,XGBoost,29.72719,44.72719
33_463,33.0,463,6,건식,적음,89.453,0.6666666666666666,1.1666666666666667,23.474999999999998,74.88,80.0,32.07,37.171,무충전 완주,0,57.82852564102564,0.16666666666666666,0.16666666666666666,0.3333333333333333,0.0,0.3333333333333333,0.16666666666666666,0.3333333333333333,0.3333333333333333,0.16666666666666666,42.82852564102564,38.33738389092868,39.94459579772074,34.878284,XGBoost,34.878284,49.878284
33_464,33.0,464,6,건식,보통,89.45400000000001,0.3333333333333333,0.5,13.133333333333333,74.88,80.0,23.867,48.126,무충전 완주,0,46.873664529914535,0.0,0.16666666666666666,0.5,0.16666666666666666,0.16666666666666666,0.16666666666666666,0.6666666666666666,0.16666666666666666,0.0,31.87366452991453,23.815991940380343,28.386387108262202,27.841022,XGBoost,27.841022,42.841022
33_475,33.0,475,6,물걸레,보통,89.45400000000001,0.8333333333333334,1.8333333333333333,35.550000000000004,74.88,80.0,51.385,30.0,중간 충전 후 완주,1,83.62313034188034,0.3333333333333333,0.0,0.3333333333333333,0.16666666666666666,0.16666666666666666,0.3333333333333333,0.16666666666666666,0.16666666666666666,0.3333333333333333,68.62313034188034,63.110371407059006,59.0299501424501,60.469215,XGBoost,60.469215,75.469215
33_477,33.0,477,6,건식,적음,89.455,0.8333333333333334,1.3333333333333333,24.608333333333334,74.88,80.0,31.035,38.554,무충전 완주,0,56.44631410256411,0.3333333333333333,0.0,0.6666666666666666,0.0,0.0,0.16666666666666666,0.16666666666666666,0.5,0.16666666666666666,41.44631410256411,40.20910606861085,36.83322204415958,36.991093,XGBoost,36.991093,51.991093
33_491,33.0,491,6,건식,많음,89.455,0.5,1.3333333333333333,26.34166666666667,74.88,80.0,37.717,29.63,무충전 완주,0,65.36992521367522,0.3333333333333333,0.16666666666666666,0.16666666666666666,0.0,0.3333333333333333,0.3333333333333333,0.3333333333333333,0.16666666666666666,0.16666666666666666,50.36992521367522,58.05853532565132,55.252265847578215,52.147713,XGBoost,52.147713,67.14771
33_494,33.0,494,6,건식,보통,89.45400000000001,0.3333333333333333,1.3333333333333333,26.34166666666667,74.88,80.0,25.588,45.828,무충전 완주,0,49.172008547008545,0.5,0.0,0.5,0.0,0.0,0.3333333333333333,0.3333333333333333,0.16666666666666666,0.16666666666666666,34.172008547008545,44.77366154688023,43.014013532763464,41.615437,XGBoost,41.615437,56.615437
33_496,33.0,496,6,건식,많음,89.455,1.1666666666666667,1.3333333333333333,24.608333333333334,74.88,80.0,33.126,35.762,무충전 완주,0,59.23878205128205,0.16666666666666666,0.0,0.6666666666666666,0.0,0.16666666666666666,0.16666666666666666,0.16666666666666666,0.5,0.16666666666666666,44.23878205128205,59.80363798552081,56.59877136752144,56.676975,XGBoost,56.676975,71.67697
33_500,33.0,500,6,건식,많음,89.454,0.16666666666666666,0.6666666666666666,12.533333333333333,74.88,80.0,22.257,50.276,무충전 완주,0,44.72355769230769,0.0,0.3333333333333333,0.16666666666666666,0.3333333333333333,0.16666666666666666,0.0,0.3333333333333333,0.6666666666666666,0.0,29.723557692307693,35.27618914912262,34.101368856837674,35.15446,XGBoost,35.15446,50.15446
33_506,33.0,506,6,물걸레,적음,89.453,0.16666666666666666,1.1666666666666667,23.474999999999998,74.88,80.0,27.788,42.89,무충전 완주,0,52.11004273504274,0.3333333333333333,0.0,0.3333333333333333,0.16666666666666666,0.16666666666666666,0.16666666666666666,0.3333333333333333,0.3333333333333333,0.16666666666666666,37.11004273504274,39.9493001106566,41.47899305555558,40.00525,XGBoost,40.00525,55.00525
33_509,33.0,509,6,건식,많음,89.45400000000001,0.6666666666666666,1.1666666666666667,19.400000000000002,74.88,80.0,40.373,26.083,무충전 완주,0,68.91693376068376,0.16666666666666666,0.0,0.6666666666666666,0.0,0.16666666666666666,0.3333333333333333,0.16666666666666666,0.5,0.0,53.91693376068376,47.068201446907175,43.087731481481526,44.0269,XGBoost,44.0269,59.0269
33_510,33.0,510,6,건식,보통,89.455,0.5,0.8333333333333334,17.133333333333333,74.88,80.0,24.231,47.641,무충전 완주,0,47.35977564102564,0.16666666666666666,0.3333333333333333,0.3333333333333333,0.0,0.16666666666666666,0.3333333333333333,0.5,0.16666666666666666,0.0,32.35977564102564,29.96592300590782,32.07239138176639,32.475327,XGBoost,32.475327,47.475327
33_516,33.0,516,6,건식,보통,89.45400000000001,0.8333333333333334,1.0,22.34166666666667,74.88,80.0,25.936,45.364,무충전 완주,0,49.63675213675214,0.16666666666666666,0.3333333333333333,0.16666666666666666,0.0,0.3333333333333333,0.16666666666666666,0.5,0.16666666666666666,0.16666666666666666,34.63675213675214,42.03294480676353,37.28528757122507,40.005783,XGBoost,40.005783,55.005783
33_517,33.0,517,6,물걸레,적음,89.454,0.5,1.0,22.34166666666667,74.88,80.0,26.487,44.627,무충전 완주,0,50.37259615384615,0.3333333333333333,0.16666666666666666,0.3333333333333333,0.16666666666666666,0.0,0.16666666666666666,0.5,0.16666666666666666,0.16666666666666666,35.37259615384615,40.645871112251,33.442543625356116,38.733704,XGBoost,38.733704,53.733704
33_522,33.0,522,6,건식,보통,89.455,0.8333333333333334,0.3333333333333333,10.266666666666667,74.88,80.0,22.43,50.045,무충전 완주,0,44.95459401709402,0.0,0.5,0.5,0.0,0.0,0.0,0.6666666666666666,0.3333333333333333,0.0,29.954594017094017,23.161559043161745,26.355947293447333,25.011023,XGBoost,25.011023,40.011024
33_524,33.0,524,6,건식,많음,89.455,0.8333333333333334,1.1666666666666667,25.208333333333332,74.88,80.0,33.505,35.256,무충전 완주,0,59.74492521367522,0.16666666666666666,0.16666666666666666,0.3333333333333333,0.16666666666666666,0.16666666666666666,0.3333333333333333,0.5,0.0,0.16666666666666666,44.74492521367522,59.808774425737184,53.267681623931594,51.421276,XGBoost,51.421276,66.42128
33_529,33.0,529,6,물걸레,보통,89.455,1.0,0.6666666666666666,14.266666666666666,74.88,80.0,27.18,43.702,무충전 완주,0,51.29807692307693,0.0,0.6666666666666666,0.16666666666666666,0.16666666666666666,0.0,0.16666666666666666,0.5,0.3333333333333333,0.0,36.29807692307693,34.34558253308293,36.55039173789168,35.619625,XGBoost,35.619625,50.619625
33_531,33.0,531,6,건식,보통,89.454,0.16666666666666666,0.8333333333333334,19.474999999999998,74.88,80.0,21.208,51.677,무충전 완주,0,43.32264957264957,0.16666666666666666,0.0,0.5,0.0,0.3333333333333333,0.0,0.5,0.3333333333333333,0.16666666666666666,28.32264957264957,34.054990426747715,36.52068198005701,34.383415,XGBoost,34.383415,49.383415
33_537,33.0,537,6,물걸레,적음,89.455,0.16666666666666666,0.5,13.133333333333333,74.88,80.0,24.68,47.04,무충전 완주,0,47.95940170940171,0.16666666666666666,0.16666666666666666,0.6666666666666666,0.0,0.0,0.16666666666666666,0.6666666666666666,0.16666666666666666,0.0,32.95940170940171,22.50130987642045,28.005738069800508,26.952345,XGBoost,26.952345,41.952347
33_538,33.0,538,6,물걸레,보통,89.454,0.3333333333333333,1.3333333333333333,28.683333333333334,74.88,80.0,30.709,38.989,무충전 완주,0,56.01095085470086,0.3333333333333333,0.16666666666666666,0.16666666666666666,0.3333333333333333,0.0,0.0,0.3333333333333333,0.3333333333333333,0.3333333333333333,41.01095085470086,50.06229507561318,48.93726851851854,49.369152,XGBoost,49.369152,64.369156
33_544,33.0,544,6,물걸레,보통,89.453,0.16666666666666666,0.6666666666666666,14.266666666666666,74.88,80.0,21.407,51.411,무충전 완주,0,43.58840811965812,0.0,0.16666666666666666,0.3333333333333333,0.3333333333333333,0.16666666666666666,0.16666666666666666,0.5,0.3333333333333333,0.0,28.58840811965812,30.319475588856243,32.51840722934472,31.562494,XGBoost,31.562494,46.562492
33_547,33.0,547,6,건식,보통,89.455,0.6666666666666666,1.5,31.55,74.88,80.0,35.771,32.23,무충전 완주,0,62.77110042735043,0.3333333333333333,0.0,0.5,0.16666666666666666,0.0,0.16666666666666666,0.3333333333333333,0.16666666666666666,0.3333333333333333,47.77110042735043,50.79083407407704,51.52155448717944,50.186523,XGBoost,50.186523,65.18652
33_560,33.0,560,6,건식,적음,89.453,0.3333333333333333,0.8333333333333334,15.4,74.88,80.0,20.288,52.906,무충전 완주,0,42.0940170940171,0.16666666666666666,0.16666666666666666,0.5,0.0,0.16666666666666666,0.16666666666666666,0.3333333333333333,0.5,0.0,27.094017094017097,21.370402904033284,27.350293803418868,27.25185,XGBoost,27.25185,42.25185
33_568,33.0,568,6,물걸레,보통,89.455,0.3333333333333333,0.16666666666666666,9.133333333333333,74.88,80.0,21.327,51.518,무충전 완주,0,43.48157051282051,0.0,0.0,1.0,0.0,0.0,0.0,0.8333333333333334,0.16666666666666666,0.0,28.481570512820515,24.87852129364319,27.735999821937323,28.773802,XGBoost,28.773802,43.773804
33_569,33.0,569,6,물걸레,많음,89.45500000000001,0.5,0.8333333333333334,15.4,74.88,80.0,30.977,38.632,무충전 완주,0,56.36885683760684,0.0,0.16666666666666666,0.3333333333333333,0.3333333333333333,0.16666666666666666,0.16666666666666666,0.3333333333333333,0.5,0.0,41.36885683760684,46.701850859149275,41.442089565527056,43.96329,XGBoost,43.96329,58.96329
33_57,33.0,57,6,건식,적음,89.455,0.6666666666666666,0.3333333333333333,10.266666666666667,74.88,80.0,18.427,55.391,무충전 완주,0,39.60870726495727,0.0,0.5,0.5,0.0,0.0,0.0,0.6666666666666666,0.3333333333333333,0.0,24.608707264957268,16.099104870967913,23.420009793447342,23.432472,XGBoost,23.432472,38.432472
33_577,33.0,577,6,건식,적음,89.45400000000001,0.16666666666666666,0.6666666666666666,14.266666666666666,74.88,80.0,15.096,59.84,무충전 완주,0,35.16025641025641,0.16666666666666666,0.0,0.6666666666666666,0.16666666666666666,0.0,0.16666666666666666,0.5,0.3333333333333333,0.0,20.160256410256412,19.00271553405458,25.12601050569804,24.700518,XGBoost,24.700518,39.700516
33_58,33.0,58,6,건식,많음,89.455,0.16666666666666666,0.6666666666666666,14.266666666666666,74.88,80.0,33.273,35.565,무충전 완주,0,59.43509615384616,0.16666666666666666,0.16666666666666666,0.5,0.16666666666666666,0.0,0.16666666666666666,0.5,0.3333333333333333,0.0,44.43509615384616,36.807393841909004,36.274465811965776,37.29222,XGBoost,37.29222,52.29222
33_585,33.0,585,6,물걸레,보통,89.455,0.0,0.16666666666666666,9.133333333333333,74.88,80.0,19.856,53.483,무충전 완주,0,41.517094017094024,0.0,0.6666666666666666,0.16666666666666666,0.0,0.16666666666666666,0.0,0.8333333333333334,0.16666666666666666,0.0,26.517094017094024,24.264377199314318,25.44158653846157,26.933788,XGBoost,26.933788,41.93379
33_587,33.0,587,6,건식,적음,89.455,0.3333333333333333,0.5,13.133333333333333,74.88,80.0,17.686,56.381,무충전 완주,0,38.61912393162393,0.16666666666666666,0.16666666666666666,0.6666666666666666,0.0,0.0,0.16666666666666666,0.6666666666666666,0.16666666666666666,0.0,23.619123931623935,17.802396192123155,23.13400106837611,23.865417,XGBoost,23.865417,38.865417
33_593,33.0,593,6,건식,적음,89.45400000000001,0.6666666666666666,0.6666666666666666,14.266666666666666,74.88,80.0,17.475,56.663,무충전 완주,0,38.33733974358975,0.16666666666666666,0.3333333333333333,0.5,0.0,0.0,0.16666666666666666,0.5,0.3333333333333333,0.0,23.337339743589748,22.06697390562497,27.265081908831903,25.407701,XGBoost,25.407701,40.4077
33_594,33.0,594,6,물걸레,보통,89.453,0.8333333333333334,0.8333333333333334,19.474999999999998,74.88,80.0,30.804,38.863,무충전 완주,0,56.13782051282051,0.16666666666666666,0.3333333333333333,0.5,0.0,0.0,0.0,0.5,0.3333333333333333,0.16666666666666666,41.13782051282051,43.877324201672245,40.908342236467305,40.33602,XGBoost,40.33602,55.33602
33_598,33.0,598,6,물걸레,적음,89.455,0.3333333333333333,0.5,13.133333333333333,74.88,80.0,21.323,51.524,무충전 완주,0,43.47622863247864,0.16666666666666666,0.16666666666666666,0.6666666666666666,0.0,0.0,0.16666666666666666,0.6666666666666666,0.16666666666666666,0.0,28.476228632478634,23.133983981584798,27.922404736467204,26.76802,XGBoost,26.76802,41.76802
33_611,33.0,611,6,건식,많음,89.455,0.5,1.3333333333333333,22.266666666666666,74.88,80.0,37.704,29.648,무충전 완주,0,65.3525641025641,0.3333333333333333,0.0,0.3333333333333333,0.0,0.3333333333333333,0.5,0.16666666666666666,0.3333333333333333,0.0,50.3525641025641,50.652433134337684,46.02224002849008,47.693386,XGBoost,47.693386,62.693386
33_612,33.0,612,6,건식,적음,89.456,0.6666666666666666,1.3333333333333333,24.608333333333334,74.88,80.0,25.229,46.307,무충전 완주,0,48.69257478632478,0.3333333333333333,0.16666666666666666,0.16666666666666666,0.3333333333333333,0.0,0.16666666666666666,0.16666666666666666,0.5,0.16666666666666666,33.69257478632478,39.013674100659514,36.595405982906016,35.284748,XGBoost,35.284748,50.284748
33_613,33.0,613,6,건식,많음,89.455,0.6666666666666666,1.0,16.533333333333335,74.88,80.0,31.096,38.472,무충전 완주,0,56.52777777777778,0.0,0.16666666666666666,0.16666666666666666,0.3333333333333333,0.3333333333333333,0.16666666666666666,0.16666666666666666,0.6666666666666666,0.0,41.52777777777778,43.098435451363656,41.404331374643874,42.32357,XGBoost,42.32357,57.32357
33_615,33.0,615,6,건식,보통,89.454,0.6666666666666666,0.8333333333333334,15.4,74.88,80.0,24.0,47.949,무충전 완주,0,47.05128205128205,0.0,0.16666666666666666,0.5,0.3333333333333333,0.0,0.16666666666666666,0.3333333333333333,0.5,0.0,32.05128205128205,29.949303733573338,31.343536324786285,31.092875,XGBoost,31.092875,46.092873
33_62,33.0,62,6,건식,보통,89.455,0.6666666666666666,1.0,20.608333333333334,74.88,80.0,24.173,47.718,무충전 완주,0,47.282318376068375,0.0,0.0,0.6666666666666666,0.3333333333333333,0.0,0.0,0.3333333333333333,0.5,0.16666666666666666,32.282318376068375,40.080087901011524,40.82715010683766,36.359505,XGBoost,36.359505,51.359505
33_622,33.0,622,6,건식,적음,89.455,0.3333333333333333,0.8333333333333334,15.4,74.88,80.0,18.833,54.85,무충전 완주,0,40.15090811965811,0.16666666666666666,0.16666666666666666,0.3333333333333333,0.3333333333333333,0.0,0.16666666666666666,0.3333333333333333,0.5,0.0,25.150908119658116,21.051718144664825,27.140518162393217,26.447298,XGBoost,26.447298,41.447296
33_625,33.0,625,6,물걸레,보통,89.45400000000001,0.3333333333333333,1.0,18.266666666666666,74.88,80.0,28.263,42.256,무충전 완주,0,52.74439102564103,0.16666666666666666,0.16666666666666666,0.3333333333333333,0.16666666666666666,0.16666666666666666,0.3333333333333333,0.3333333333333333,0.3333333333333333,0.0,37.74439102564103,36.49783013730088,32.85408653846158,36.056168,XGBoost,36.056168,51.056168
33_626,33.0,626,6,물걸레,많음,89.455,0.6666666666666666,1.0,22.34166666666667,74.88,80.0,46.867,17.41,무충전 완주,0,77.5894764957265,0.16666666666666666,0.16666666666666666,0.5,0.0,0.16666666666666666,0.16666666666666666,0.5,0.16666666666666666,0.16666666666666666,62.589476495726494,59.91584941940914,53.806216168091126,56.500755,XGBoost,56.500755,71.500755
33_629,33.0,629,6,건식,보통,89.45400000000001,0.8333333333333334,1.0,20.608333333333334,74.88,80.0,32.083,37.155,무충전 완주,0,57.84588675213675,0.0,0.0,0.8333333333333334,0.16666666666666666,0.0,0.0,0.3333333333333333,0.5,0.16666666666666666,42.84588675213675,41.069883690058745,40.53843482905989,38.11488,XGBoost,38.11488,53.11488
33_631,33.0,631,6,물걸레,보통,89.45400000000001,0.5,0.6666666666666666,14.266666666666666,74.88,80.0,28.168,42.383,무충전 완주,0,52.61752136752137,0.0,0.3333333333333333,0.5,0.0,0.16666666666666666,0.16666666666666666,0.5,0.3333333333333333,0.0,37.61752136752137,31.73091672031387,32.36855413105419,32.787247,XGBoost,32.787247,47.787247
33_637,33.0,637,6,물걸레,보통,89.456,0.3333333333333333,0.3333333333333333,10.266666666666667,74.88,80.0,16.606,57.823,무충전 완주,0,37.176816239316246,0.0,0.3333333333333333,0.5,0.0,0.16666666666666666,0.0,0.6666666666666666,0.3333333333333333,0.0,22.176816239316246,25.002210077802253,26.870417853751114,28.141922,XGBoost,28.141922,43.141922
33_640,33.0,640,6,물걸레,많음,89.455,0.3333333333333333,1.0,16.533333333333335,74.88,80.0,32.98,35.956,무충전 완주,0,59.04380341880342,0.0,0.16666666666666666,0.16666666666666666,0.0,0.6666666666666666,0.16666666666666666,0.16666666666666666,0.6666666666666666,0.0,44.04380341880342,45.99292966705266,44.283364494302056,43.968132,XGBoost,43.968132,58.968132
33_641,33.0,641,6,건식,보통,89.45400000000001,0.5,1.1666666666666667,19.400000000000002,74.88,80.0,22.48,49.979,무충전 완주,0,45.02136752136752,0.3333333333333333,0.3333333333333333,0.16666666666666666,0.16666666666666666,0.0,0.3333333333333333,0.16666666666666666,0.5,0.0,30.021367521367527,33.99124725303004,35.40490117521367,34.71319,XGBoost,34.71319,49.71319
33_647,33.0,647,6,건식,보통,89.455,0.0,0.5,13.133333333333333,74.88,80.0,19.943,53.367,무충전 완주,0,41.63327991452992,0.16666666666666666,0.16666666666666666,0.5,0.16666666666666666,0.0,0.16666666666666666,0.6666666666666666,0.16666666666666666,0.0,26.63327991452992,23.950072008930128,26.4837651353276,26.86572,XGBoost,26.86572,41.865723
33_656,33.0,656,6,물걸레,적음,89.45400000000001,0.8333333333333334,0.5,11.4,74.88,80.0,20.932,52.046,무충전 완주,0,42.95405982905983,0.0,0.16666666666666666,0.8333333333333334,0.0,0.0,0.0,0.5,0.5,0.0,27.95405982905983,24.837049930188826,28.027194622507164,28.76611,XGBoost,28.76611,43.76611
33_663,33.0,663,6,건식,많음,89.45400000000001,0.3333333333333333,0.5,13.133333333333333,74.88,80.0,30.76,38.92,무충전 완주,0,56.07905982905983,0.0,0.5,0.16666666666666666,0.0,0.3333333333333333,0.16666666666666666,0.6666666666666666,0.16666666666666666,0.0,41.07905982905983,36.16990009970661,38.57140461775885,36.617126,XGBoost,36.617126,51.617126
33_664,33.0,664,6,물걸레,적음,89.455,0.5,0.5,13.133333333333333,74.88,80.0,22.301,50.217,무충전 완주,0,44.782318376068375,0.16666666666666666,0.3333333333333333,0.5,0.0,0.0,0.16666666666666666,0.6666666666666666,0.16666666666666666,0.0,29.782318376068375,24.784104929768546,27.036631944444544,27.563686,XGBoost,27.563686,42.563686
33_673,33.0,673,6,건식,적음,89.45500000000001,0.6666666666666666,0.8333333333333334,15.4,74.88,80.0,22.969,49.325,무충전 완주,0,45.6744123931624,0.0,0.0,0.8333333333333334,0.16666666666666666,0.0,0.16666666666666666,0.3333333333333333,0.5,0.0,30.6744123931624,23.54525085753292,28.301331018518514,28.058992,XGBoost,28.058992,43.05899
33_676,33.0,676,6,건식,보통,89.455,0.6666666666666666,0.8333333333333334,13.666666666666666,74.88,80.0,21.695,51.026,무충전 완주,0,43.9730235042735,0.0,0.3333333333333333,0.3333333333333333,0.0,0.3333333333333333,0.0,0.16666666666666666,0.8333333333333334,0.0,28.973023504273502,27.171812220865107,26.497689636752103,26.742828,XGBoost,26.742828,41.74283
33_679,33.0,679,6,건식,많음,89.45500000000001,0.5,1.0,20.608333333333334,74.88,80.0,30.15,39.736,무충전 완주,0,55.26442307692308,0.16666666666666666,0.16666666666666666,0.5,0.16666666666666666,0.0,0.0,0.3333333333333333,0.5,0.16666666666666666,40.26442307692308,50.15688539690788,43.8799701745015,47.201176,XGBoost,47.201176,62.201176
33_684,33.0,684,6,건식,적음,89.455,0.8333333333333334,0.6666666666666666,14.266666666666666,74.88,80.0,18.387,55.445,무충전 완주,0,39.55528846153847,0.0,0.5,0.3333333333333333,0.0,0.16666666666666666,0.16666666666666666,0.5,0.3333333333333333,0.0,24.555288461538463,22.80748846786627,27.176727207977184,26.188656,XGBoost,26.188656,41.188656
33_685,33.0,685,6,건식,적음,89.455,0.8333333333333334,0.6666666666666666,14.266666666666666,74.88,80.0,19.983,53.314,무충전 완주,0,41.686698717948715,0.0,0.3333333333333333,0.3333333333333333,0.0,0.3333333333333333,0.16666666666666666,0.5,0.3333333333333333,0.0,26.68669871794872,22.44035334238616,26.571309650997136,26.491272,XGBoost,26.491272,41.491272
33_687,33.0,687,6,물걸레,보통,89.45400000000001,0.5,1.3333333333333333,26.34166666666667,74.88,80.0,39.6,27.115,무충전 완주,0,67.88461538461539,0.3333333333333333,0.16666666666666666,0.16666666666666666,0.0,0.3333333333333333,0.3333333333333333,0.3333333333333333,0.16666666666666666,0.16666666666666666,52.88461538461539,51.986801391367216,42.55917022792021,45.042,XGBoost,45.042,60.042
33_69,33.0,69,6,물걸레,적음,89.455,0.5,0.3333333333333333,10.266666666666667,74.88,80.0,16.856,57.489,무충전 완주,0,37.51068376068376,0.0,0.3333333333333333,0.5,0.0,0.16666666666666666,0.0,0.6666666666666666,0.3333333333333333,0.0,22.510683760683765,21.476753755725284,26.32393162393163,26.207031,XGBoost,26.207031,41.20703
33_695,33.0,695,6,물걸레,보통,89.455,0.16666666666666666,0.5,11.4,74.88,80.0,22.335,50.172,무충전 완주,0,44.827724358974365,0.0,0.16666666666666666,0.5,0.16666666666666666,0.16666666666666666,0.0,0.5,0.5,0.0,29.82772435897436,26.202529419737317,27.158672839506206,29.195858,XGBoost,29.195858,44.195858
33_696,33.0,696,6,물걸레,보통,89.455,0.5,1.1666666666666667,25.208333333333332,74.88,80.0,36.845,30.794,무충전 완주,0,64.2053952991453,0.3333333333333333,0.3333333333333333,0.16666666666666666,0.16666666666666666,0.0,0.3333333333333333,0.5,0.0,0.16666666666666666,49.2053952991453,49.5446294431756,41.755818198005734,45.45349,XGBoost,45.45349,60.45349
33_697,33.0,697,6,건식,보통,89.455,0.0,0.16666666666666666,9.133333333333333,74.88,80.0,16.864,57.478,무충전 완주,0,37.52136752136752,0.0,0.0,0.8333333333333334,0.0,0.16666666666666666,0.0,0.8333333333333334,0.16666666666666666,0.0,22.521367521367523,19.046483341535932,24.272978988603942,22.84654,XGBoost,22.84654,37.846542
33_701,33.0,701,6,물걸레,보통,89.455,0.5,0.3333333333333333,10.266666666666667,74.88,80.0,26.498,44.613,무충전 완주,0,50.387286324786324,0.0,0.3333333333333333,0.6666666666666666,0.0,0.0,0.0,0.6666666666666666,0.3333333333333333,0.0,35.387286324786324,26.210351779275307,28.31374183879392,29.267862,XGBoost,29.267862,44.26786
33_707,33.0,707,6,물걸레,많음,89.45400000000001,0.5,1.3333333333333333,24.608333333333334,74.88,80.0,40.059,26.503,무충전 완주,0,68.49759615384615,0.3333333333333333,0.16666666666666666,0.16666666666666666,0.3333333333333333,0.0,0.16666666666666666,0.16666666666666666,0.5,0.16666666666666666,53.497596153846146,62.08541653944806,60.46751246438757,57.971836,XGBoost,57.971836,72.97183
33_710,33.0,710,6,물걸레,보통,89.454,0.6666666666666666,1.5,31.55,74.88,80.0,48.104,15.759,무충전 완주,0,79.241452991453,0.5,0.16666666666666666,0.3333333333333333,0.0,0.0,0.16666666666666666,0.3333333333333333,0.16666666666666666,0.3333333333333333,64.241452991453,56.47444206680022,52.68781160968653,54.08326,XGBoost,54.08326,69.08326
33_714,33.0,714,6,건식,적음,89.455,0.3333333333333333,0.5,11.4,74.88,80.0,21.375,51.455,무충전 완주,0,43.54567307692308,0.0,0.3333333333333333,0.3333333333333333,0.0,0.3333333333333333,0.0,0.5,0.5,0.0,28.545673076923077,16.918806924947937,24.08501157407414,23.308477,XGBoost,23.308477,38.30848
33_715,33.0,715,6,건식,많음,89.453,0.8333333333333334,1.1666666666666667,19.400000000000002,74.88,80.0,35.486,32.609,무충전 완주,0,62.39049145299145,0.0,0.16666666666666666,0.3333333333333333,0.0,0.5,0.3333333333333333,0.16666666666666666,0.5,0.0,47.39049145299145,49.12966248984118,45.115638354700856,43.9428,XGBoost,43.9428,58.9428
33_719,33.0,719,6,물걸레,적음,89.453,0.16666666666666666,0.5,13.133333333333333,74.88,80.0,21.641,51.099,무충전 완주,0,43.90090811965812,0.0,0.0,0.6666666666666666,0.3333333333333333,0.0,0.16666666666666666,0.6666666666666666,0.16666666666666666,0.0,28.90090811965812,23.557674266839115,27.725560897435873,27.021637,XGBoost,27.021637,42.021637
33_721,33.0,721,6,건식,많음,89.454,0.6666666666666666,1.3333333333333333,26.34166666666667,74.88,80.0,38.181,29.011,무충전 완주,0,65.98958333333334,0.16666666666666666,0.0,0.5,0.3333333333333333,0.0,0.3333333333333333,0.3333333333333333,0.16666666666666666,0.16666666666666666,50.989583333333336,61.404652376071354,57.633217592592494,56.243195,XGBoost,56.243195,71.243195
33_726,33.0,726,6,건식,많음,89.456,0.6666666666666666,0.6666666666666666,18.341666666666665,74.88,80.0,46.664,17.681,무충전 완주,0,77.31837606837607,0.0,0.16666666666666666,0.6666666666666666,0.16666666666666666,0.0,0.0,0.6666666666666666,0.16666666666666666,0.16666666666666666,62.31837606837607,49.074321819252596,47.07065749643884,47.793926,XGBoost,47.793926,62.793926
33_734,33.0,734,6,건식,적음,89.455,0.6666666666666666,0.5,13.133333333333333,74.88,80.0,21.404,51.415,무충전 완주,0,43.58440170940172,0.0,0.16666666666666666,0.6666666666666666,0.0,0.16666666666666666,0.16666666666666666,0.6666666666666666,0.16666666666666666,0.0,28.584401709401714,20.740604443634588,24.871803774928846,24.114084,XGBoost,24.114084,39.114082
33_743,33.0,743,6,건식,많음,89.455,0.16666666666666666,0.8333333333333334,21.208333333333332,74.88,80.0,33.827,34.825,무충전 완주,0,60.17494658119658,0.3333333333333333,0.3333333333333333,0.3333333333333333,0.0,0.0,0.16666666666666666,0.6666666666666666,0.0,0.16666666666666666,45.17494658119658,49.183082118101304,49.90355146011392,46.860435,XGBoost,46.860435,61.860435
33_745,33.0,745,6,물걸레,많음,89.45500000000001,0.16666666666666666,0.8333333333333334,17.133333333333333,74.88,80.0,32.376,36.763,무충전 완주,0,58.23717948717949,0.16666666666666666,0.0,0.5,0.16666666666666666,0.16666666666666666,0.3333333333333333,0.5,0.16666666666666666,0.0,43.23717948717949,46.54089789249007,40.98538105413108,42.951252,XGBoost,42.951252,57.951252
33_749,33.0,749,6,건식,많음,89.455,0.8333333333333334,1.0,16.533333333333335,74.88,80.0,32.083,37.154,무충전 완주,0,57.84588675213675,0.0,0.16666666666666666,0.3333333333333333,0.3333333333333333,0.16666666666666666,0.16666666666666666,0.16666666666666666,0.6666666666666666,0.0,42.84588675213675,44.126668164928944,41.988390313390354,41.988403,XGBoost,41.988403,56.988403
33_770,33.0,770,6,물걸레,적음,89.456,0.6666666666666666,0.8333333333333334,15.4,74.88,80.0,22.364,50.134,무충전 완주,0,44.866452991452995,0.0,0.16666666666666666,0.5,0.3333333333333333,0.0,0.16666666666666666,0.3333333333333333,0.5,0.0,29.866452991452995,28.491293480190876,30.28537660256414,30.417658,XGBoost,30.417658,45.417656
33_772,33.0,772,6,건식,적음,89.45400000000001,0.3333333333333333,0.6666666666666666,12.533333333333333,74.88,80.0,19.885,53.444,무충전 완주,0,41.55582264957265,0.0,0.3333333333333333,0.3333333333333333,0.16666666666666666,0.16666666666666666,0.0,0.3333333333333333,0.6666666666666666,0.0,26.55582264957265,18.07306517158363,21.536899038461502,22.518444,XGBoost,22.518444,37.518444
33_775,33.0,775,6,건식,많음,89.45400000000001,0.6666666666666666,0.6666666666666666,12.533333333333333,74.88,80.0,26.912,44.06,무충전 완주,0,50.94017094017094,0.0,0.5,0.16666666666666666,0.16666666666666666,0.16666666666666666,0.0,0.3333333333333333,0.6666666666666666,0.0,35.94017094017094,38.36887100361109,35.69772079772085,35.75839,XGBoost,35.75839,50.75839
33_777,33.0,777,6,물걸레,많음,89.454,0.6666666666666666,0.6666666666666666,14.266666666666666,74.88,80.0,29.412,40.721,무충전 완주,0,54.27884615384615,0.0,0.5,0.3333333333333333,0.0,0.16666666666666666,0.16666666666666666,0.5,0.3333333333333333,0.0,39.27884615384615,46.010138706090416,44.37243589743591,43.34941,XGBoost,43.34941,58.34941
33_779,33.0,779,6,건식,보통,89.456,0.5,0.8333333333333334,15.4,74.88,80.0,23.691,48.361,무충전 완주,0,46.638621794871796,0.16666666666666666,0.0,0.6666666666666666,0.0,0.16666666666666666,0.16666666666666666,0.3333333333333333,0.5,0.0,31.638621794871796,27.921553595428286,28.983248753561195,29.668163,XGBoost,29.668163,44.668163
33_781,33.0,781,6,물걸레,적음,89.45400000000001,0.3333333333333333,0.6666666666666666,12.533333333333333,74.88,80.0,19.027,54.589,무충전 완주,0,40.40998931623932,0.0,0.3333333333333333,0.16666666666666666,0.3333333333333333,0.16666666666666666,0.0,0.3333333333333333,0.6666666666666666,0.0,25.40998931623932,24.273310591006727,25.5159277065527,26.39563,XGBoost,26.39563,41.39563
33_787,33.0,787,6,물걸레,적음,89.455,0.3333333333333333,0.5,13.133333333333333,74.88,80.0,21.271,51.593,무충전 완주,0,43.406784188034194,0.0,0.16666666666666666,0.6666666666666666,0.16666666666666666,0.0,0.16666666666666666,0.6666666666666666,0.16666666666666666,0.0,28.40678418803419,23.9793196092495,26.49617758784424,26.970716,XGBoost,26.970716,41.97072
33_792,33.0,792,6,건식,적음,89.454,0.6666666666666666,1.0,18.266666666666666,74.88,80.0,22.174,50.388,무충전 완주,0,44.612713675213676,0.0,0.16666666666666666,0.5,0.0,0.3333333333333333,0.3333333333333333,0.3333333333333333,0.3333333333333333,0.0,29.612713675213676,27.85188322830266,26.866662215099694,29.664713,XGBoost,29.664713,44.66471
33_793,33.0,793,6,건식,많음,89.45400000000001,0.6666666666666666,0.5,13.133333333333333,74.88,80.0,28.665,41.719,무충전 완주,0,53.28125,0.0,0.3333333333333333,0.5,0.16666666666666666,0.0,0.16666666666666666,0.6666666666666666,0.16666666666666666,0.0,38.28125,39.123446639719454,35.19645655270661,35.46452,XGBoost,35.46452,50.46452
33_798,33.0,798,6,물걸레,보통,89.45400000000001,0.6666666666666666,0.8333333333333334,17.133333333333333,74.88,80.0,31.45,37.999,무충전 완주,0,57.00053418803419,0.16666666666666666,0.3333333333333333,0.3333333333333333,0.0,0.16666666666666666,0.3333333333333333,0.5,0.16666666666666666,0.0,42.00053418803419,37.15596421437815,34.68695245726498,36.699345,XGBoost,36.699345,51.699345
33_8,33.0,8,6,물걸레,많음,89.455,0.5,0.5,13.133333333333333,74.88,80.0,28.33,42.166,무충전 완주,0,52.83386752136752,0.0,0.3333333333333333,0.5,0.0,0.16666666666666666,0.16666666666666666,0.6666666666666666,0.16666666666666666,0.0,37.83386752136752,42.378235097750235,41.35416666666675,39.425632,XGBoost,39.425632,54.425632
33_814,33.0,814,6,물걸레,적음,89.456,0.5,0.6666666666666666,16.0,74.88,80.0,27.005,43.936,무충전 완주,0,51.06436965811966,0.0,0.3333333333333333,0.3333333333333333,0.16666666666666666,0.16666666666666666,0.3333333333333333,0.6666666666666666,0.0,0.0,36.06436965811966,28.77715402178753,33.29421919515667,30.732832,XGBoost,30.732832,45.732834
33_815,33.0,815,6,건식,적음,89.455,0.16666666666666666,0.5,13.133333333333333,74.88,80.0,16.789,57.579,무충전 완주,0,37.42120726495727,0.16666666666666666,0.3333333333333333,0.5,0.0,0.0,0.16666666666666666,0.6666666666666666,0.16666666666666666,0.0,22.421207264957268,17.141298604037992,22.05758101851852,24.154066,XGBoost,24.154066,39.154068
33_820,33.0,820,6,건식,보통,89.455,1.3333333333333333,1.3333333333333333,20.533333333333335,74.88,80.0,31.467,37.977,무충전 완주,0,57.02323717948718,0.0,0.16666666666666666,0.5,0.16666666666666666,0.16666666666666666,0.3333333333333333,0.0,0.6666666666666666,0.0,42.02323717948718,40.14372719766434,41.726130698005825,38.373783,XGBoost,38.373783,53.373783
33_825,33.0,825,6,건식,적음,89.455,0.16666666666666666,0.8333333333333334,15.4,74.88,80.0,20.904,52.084,무충전 완주,0,42.91666666666667,0.16666666666666666,0.0,0.5,0.3333333333333333,0.0,0.16666666666666666,0.3333333333333333,0.5,0.0,27.916666666666668,20.44746752242129,28.1168803418804,26.791777,XGBoost,26.791777,41.79178
33_83,33.0,83,6,건식,많음,89.455,0.6666666666666666,0.6666666666666666,12.533333333333333,74.88,80.0,23.566,48.529,무충전 완주,0,46.471688034188034,0.0,0.3333333333333333,0.5,0.16666666666666666,0.0,0.0,0.3333333333333333,0.6666666666666666,0.0,31.471688034188034,38.61294410702871,35.11132923789177,35.001923,XGBoost,35.001923,50.001923
33_832,33.0,832,6,물걸레,적음,89.456,0.6666666666666666,0.8333333333333334,15.4,74.88,80.0,28.193,42.35,무충전 완주,0,52.65090811965812,0.16666666666666666,0.3333333333333333,0.3333333333333333,0.0,0.16666666666666666,0.16666666666666666,0.3333333333333333,0.5,0.0,37.65090811965812,28.13424199578275,32.872186609686665,32.139862,XGBoost,32.139862,47.139862
33_845,33.0,845,6,건식,많음,89.455,0.16666666666666666,0.5,17.208333333333332,74.88,80.0,27.132,43.766,무충전 완주,0,51.233974358974365,0.16666666666666666,0.0,0.8333333333333334,0.0,0.0,0.0,0.8333333333333334,0.0,0.16666666666666666,36.233974358974365,43.69155234873362,37.85139245014251,42.455547,XGBoost,42.455547,57.455547
33_851,33.0,851,6,물걸레,적음,89.455,0.5,0.6666666666666666,14.266666666666666,74.88,80.0,21.872,50.791,무충전 완주,0,44.20940170940171,0.0,0.3333333333333333,0.3333333333333333,0.0,0.3333333333333333,0.16666666666666666,0.5,0.3333333333333333,0.0,29.20940170940171,25.771539382919528,29.5715544871794,28.82179,XGBoost,28.82179,43.821793
33_855,33.0,855,6,건식,보통,89.45400000000001,0.16666666666666666,0.16666666666666666,9.133333333333333,74.88,80.0,15.753,58.962,무충전 완주,0,36.037660256410255,0.0,0.0,1.0,0.0,0.0,0.0,0.8333333333333334,0.16666666666666666,0.0,21.037660256410255,18.048298060981125,22.523891559829,23.004614,XGBoost,23.004614,38.004616
33_857,33.0,857,6,물걸레,적음,89.455,0.3333333333333333,1.3333333333333333,26.34166666666667,74.88,80.0,31.924,37.367,무충전 완주,0,57.63354700854701,0.3333333333333333,0.0,0.3333333333333333,0.3333333333333333,0.0,0.3333333333333333,0.3333333333333333,0.16666666666666666,0.16666666666666666,42.63354700854701,45.20955353903442,40.81122685185182,40.29347,XGBoost,40.29347,55.29347
33_861,33.0,861,6,물걸레,보통,89.45400000000001,0.16666666666666666,0.8333333333333334,17.133333333333333,74.88,80.0,27.673,43.044,무충전 완주,0,51.956463675213676,0.16666666666666666,0.3333333333333333,0.16666666666666666,0.0,0.3333333333333333,0.3333333333333333,0.5,0.16666666666666666,0.0,36.956463675213676,33.81651296454395,33.80611645299142,34.61169,XGBoost,34.61169,49.61169
33_871,33.0,871,6,물걸레,적음,89.455,0.8333333333333334,1.0,20.608333333333334,74.88,80.0,30.27,39.576,무충전 완주,0,55.42467948717949,0.16666666666666666,0.16666666666666666,0.5,0.16666666666666666,0.0,0.0,0.3333333333333333,0.5,0.16666666666666666,40.42467948717949,39.475864156622094,40.11397346866096,39.248768,XGBoost,39.248768,54.248768
33_872,33.0,872,6,물걸레,많음,89.45400000000001,0.3333333333333333,0.5,13.133333333333333,74.88,80.0,23.328,48.846,무충전 완주,0,46.15384615384615,0.16666666666666666,0.16666666666666666,0.6666666666666666,0.0,0.0,0.16666666666666666,0.6666666666666666,0.16666666666666666,0.0,31.153846153846153,41.32690374816829,40.457044604700904,39.052334,XGBoost,39.052334,54.052334
33_886,33.0,886,6,물걸레,많음,89.456,0.5,0.8333333333333334,19.474999999999998,74.88,80.0,37.848,29.455,무충전 완주,0,65.5448717948718,0.16666666666666666,0.16666666666666666,0.5,0.0,0.16666666666666666,0.0,0.5,0.3333333333333333,0.16666666666666666,50.544871794871796,53.28834461379364,48.63647799442072,52.27483,XGBoost,52.27483,67.274826
33_889,33.0,889,6,물걸레,적음,89.45400000000001,0.16666666666666666,0.8333333333333334,17.133333333333333,74.88,80.0,19.758,53.614,무충전 완주,0,41.38621794871795,0.16666666666666666,0.16666666666666666,0.3333333333333333,0.0,0.3333333333333333,0.3333333333333333,0.5,0.16666666666666666,0.0,26.38621794871795,28.461026706375485,30.985714921652445,32.27767,XGBoost,32.27767,47.27767
33_893,33.0,893,6,건식,적음,89.45400000000001,0.5,0.6666666666666666,14.266666666666666,74.88,80.0,22.23,50.313,무충전 완주,0,44.6875,0.0,0.16666666666666666,0.5,0.16666666666666666,0.16666666666666666,0.16666666666666666,0.5,0.3333333333333333,0.0,29.6875,21.9125003026452,26.196803774928828,25.86036,XGBoost,25.86036,40.86036
33_895,33.0,895,6,물걸레,많음,89.453,0.5,1.0,22.34166666666667,74.88,80.0,28.52,41.913,무충전 완주,0,53.08760683760684,0.16666666666666666,0.3333333333333333,0.3333333333333333,0.0,0.16666666666666666,0.16666666666666666,0.5,0.16666666666666666,0.16666666666666666,38.08760683760684,58.56869948119566,54.15302706552712,52.80155,XGBoost,52.80155,67.80155
33_901,33.0,901,6,물걸레,많음,89.45400000000001,0.3333333333333333,0.8333333333333334,17.133333333333333,74.88,80.0,33.127,35.76,무충전 완주,0,59.24011752136753,0.0,0.3333333333333333,0.16666666666666666,0.3333333333333333,0.16666666666666666,0.3333333333333333,0.5,0.16666666666666666,0.0,44.24011752136753,48.14196964738527,43.50343660968663,43.769077,XGBoost,43.769077,58.769077
33_903,33.0,903,6,건식,적음,89.45500000000001,0.6666666666666666,1.0,16.533333333333335,74.88,80.0,16.768,57.607,무충전 완주,0,37.3931623931624,0.0,0.3333333333333333,0.16666666666666666,0.0,0.5,0.16666666666666666,0.16666666666666666,0.6666666666666666,0.0,22.393162393162395,25.326684760657038,29.02553863960112,29.487822,XGBoost,29.487822,44.487823
33_906,33.0,906,6,건식,적음,89.45400000000001,1.3333333333333333,1.1666666666666667,19.400000000000002,74.88,80.0,22.492,49.963,무충전 완주,0,45.037393162393165,0.16666666666666666,0.3333333333333333,0.3333333333333333,0.0,0.16666666666666666,0.3333333333333333,0.16666666666666666,0.5,0.0,30.037393162393165,31.64246008696282,38.880163817663934,35.064465,XGBoost,35.064465,50.064465
33_920,33.0,920,6,물걸레,보통,89.455,0.6666666666666666,0.6666666666666666,14.266666666666666,74.88,80.0,29.394,40.745,무충전 완주,0,54.25480769230769,0.16666666666666666,0.5,0.16666666666666666,0.0,0.16666666666666666,0.16666666666666666,0.5,0.3333333333333333,0.0,39.25480769230769,32.178580356950036,34.75047186609692,33.249886,XGBoost,33.249886,48.249886
33_925,33.0,925,6,건식,보통,89.455,1.0,1.0,16.533333333333335,74.88,80.0,19.56,53.879,무충전 완주,0,41.121794871794876,0.0,0.16666666666666666,0.6666666666666666,0.16666666666666666,0.0,0.16666666666666666,0.16666666666666666,0.6666666666666666,0.0,26.121794871794872,33.01382932422443,31.154126602564048,34.700897,XGBoost,34.700897,49.700897
33_928,33.0,928,6,건식,적음,89.455,0.5,0.5,11.4,74.88,80.0,20.812,52.207,무충전 완주,0,42.79380341880342,0.0,0.3333333333333333,0.5,0.16666666666666666,0.0,0.0,0.5,0.5,0.0,27.79380341880342,18.165385550935397,23.634633190883225,23.77221,XGBoost,23.77221,38.77221
33_929,33.0,929,6,건식,보통,89.455,0.6666666666666666,0.6666666666666666,14.266666666666666,74.88,80.0,20.067,53.202,무충전 완주,0,41.798878205128204,0.0,0.3333333333333333,0.5,0.16666666666666666,0.0,0.16666666666666666,0.5,0.3333333333333333,0.0,26.798878205128208,28.116310286474835,29.09453792735044,28.98969,XGBoost,28.98969,43.989693
33_931,33.0,931,6,물걸레,적음,89.45400000000001,0.0,0.16666666666666666,9.133333333333333,74.88,80.0,20.717,52.333,무충전 완주,0,42.66693376068376,0.0,0.3333333333333333,0.5,0.16666666666666666,0.0,0.0,0.8333333333333334,0.16666666666666666,0.0,27.666933760683758,19.33556932439297,22.256530448717914,22.923756,XGBoost,22.923756,37.923756
33_935,33.0,935,6,물걸레,적음,89.455,0.16666666666666666,0.16666666666666666,9.133333333333333,74.88,80.0,14.022,61.274,무충전 완주,0,33.72596153846154,0.0,0.16666666666666666,0.8333333333333334,0.0,0.0,0.0,0.8333333333333334,0.16666666666666666,0.0,18.72596153846154,17.787643638528536,22.62773326210819,23.478012,XGBoost,23.478012,38.478012
33_942,33.0,942,6,물걸레,적음,89.455,0.16666666666666666,0.8333333333333334,13.666666666666666,74.88,80.0,24.162,47.733,무충전 완주,0,47.267628205128204,0.0,0.16666666666666666,0.16666666666666666,0.16666666666666666,0.5,0.0,0.16666666666666666,0.8333333333333334,0.0,32.267628205128204,23.631249806345345,27.10896545584043,27.286007,XGBoost,27.286007,42.286007
33_944,33.0,944,6,물걸레,보통,89.45400000000001,0.6666666666666666,0.6666666666666666,12.533333333333333,74.88,80.0,23.604,48.477,무충전 완주,0,46.5224358974359,0.0,0.0,0.8333333333333334,0.16666666666666666,0.0,0.0,0.3333333333333333,0.6666666666666666,0.0,31.522435897435898,31.552186812646035,30.465576032763554,32.391464,XGBoost,32.391464,47.391464
33_948,33.0,948,6,건식,많음,89.455,0.3333333333333333,0.6666666666666666,18.341666666666665,74.88,80.0,32.203,36.994,무충전 완주,0,58.006143162393165,0.16666666666666666,0.16666666666666666,0.5,0.0,0.16666666666666666,0.0,0.6666666666666666,0.16666666666666666,0.16666666666666666,43.006143162393165,46.747988360766016,45.24864449786327,47.9866,XGBoost,47.9866,62.9866
33_949,33.0,949,6,건식,보통,89.45400000000001,1.0,1.3333333333333333,22.266666666666666,74.88,80.0,26.809,44.197,무충전 완주,0,50.80261752136752,0.16666666666666666,0.16666666666666666,0.3333333333333333,0.0,0.3333333333333333,0.5,0.16666666666666666,0.3333333333333333,0.0,35.80261752136752,41.09538824086835,34.35504807692306,39.327076,XGBoost,39.327076,54.327076
33_952,33.0,952,6,건식,많음,89.455,0.6666666666666666,1.1666666666666667,19.400000000000002,74.88,80.0,36.748,30.924,무충전 완주,0,64.0758547008547,0.3333333333333333,0.0,0.5,0.0,0.16666666666666666,0.3333333333333333,0.16666666666666666,0.5,0.0,49.0758547008547,46.600797673959164,46.86284277065533,46.492985,XGBoost,46.492985,61.492985
33_958,33.0,958,6,물걸레,적음,89.455,0.6666666666666666,0.6666666666666666,14.266666666666666,74.88,80.0,21.99,50.633,무충전 완주,0,44.36698717948718,0.16666666666666666,0.5,0.16666666666666666,0.0,0.16666666666666666,0.16666666666666666,0.5,0.3333333333333333,0.0,29.366987179487182,25.748800289920553,28.69824608262104,28.327568,XGBoost,28.327568,43.327568
33_959,33.0,959,6,물걸레,적음,89.45400000000001,0.3333333333333333,0.3333333333333333,10.266666666666667,74.88,80.0,21.839,50.835,무충전 완주,0,44.16533119658119,0.0,0.5,0.3333333333333333,0.0,0.16666666666666666,0.0,0.6666666666666666,0.3333333333333333,0.0,29.165331196581196,20.99556515554424,26.597885505698038,25.890285,XGBoost,25.890285,40.890285
33_969,33.0,969,6,물걸레,적음,89.456,0.6666666666666666,0.3333333333333333,10.266666666666667,74.88,80.0,17.711,56.347,무충전 완주,0,38.65251068376068,0.0,0.16666666666666666,0.8333333333333334,0.0,0.0,0.0,0.6666666666666666,0.3333333333333333,0.0,23.65251068376068,22.35350096430362,25.25852920227917,27.205582,XGBoost,27.205582,42.20558
33_972,33.0,972,6,물걸레,많음,89.455,0.6666666666666666,1.5,27.474999999999998,74.88,80.0,44.986,19.922,무충전 완주,0,75.07745726495727,0.16666666666666666,0.0,0.3333333333333333,0.3333333333333333,0.16666666666666666,0.3333333333333333,0.16666666666666666,0.3333333333333333,0.16666666666666666,60.07745726495727,66.91677591553551,62.00452724358975,60.248493,XGBoost,60.248493,75.24849
33_975,33.0,975,6,물걸레,적음,89.456,0.5,1.0,18.266666666666666,74.88,80.0,27.957,42.664,무충전 완주,0,52.33573717948718,0.0,0.16666666666666666,0.3333333333333333,0.0,0.5,0.3333333333333333,0.3333333333333333,0.3333333333333333,0.0,37.33573717948718,31.795420328384402,32.36340900997148,33.847347,XGBoost,33.847347,48.847347
33_987,33.0,987,6,물걸레,많음,89.455,0.16666666666666666,0.8333333333333334,17.133333333333333,74.88,80.0,35.24,32.938,무충전 완주,0,62.06196581196582,0.3333333333333333,0.3333333333333333,0.16666666666666666,0.16666666666666666,0.0,0.3333333333333333,0.5,0.16666666666666666,0.0,47.06196581196582,45.85706121140956,42.85926816239308,42.22353,XGBoost,42.22353,57.22353
33_988,33.0,988,6,물걸레,많음,89.455,0.3333333333333333,0.3333333333333333,10.266666666666667,74.88,80.0,24.328,47.511,무충전 완주,0,47.48931623931624,0.0,0.3333333333333333,0.5,0.16666666666666666,0.0,0.0,0.6666666666666666,0.3333333333333333,0.0,32.48931623931624,39.075436341662474,37.48970686431632,36.2823,XGBoost,36.2823,51.2823
33_989,33.0,989,6,건식,많음,89.455,0.8333333333333334,0.5,11.4,74.88,80.0,26.116,45.123,무충전 완주,0,49.87713675213676,0.0,0.5,0.5,0.0,0.0,0.0,0.5,0.5,0.0,34.87713675213676,37.592533753001405,36.6637241809116,33.90383,XGBoost,33.90383,48.90383
33_991,33.0,991,6,건식,적음,89.454,0.6666666666666666,1.1666666666666667,27.55,74.88,80.0,33.258,35.585,무충전 완주,0,59.41506410256411,0.3333333333333333,0.16666666666666666,0.5,0.0,0.0,0.0,0.5,0.16666666666666666,0.3333333333333333,44.41506410256411,40.21056780103907,44.98621794871785,44.643143,XGBoost,44.643143,59.643143
33_996,33.0,996,6,건식,보통,89.456,0.16666666666666666,1.0,18.266666666666666,74.88,80.0,24.913,46.729,무충전 완주,0,48.27056623931624,0.16666666666666666,0.0,0.3333333333333333,0.3333333333333333,0.16666666666666666,0.3333333333333333,0.3333333333333333,0.3333333333333333,0.0,33.27056623931624,30.024961053805058,31.974719551281943,31.76148,XGBoost,31.76148,46.761482
40_1,40.0,1,6,물걸레,적음,108.429,0.0,0.3333333333333333,12.0,74.88,80.0,21.971,50.659,무충전 완주,0,44.34161324786325,0.16666666666666666,0.16666666666666666,0.6666666666666666,0.0,0.0,0.16666666666666666,0.8333333333333334,0.0,0.0,29.34161324786325,29.97168006032185,28.93347726733146,31.412724,XGBoost,31.412724,46.412724
40_103,40.0,103,6,물걸레,적음,108.42999999999999,0.5,1.0,22.34166666666667,74.88,80.0,38.485,28.604,무충전 완주,0,66.39556623931624,0.16666666666666666,0.3333333333333333,0.16666666666666666,0.16666666666666666,0.16666666666666666,0.16666666666666666,0.5,0.16666666666666666,0.16666666666666666,51.39556623931624,48.58321034805147,43.184635416666765,45.497852,XGBoost,45.497852,60.497852
40_104,40.0,104,6,물걸레,적음,108.429,0.16666666666666666,1.0,18.266666666666666,74.88,80.0,25.004,46.608,무충전 완주,0,48.392094017094024,0.3333333333333333,0.3333333333333333,0.16666666666666666,0.16666666666666666,0.0,0.3333333333333333,0.3333333333333333,0.3333333333333333,0.0,33.392094017094024,37.34451508426953,40.00272881054129,37.937336,XGBoost,37.937336,52.937336
40_109,40.0,109,6,물걸레,보통,108.42999999999999,0.3333333333333333,0.3333333333333333,10.266666666666667,74.88,80.0,25.207,46.337,무충전 완주,0,48.66319444444445,0.0,0.16666666666666666,0.8333333333333334,0.0,0.0,0.0,0.6666666666666666,0.3333333333333333,0.0,33.66319444444445,33.124783148416014,35.302669975664664,34.24222,XGBoost,34.24222,49.24222
40_120,40.0,120,6,물걸레,많음,108.429,0.5,0.6666666666666666,14.266666666666666,74.88,80.0,35.113,33.108,무충전 완주,0,61.892361111111114,0.16666666666666666,0.3333333333333333,0.5,0.0,0.0,0.16666666666666666,0.5,0.3333333333333333,0.0,46.892361111111114,51.25171003404659,48.66007834757848,50.889618,XGBoost,50.889618,65.88962
40_122,40.0,122,6,물걸레,보통,108.43,0.3333333333333333,0.5,13.133333333333333,74.88,80.0,32.634,36.418,무충전 완주,0,58.58173076923077,0.16666666666666666,0.5,0.3333333333333333,0.0,0.0,0.16666666666666666,0.6666666666666666,0.16666666666666666,0.0,43.58173076923077,37.02559907415464,38.79906071937325,38.481228,XGBoost,38.481228,53.481228
40_127,40.0,127,6,물걸레,많음,108.429,0.6666666666666666,0.6666666666666666,12.533333333333333,74.88,80.0,32.349,36.799,무충전 완주,0,58.201121794871796,0.0,0.16666666666666666,0.5,0.3333333333333333,0.0,0.0,0.3333333333333333,0.6666666666666666,0.0,43.201121794871796,51.49433366272217,48.67736600783472,50.193394,XGBoost,50.193394,65.19339
40_128,40.0,128,6,건식,보통,108.429,0.3333333333333333,1.0,22.34166666666667,74.88,80.0,42.135,23.73,무충전 완주,0,71.27003205128204,0.16666666666666666,0.16666666666666666,0.3333333333333333,0.16666666666666666,0.16666666666666666,0.16666666666666666,0.5,0.16666666666666666,0.16666666666666666,56.27003205128205,47.16532033939859,43.06635060541305,44.382755,XGBoost,44.382755,59.382755
40_138,40.0,138,6,건식,보통,108.43,1.1666666666666667,0.6666666666666666,12.533333333333333,74.88,80.0,29.885,40.089,무충전 완주,0,54.91052350427351,0.0,0.5,0.5,0.0,0.0,0.0,0.3333333333333333,0.6666666666666666,0.0,39.91052350427351,35.23851980203143,32.947324608262186,36.118683,XGBoost,36.118683,51.118683
40_139,40.0,139,6,건식,적음,108.431,0.5,0.5,11.4,74.88,80.0,18.508,55.283,무충전 완주,0,39.71688034188034,0.0,0.3333333333333333,0.5,0.16666666666666666,0.0,0.0,0.5,0.5,0.0,24.716880341880344,24.458288228472604,27.321829148860434,28.46011,XGBoost,28.46011,43.46011
40_143,40.0,143,6,건식,보통,108.43,0.3333333333333333,0.5,13.133333333333333,74.88,80.0,30.748,38.938,무충전 완주,0,56.063034188034194,0.16666666666666666,0.16666666666666666,0.6666666666666666,0.0,0.0,0.16666666666666666,0.6666666666666666,0.16666666666666666,0.0,41.063034188034194,30.704987924593972,33.32853454415959,33.702984,XGBoost,33.702984,48.702984
40_157,40.0,157,6,물걸레,보통,108.43,0.5,1.1666666666666667,19.400000000000002,74.88,80.0,42.746,22.914,무충전 완주,0,72.08600427350427,0.3333333333333333,0.0,0.5,0.16666666666666666,0.0,0.3333333333333333,0.16666666666666666,0.5,0.0,57.08600427350427,46.71845501181163,49.492827783713196,48.824738,XGBoost,48.824738,63.824738
40_168,40.0,168,6,물걸레,보통,108.43,0.16666666666666666,0.5,13.133333333333333,74.88,80.0,28.289,42.22,무충전 완주,0,52.77911324786325,0.16666666666666666,0.5,0.3333333333333333,0.0,0.0,0.16666666666666666,0.6666666666666666,0.16666666666666666,0.0,37.77911324786325,35.347054643049184,38.26894586894591,37.003723,XGBoost,37.003723,52.003723
40_169,40.0,169,6,건식,보통,108.42999999999999,0.3333333333333333,1.3333333333333333,22.266666666666666,74.88,80.0,36.386,31.408,무충전 완주,0,63.592414529914535,0.16666666666666666,0.0,0.16666666666666666,0.16666666666666666,0.5,0.5,0.16666666666666666,0.3333333333333333,0.0,48.592414529914535,44.31324667629108,43.41071937321933,46.446762,XGBoost,46.446762,61.446762
40_180,40.0,180,6,건식,적음,108.429,0.8333333333333334,1.0,18.266666666666666,74.88,80.0,27.881,42.766,무충전 완주,0,52.234241452991455,0.0,0.0,0.5,0.0,0.5,0.3333333333333333,0.3333333333333333,0.3333333333333333,0.0,37.234241452991455,36.37115773797028,36.83505163817664,35.788628,XGBoost,35.788628,50.788628
40_183,40.0,183,6,물걸레,적음,108.43100000000001,0.16666666666666666,1.1666666666666667,21.133333333333333,74.88,80.0,34.505,33.92,무충전 완주,0,61.0803952991453,0.3333333333333333,0.0,0.3333333333333333,0.0,0.3333333333333333,0.5,0.3333333333333333,0.16666666666666666,0.0,46.0803952991453,41.19669094007661,44.20144675925925,45.847713,XGBoost,45.847713,60.847713
40_184,40.0,184,6,건식,적음,108.431,0.3333333333333333,0.6666666666666666,14.266666666666666,74.88,80.0,18.675,55.06,무충전 완주,0,39.939903846153854,0.16666666666666666,0.5,0.16666666666666666,0.16666666666666666,0.0,0.16666666666666666,0.5,0.3333333333333333,0.0,24.93990384615385,27.75485353197042,28.462063746438677,29.49659,XGBoost,29.49659,44.49659
40_185,40.0,185,6,건식,적음,108.431,0.8333333333333334,1.1666666666666667,23.474999999999998,74.88,80.0,30.321,39.507,무충전 완주,0,55.49278846153847,0.16666666666666666,0.3333333333333333,0.16666666666666666,0.16666666666666666,0.16666666666666666,0.16666666666666666,0.3333333333333333,0.3333333333333333,0.16666666666666666,40.49278846153847,45.82811866592019,50.5630784069326,45.99079,XGBoost,45.99079,60.99079
40_191,40.0,191,6,건식,보통,108.429,0.16666666666666666,0.6666666666666666,14.266666666666666,74.88,80.0,22.071,50.525,무충전 완주,0,44.47516025641026,0.16666666666666666,0.16666666666666666,0.5,0.16666666666666666,0.0,0.16666666666666666,0.5,0.3333333333333333,0.0,29.47516025641026,31.876883783607767,39.01609612416896,35.349205,XGBoost,35.349205,50.349205
40_193,40.0,193,6,물걸레,많음,108.43,0.6666666666666666,0.6666666666666666,12.533333333333333,74.88,80.0,40.481,25.939,무충전 완주,0,69.06116452991455,0.0,0.0,0.8333333333333334,0.16666666666666666,0.0,0.0,0.3333333333333333,0.6666666666666666,0.0,54.06116452991454,51.52006085371442,47.949472489316214,51.61767,XGBoost,51.61767,66.61767
40_200,40.0,200,6,건식,많음,108.43,0.6666666666666666,1.3333333333333333,22.266666666666666,74.88,80.0,54.199,30.0,중간 충전 후 완주,1,87.38114316239317,0.16666666666666666,0.0,0.3333333333333333,0.0,0.5,0.5,0.16666666666666666,0.3333333333333333,0.0,72.38114316239317,59.43077894612746,57.013724180911666,53.660175,XGBoost,53.660175,68.66017
40_209,40.0,209,6,물걸레,많음,108.429,0.0,0.6666666666666666,14.266666666666666,74.88,80.0,38.913,28.032,무충전 완주,0,66.96714743589743,0.16666666666666666,0.16666666666666666,0.3333333333333333,0.16666666666666666,0.16666666666666666,0.16666666666666666,0.5,0.3333333333333333,0.0,51.96714743589743,51.01566687912025,45.573433048433174,49.344433,XGBoost,49.344433,64.34444
40_211,40.0,211,6,물걸레,많음,108.42999999999999,0.5,0.8333333333333334,15.4,74.88,80.0,36.776,30.887,무충전 완주,0,64.11324786324786,0.0,0.16666666666666666,0.5,0.16666666666666666,0.16666666666666666,0.16666666666666666,0.3333333333333333,0.5,0.0,49.11324786324787,53.351875220576176,55.75365028490043,53.565556,XGBoost,53.565556,68.56555
40_217,40.0,217,6,건식,적음,108.42999999999999,0.6666666666666666,0.3333333333333333,10.266666666666667,74.88,80.0,19.031,54.585,무충전 완주,0,40.4153311965812,0.0,0.5,0.3333333333333333,0.16666666666666666,0.0,0.0,0.6666666666666666,0.3333333333333333,0.0,25.4153311965812,24.48644449231498,30.514851911206126,28.121094,XGBoost,28.121094,43.121094
40_223,40.0,223,6,물걸레,적음,108.43,0.8333333333333334,0.8333333333333334,19.474999999999998,74.88,80.0,30.504,39.263,무충전 완주,0,55.73717948717949,0.16666666666666666,0.3333333333333333,0.5,0.0,0.0,0.0,0.5,0.3333333333333333,0.16666666666666666,40.73717948717949,45.34146168881379,46.23546118233623,44.460365,XGBoost,44.460365,59.460365
40_226,40.0,226,6,건식,적음,108.431,0.5,0.8333333333333334,17.133333333333333,74.88,80.0,28.848,41.474,무충전 완주,0,53.52564102564103,0.3333333333333333,0.3333333333333333,0.3333333333333333,0.0,0.0,0.3333333333333333,0.5,0.16666666666666666,0.0,38.52564102564103,32.33966687899406,35.79466257122512,34.486973,XGBoost,34.486973,49.486973
40_229,40.0,229,6,건식,보통,108.43,0.6666666666666666,1.6666666666666667,30.34166666666667,74.88,80.0,44.889,20.052,무충전 완주,0,74.94791666666669,0.3333333333333333,0.0,0.16666666666666666,0.3333333333333333,0.16666666666666666,0.5,0.16666666666666666,0.16666666666666666,0.16666666666666666,59.94791666666668,61.26714246876524,58.893620904558475,60.737785,XGBoost,60.737785,75.737785
40_232,40.0,232,6,물걸레,보통,108.429,0.6666666666666666,1.1666666666666667,23.474999999999998,74.88,80.0,39.077,27.814,무충전 완주,0,67.18616452991454,0.16666666666666666,0.0,0.6666666666666666,0.16666666666666666,0.0,0.16666666666666666,0.3333333333333333,0.3333333333333333,0.16666666666666666,52.186164529914535,55.98811210276073,54.08069207027538,54.527714,XGBoost,54.527714,69.52771
40_245,40.0,245,6,물걸레,많음,108.429,0.5,0.8333333333333334,17.133333333333333,74.88,80.0,38.49,28.597,무충전 완주,0,66.40224358974359,0.16666666666666666,0.16666666666666666,0.5,0.16666666666666666,0.0,0.3333333333333333,0.5,0.16666666666666666,0.0,51.40224358974359,55.87197220759183,52.23231837606845,53.920082,XGBoost,53.920082,68.92008
40_246,40.0,246,6,물걸레,적음,108.43,0.5,0.6666666666666666,16.0,74.88,80.0,26.34,44.824,무충전 완주,0,50.17628205128205,0.0,0.3333333333333333,0.3333333333333333,0.16666666666666666,0.16666666666666666,0.3333333333333333,0.6666666666666666,0.0,0.0,35.17628205128205,36.47574500107774,36.35409544159543,36.653923,XGBoost,36.653923,51.653923
40_261,40.0,261,6,건식,많음,108.43,0.16666666666666666,1.1666666666666667,21.133333333333333,74.88,80.0,39.73,26.942,무충전 완주,0,68.05822649572649,0.3333333333333333,0.16666666666666666,0.16666666666666666,0.16666666666666666,0.16666666666666666,0.5,0.3333333333333333,0.16666666666666666,0.0,53.05822649572649,54.247945346702544,55.04438212250721,53.46199,XGBoost,53.46199,68.46199
40_262,40.0,262,6,건식,적음,108.43,0.3333333333333333,0.16666666666666666,9.133333333333333,74.88,80.0,21.82,50.86,무충전 완주,0,44.13995726495727,0.0,0.3333333333333333,0.6666666666666666,0.0,0.0,0.0,0.8333333333333334,0.16666666666666666,0.0,29.139957264957268,21.624858788633063,26.624808582621075,26.803219,XGBoost,26.803219,41.80322
40_265,40.0,265,6,건식,적음,108.43,0.3333333333333333,0.3333333333333333,10.266666666666667,74.88,80.0,19.496,53.964,무충전 완주,0,41.03632478632478,0.0,0.3333333333333333,0.5,0.16666666666666666,0.0,0.0,0.6666666666666666,0.3333333333333333,0.0,26.036324786324787,22.203649438963694,26.727966375830967,26.272028,XGBoost,26.272028,41.272026
40_267,40.0,267,6,건식,보통,108.42999999999999,0.6666666666666666,1.3333333333333333,24.608333333333334,74.88,80.0,34.711,33.644,무충전 완주,0,61.355502136752136,0.3333333333333333,0.16666666666666666,0.16666666666666666,0.3333333333333333,0.0,0.16666666666666666,0.16666666666666666,0.5,0.16666666666666666,46.355502136752136,52.096174821041735,51.78842592592599,50.330727,XGBoost,50.330727,65.33073
40_272,40.0,272,6,건식,보통,108.431,0.0,0.16666666666666666,9.133333333333333,74.88,80.0,20.697,52.359,무충전 완주,0,42.64022435897436,0.0,0.16666666666666666,0.6666666666666666,0.16666666666666666,0.0,0.0,0.8333333333333334,0.16666666666666666,0.0,27.640224358974358,26.57517877451515,26.263796222103593,26.997557,XGBoost,26.997557,41.99756
40_278,40.0,278,6,건식,많음,108.43,0.6666666666666666,0.3333333333333333,10.266666666666667,74.88,80.0,29.03,41.231,무충전 완주,0,53.768696581196586,0.0,0.5,0.5,0.0,0.0,0.0,0.6666666666666666,0.3333333333333333,0.0,38.768696581196586,42.36585117962928,36.01554042022785,37.74347,XGBoost,37.74347,52.74347
40_284,40.0,284,6,물걸레,적음,108.43,1.1666666666666667,0.8333333333333334,13.666666666666666,74.88,80.0,28.47,41.979,무충전 완주,0,53.02083333333333,0.0,0.3333333333333333,0.5,0.16666666666666666,0.0,0.0,0.16666666666666666,0.8333333333333334,0.0,38.02083333333333,36.52846552225573,35.219977148622945,37.303448,XGBoost,37.303448,52.303448
40_285,40.0,285,6,건식,많음,108.429,0.6666666666666666,0.8333333333333334,15.4,74.88,80.0,33.344,35.47,무충전 완주,0,59.529914529914535,0.0,0.0,0.6666666666666666,0.16666666666666666,0.16666666666666666,0.16666666666666666,0.3333333333333333,0.5,0.0,44.529914529914535,49.907164333045394,51.18587962962963,47.82813,XGBoost,47.82813,62.82813
40_288,40.0,288,6,물걸레,적음,108.42999999999999,0.3333333333333333,0.6666666666666666,16.0,74.88,80.0,27.14,43.756,무충전 완주,0,51.244658119658126,0.16666666666666666,0.16666666666666666,0.5,0.16666666666666666,0.0,0.3333333333333333,0.6666666666666666,0.0,0.0,36.244658119658126,35.2445046635944,34.57143281101623,34.58502,XGBoost,34.58502,49.58502
40_291,40.0,291,6,건식,보통,108.43,0.8333333333333334,0.8333333333333334,15.4,74.88,80.0,28.56,41.859,무충전 완주,0,53.14102564102564,0.0,0.3333333333333333,0.3333333333333333,0.0,0.3333333333333333,0.16666666666666666,0.3333333333333333,0.5,0.0,38.14102564102564,37.14481874710747,38.96335915242163,39.262005,XGBoost,39.262005,54.262005
40_306,40.0,306,6,건식,많음,108.43,0.16666666666666666,1.0,18.266666666666666,74.88,80.0,31.896,37.404,무충전 완주,0,57.596153846153854,0.3333333333333333,0.0,0.5,0.0,0.16666666666666666,0.3333333333333333,0.3333333333333333,0.3333333333333333,0.0,42.596153846153854,49.68453013899892,56.71761930199437,49.6698,XGBoost,49.6698,64.6698
40_312,40.0,312,6,건식,많음,108.429,0.3333333333333333,1.1666666666666667,23.474999999999998,74.88,80.0,38.264,28.899,무충전 완주,0,66.10042735042737,0.16666666666666666,0.16666666666666666,0.16666666666666666,0.5,0.0,0.16666666666666666,0.3333333333333333,0.3333333333333333,0.16666666666666666,51.10042735042736,62.68329859162279,60.229024216524245,61.175575,XGBoost,61.175575,76.175575
40_318,40.0,318,6,건식,보통,108.43,0.0,0.5,13.133333333333333,74.88,80.0,26.2,45.011,무충전 완주,0,49.989316239316246,0.16666666666666666,0.16666666666666666,0.5,0.16666666666666666,0.0,0.16666666666666666,0.6666666666666666,0.16666666666666666,0.0,34.989316239316246,31.46875400031211,34.26955625296774,32.975456,XGBoost,32.975456,47.975456
40_319,40.0,319,6,건식,많음,108.43,0.3333333333333333,0.8333333333333334,15.4,74.88,80.0,35.245,32.932,무충전 완주,0,62.068643162393165,0.0,0.0,0.5,0.3333333333333333,0.16666666666666666,0.16666666666666666,0.3333333333333333,0.5,0.0,47.068643162393165,47.2388241128895,48.442163970289116,46.08699,XGBoost,46.08699,61.08699
40_32,40.0,32,6,물걸레,적음,108.431,0.5,0.8333333333333334,17.133333333333333,74.88,80.0,27.533,43.23,무충전 완주,0,51.76949786324787,0.16666666666666666,0.3333333333333333,0.16666666666666666,0.16666666666666666,0.16666666666666666,0.3333333333333333,0.5,0.16666666666666666,0.0,36.76949786324787,37.07516136177883,37.98279914529911,37.015213,XGBoost,37.015213,52.015213
40_321,40.0,321,6,건식,보통,108.43,0.8333333333333334,0.5,11.4,74.88,80.0,22.795,49.558,무충전 완주,0,45.4420405982906,0.0,0.6666666666666666,0.16666666666666666,0.0,0.16666666666666666,0.0,0.5,0.5,0.0,30.442040598290603,31.747315828131406,31.67550747863252,32.109825,XGBoost,32.109825,47.109825
40_327,40.0,327,6,물걸레,보통,108.429,0.5,0.3333333333333333,12.0,74.88,80.0,29.939,40.017,무충전 완주,0,54.98263888888889,0.0,0.5,0.3333333333333333,0.0,0.16666666666666666,0.16666666666666666,0.8333333333333334,0.0,0.0,39.98263888888889,35.6174278842786,35.89735131766385,37.797764,XGBoost,37.797764,52.797764
40_33,40.0,33,6,건식,적음,108.431,0.6666666666666666,1.0,20.608333333333334,74.88,80.0,26.822,44.18,무충전 완주,0,50.81997863247863,0.16666666666666666,0.3333333333333333,0.3333333333333333,0.16666666666666666,0.0,0.0,0.3333333333333333,0.5,0.16666666666666666,35.81997863247863,41.13276856989421,40.555045851139596,36.73406,XGBoost,36.73406,51.73406
40_334,40.0,334,6,물걸레,보통,108.43,0.5,1.0,20.0,74.88,80.0,29.275,40.904,무충전 완주,0,54.09588675213676,0.0,0.16666666666666666,0.3333333333333333,0.5,0.0,0.5,0.5,0.0,0.0,39.09588675213676,48.50013650038312,46.30815564161919,48.56256,XGBoost,48.56256,63.56256
40_335,40.0,335,6,건식,적음,108.42999999999999,0.5,1.0,22.34166666666667,74.88,80.0,30.444,39.343,무충전 완주,0,55.657051282051285,0.16666666666666666,0.3333333333333333,0.16666666666666666,0.3333333333333333,0.0,0.16666666666666666,0.5,0.16666666666666666,0.16666666666666666,40.657051282051285,43.469968471012,40.19460915242166,41.031643,XGBoost,41.031643,56.031643
40_345,40.0,345,6,물걸레,보통,108.429,0.3333333333333333,0.5,13.133333333333333,74.88,80.0,28.271,42.245,무충전 완주,0,52.75507478632479,0.16666666666666666,0.6666666666666666,0.16666666666666666,0.0,0.0,0.16666666666666666,0.6666666666666666,0.16666666666666666,0.0,37.75507478632479,37.17708457914114,39.01478365384617,38.529373,XGBoost,38.529373,53.529373
40_356,40.0,356,6,물걸레,많음,108.431,0.16666666666666666,1.1666666666666667,21.133333333333333,74.88,80.0,41.033,25.202,무충전 완주,0,69.79834401709402,0.3333333333333333,0.0,0.3333333333333333,0.16666666666666666,0.16666666666666666,0.5,0.3333333333333333,0.16666666666666666,0.0,54.798344017094024,59.428047631179965,55.56835381054146,61.229263,XGBoost,61.229263,76.22926
40_358,40.0,358,6,건식,적음,108.43,0.6666666666666666,0.6666666666666666,14.266666666666666,74.88,80.0,21.964,50.668,무충전 완주,0,44.332264957264954,0.16666666666666666,0.16666666666666666,0.6666666666666666,0.0,0.0,0.16666666666666666,0.5,0.3333333333333333,0.0,29.332264957264957,29.12335360468392,32.35768229166667,31.703934,XGBoost,31.703934,46.703934
40_36,40.0,36,6,건식,적음,108.429,0.3333333333333333,1.0,18.266666666666666,74.88,80.0,23.61,48.47,무충전 완주,0,46.530448717948715,0.16666666666666666,0.3333333333333333,0.16666666666666666,0.16666666666666666,0.16666666666666666,0.3333333333333333,0.3333333333333333,0.3333333333333333,0.0,31.530448717948715,33.27259111521475,36.09217414529913,34.268654,XGBoost,34.268654,49.268654
40_364,40.0,364,6,물걸레,많음,108.429,0.8333333333333334,1.0,18.266666666666666,74.88,80.0,38.738,28.266,무충전 완주,0,66.73344017094017,0.16666666666666666,0.3333333333333333,0.3333333333333333,0.16666666666666666,0.0,0.3333333333333333,0.3333333333333333,0.3333333333333333,0.0,51.73344017094017,59.645824145849794,62.32143429487176,59.053085,XGBoost,59.053085,74.053085
40_367,40.0,367,6,물걸레,많음,108.429,0.5,0.3333333333333333,10.266666666666667,74.88,80.0,33.356,35.454,무충전 완주,0,59.54594017094017,0.0,0.3333333333333333,0.6666666666666666,0.0,0.0,0.0,0.6666666666666666,0.3333333333333333,0.0,44.54594017094017,46.538043796154675,47.67624287749286,43.998604,XGBoost,43.998604,58.998604
40_368,40.0,368,6,물걸레,적음,108.431,0.5,0.6666666666666666,14.266666666666666,74.88,80.0,31.267,38.244,무충전 완주,0,56.756143162393165,0.16666666666666666,0.0,0.8333333333333334,0.0,0.0,0.16666666666666666,0.5,0.3333333333333333,0.0,41.756143162393165,33.981598571337614,34.55584416547972,34.746372,XGBoost,34.746372,49.746372
40_371,40.0,371,6,물걸레,적음,108.42999999999999,0.5,0.6666666666666666,14.266666666666666,74.88,80.0,23.016,49.263,무충전 완주,0,45.73717948717949,0.16666666666666666,0.16666666666666666,0.6666666666666666,0.0,0.0,0.16666666666666666,0.5,0.3333333333333333,0.0,30.73717948717949,33.08721375038391,35.12143384971515,34.6007,XGBoost,34.6007,49.6007
40_373,40.0,373,6,물걸레,적음,108.429,0.3333333333333333,1.3333333333333333,26.34166666666667,74.88,80.0,36.0,31.923,무충전 완주,0,63.07692307692308,0.5,0.16666666666666666,0.16666666666666666,0.0,0.16666666666666666,0.3333333333333333,0.3333333333333333,0.16666666666666666,0.16666666666666666,48.07692307692308,52.861909821257115,51.42994569088313,50.77534,XGBoost,50.77534,65.775345
40_38,40.0,38,6,건식,많음,108.429,0.8333333333333334,1.3333333333333333,26.34166666666667,74.88,80.0,49.035,30.0,중간 충전 후 완주,1,80.48477564102564,0.16666666666666666,0.16666666666666666,0.16666666666666666,0.3333333333333333,0.16666666666666666,0.3333333333333333,0.3333333333333333,0.16666666666666666,0.16666666666666666,65.48477564102564,69.13202638129731,67.59413728632472,67.918106,XGBoost,67.918106,82.918106
40_387,40.0,387,6,물걸레,적음,108.429,0.6666666666666666,1.0,16.533333333333335,74.88,80.0,26.216,44.989,무충전 완주,0,50.01068376068376,0.16666666666666666,0.16666666666666666,0.3333333333333333,0.16666666666666666,0.16666666666666666,0.16666666666666666,0.16666666666666666,0.6666666666666666,0.0,35.01068376068376,37.66582642217282,41.89648771367516,39.240986,XGBoost,39.240986,54.240986
40_389,40.0,389,6,건식,많음,108.429,0.0,0.6666666666666666,16.0,74.88,80.0,36.141,31.735,무충전 완주,0,63.26522435897436,0.3333333333333333,0.3333333333333333,0.3333333333333333,0.0,0.0,0.3333333333333333,0.6666666666666666,0.0,0.0,48.26522435897436,48.17305630182761,42.82352653133911,46.631714,XGBoost,46.631714,61.631714
40_394,40.0,394,6,건식,많음,108.43,0.3333333333333333,1.5,29.208333333333332,74.88,80.0,60.282,30.0,중간 충전 후 완주,1,90.0,0.5,0.0,0.3333333333333333,0.16666666666666666,0.0,0.5,0.3333333333333333,0.0,0.16666666666666666,80.5048076923077,70.3792446045137,75.74035790598298,68.95031,XGBoost,68.95031,83.95031
40_398,40.0,398,6,물걸레,많음,108.429,1.1666666666666667,1.3333333333333333,24.608333333333334,74.88,80.0,54.837,30.0,중간 충전 후 완주,1,88.23317307692308,0.16666666666666666,0.16666666666666666,0.3333333333333333,0.3333333333333333,0.0,0.16666666666666666,0.16666666666666666,0.5,0.16666666666666666,73.23317307692308,72.5357097004542,72.04012197293456,74.67696,XGBoost,74.67696,89.67696
40_399,40.0,399,6,건식,많음,108.428,1.1666666666666667,0.8333333333333334,15.4,74.88,80.0,33.951,34.66,무충전 완주,0,60.340544871794876,0.0,0.3333333333333333,0.3333333333333333,0.3333333333333333,0.0,0.16666666666666666,0.3333333333333333,0.5,0.0,45.340544871794876,51.83577779568523,51.50823985042739,49.901264,XGBoost,49.901264,64.90126
40_4,40.0,4,6,물걸레,적음,108.429,0.8333333333333334,1.0,16.533333333333335,74.88,80.0,36.528,31.218,무충전 완주,0,63.78205128205128,0.0,0.16666666666666666,0.5,0.0,0.3333333333333333,0.16666666666666666,0.16666666666666666,0.6666666666666666,0.0,48.78205128205128,39.41351972589907,41.7147168803419,39.548035,XGBoost,39.548035,54.548035
40_41,40.0,41,6,건식,보통,108.431,0.8333333333333334,0.8333333333333334,15.4,74.88,80.0,33.353,35.458,무충전 완주,0,59.54193376068377,0.0,0.16666666666666666,0.6666666666666666,0.16666666666666666,0.0,0.16666666666666666,0.3333333333333333,0.5,0.0,44.54193376068377,37.91805455028698,35.012980769230715,38.90844,XGBoost,38.90844,53.90844
40_410,40.0,410,6,물걸레,보통,108.43,0.8333333333333334,1.0,22.34166666666667,74.88,80.0,31.203,38.33,무충전 완주,0,56.67067307692307,0.0,0.16666666666666666,0.5,0.3333333333333333,0.0,0.16666666666666666,0.5,0.16666666666666666,0.16666666666666666,41.67067307692307,56.19096923111211,51.22718720322884,53.751167,XGBoost,53.751167,68.75117
40_415,40.0,415,6,건식,많음,108.43,0.5,1.0,18.266666666666666,74.88,80.0,33.219,35.636,무충전 완주,0,59.362980769230774,0.16666666666666666,0.3333333333333333,0.16666666666666666,0.16666666666666666,0.16666666666666666,0.3333333333333333,0.3333333333333333,0.3333333333333333,0.0,44.362980769230774,51.738367011150714,57.75499020655273,51.03824,XGBoost,51.03824,66.03824
40_418,40.0,418,6,물걸레,많음,108.429,0.3333333333333333,0.6666666666666666,14.266666666666666,74.88,80.0,42.415,23.357,무충전 완주,0,71.64396367521368,0.0,0.16666666666666666,0.5,0.16666666666666666,0.16666666666666666,0.16666666666666666,0.5,0.3333333333333333,0.0,56.64396367521368,51.09723643106681,46.619112802706645,50.51442,XGBoost,50.51442,65.51442
40_42,40.0,42,6,건식,많음,108.43,0.16666666666666666,0.5,13.133333333333333,74.88,80.0,29.232,40.962,무충전 완주,0,54.03846153846154,0.0,0.3333333333333333,0.3333333333333333,0.16666666666666666,0.16666666666666666,0.16666666666666666,0.6666666666666666,0.16666666666666666,0.0,39.03846153846154,43.122768393362655,43.52203228869892,40.954235,XGBoost,40.954235,55.954235
40_420,40.0,420,6,건식,적음,108.43,0.6666666666666666,1.0,22.34166666666667,74.88,80.0,34.176,34.359,무충전 완주,0,60.64102564102564,0.3333333333333333,0.16666666666666666,0.5,0.0,0.0,0.16666666666666666,0.5,0.16666666666666666,0.16666666666666666,45.64102564102564,43.15212634006832,41.5948016826923,42.799503,XGBoost,42.799503,57.799503
40_424,40.0,424,6,물걸레,많음,108.42999999999999,0.5,1.1666666666666667,21.133333333333333,74.88,80.0,49.411,30.0,중간 충전 후 완주,1,80.9869123931624,0.16666666666666666,0.3333333333333333,0.0,0.0,0.5,0.5,0.3333333333333333,0.16666666666666666,0.0,65.9869123931624,61.22510166639562,59.34330929487193,61.34786,XGBoost,61.34786,76.347855
40_431,40.0,431,6,물걸레,적음,108.429,1.0,1.0,22.34166666666667,74.88,80.0,36.753,30.918,무충전 완주,0,64.08253205128204,0.16666666666666666,0.5,0.0,0.16666666666666666,0.16666666666666666,0.16666666666666666,0.5,0.16666666666666666,0.16666666666666666,49.08253205128205,50.63271816852877,47.38752225783485,50.00536,XGBoost,50.00536,65.005356
40_439,40.0,439,6,물걸레,많음,108.43,0.8333333333333334,0.5,11.4,74.88,80.0,32.082,37.156,무충전 완주,0,57.844551282051285,0.0,0.3333333333333333,0.6666666666666666,0.0,0.0,0.0,0.5,0.5,0.0,42.844551282051285,50.16041022942614,47.18802083333335,46.580856,XGBoost,46.580856,61.580856
40_443,40.0,443,6,건식,적음,108.43,0.3333333333333333,0.8333333333333334,17.133333333333333,74.88,80.0,26.494,44.618,무충전 완주,0,50.38194444444444,0.16666666666666666,0.3333333333333333,0.16666666666666666,0.3333333333333333,0.0,0.3333333333333333,0.5,0.16666666666666666,0.0,35.38194444444444,31.509154367480036,33.11462896189465,32.197624,XGBoost,32.197624,47.197624
40_451,40.0,451,6,물걸레,적음,108.429,1.0,1.3333333333333333,22.266666666666666,74.88,80.0,37.084,30.476,무충전 완주,0,64.52457264957266,0.0,0.16666666666666666,0.16666666666666666,0.0,0.6666666666666666,0.5,0.16666666666666666,0.3333333333333333,0.0,49.524572649572654,48.48236260012775,49.697794842117816,43.46855,XGBoost,43.46855,58.46855
40_455,40.0,455,6,물걸레,적음,108.43,1.3333333333333333,1.1666666666666667,21.741666666666664,74.88,80.0,32.571,36.502,무충전 완주,0,58.49759615384615,0.0,0.16666666666666666,0.6666666666666666,0.16666666666666666,0.0,0.0,0.16666666666666666,0.6666666666666666,0.16666666666666666,43.49759615384615,51.40617367205135,49.43600672186615,48.061577,XGBoost,48.061577,63.061577
40_462,40.0,462,6,건식,적음,108.428,0.16666666666666666,0.3333333333333333,12.0,74.88,80.0,23.869,48.124,무충전 완주,0,46.87633547008547,0.0,0.3333333333333333,0.5,0.0,0.16666666666666666,0.16666666666666666,0.8333333333333334,0.0,0.0,31.876335470085472,23.84491461422708,26.9437848706078,28.540977,XGBoost,28.540977,43.540977
40_463,40.0,463,6,건식,많음,108.429,0.3333333333333333,0.3333333333333333,10.266666666666667,74.88,80.0,26.559,44.532,무충전 완주,0,50.46875000000001,0.0,0.16666666666666666,0.6666666666666666,0.16666666666666666,0.0,0.0,0.6666666666666666,0.3333333333333333,0.0,35.46875000000001,40.42499268847073,39.88016826923075,36.81695,XGBoost,36.81695,51.81695
40_464,40.0,464,6,물걸레,적음,108.43,0.5,0.5,13.133333333333333,74.88,80.0,20.043,53.233,무충전 완주,0,41.76682692307693,0.0,0.3333333333333333,0.5,0.0,0.16666666666666666,0.16666666666666666,0.6666666666666666,0.16666666666666666,0.0,26.766826923076927,31.883906310453305,36.21669337606848,33.809345,XGBoost,33.809345,48.809345
40_470,40.0,470,6,물걸레,적음,108.431,0.6666666666666666,1.0,16.533333333333335,74.88,80.0,22.782,49.575,무충전 완주,0,45.42467948717949,0.0,0.16666666666666666,0.3333333333333333,0.5,0.0,0.16666666666666666,0.16666666666666666,0.6666666666666666,0.0,30.42467948717949,38.68050677378798,40.96806891025647,39.106964,XGBoost,39.106964,54.106964
40_475,40.0,475,6,물걸레,적음,108.43,0.3333333333333333,0.16666666666666666,9.133333333333333,74.88,80.0,25.67,45.718,무충전 완주,0,49.2815170940171,0.0,0.3333333333333333,0.6666666666666666,0.0,0.0,0.0,0.8333333333333334,0.16666666666666666,0.0,34.2815170940171,25.91057625215406,30.098984502187637,29.54211,XGBoost,29.54211,44.54211
40_479,40.0,479,6,물걸레,적음,108.43,1.0,1.0,16.533333333333335,74.88,80.0,26.419,44.718,무충전 완주,0,50.281784188034194,0.0,0.16666666666666666,0.5,0.0,0.3333333333333333,0.16666666666666666,0.16666666666666666,0.6666666666666666,0.0,35.281784188034194,39.55546805581549,42.040095263532784,42.49794,XGBoost,42.49794,57.49794
40_484,40.0,484,6,물걸레,많음,108.43,0.3333333333333333,1.5,27.474999999999998,74.88,80.0,47.677,16.328,무충전 완주,0,78.67120726495726,0.3333333333333333,0.0,0.16666666666666666,0.16666666666666666,0.3333333333333333,0.3333333333333333,0.16666666666666666,0.3333333333333333,0.16666666666666666,63.67120726495726,71.9292154605227,71.12104700854704,73.45111,XGBoost,73.45111,88.45111
40_485,40.0,485,6,건식,많음,108.42999999999999,0.3333333333333333,0.8333333333333334,17.133333333333333,74.88,80.0,29.821,40.175,무충전 완주,0,54.82505341880342,0.3333333333333333,0.16666666666666666,0.5,0.0,0.0,0.3333333333333333,0.5,0.16666666666666666,0.0,39.82505341880342,48.88246569739653,43.74407496438748,46.77288,XGBoost,46.77288,61.77288
40_49,40.0,49,6,물걸레,적음,108.431,0.16666666666666666,0.3333333333333333,10.266666666666667,74.88,80.0,24.879,46.775,무충전 완주,0,48.225160256410255,0.0,0.16666666666666666,0.6666666666666666,0.0,0.16666666666666666,0.0,0.6666666666666666,0.3333333333333333,0.0,33.225160256410255,26.53273170585414,29.89157511277307,29.994467,XGBoost,29.994467,44.99447
40_492,40.0,492,6,물걸레,보통,108.43,0.5,0.6666666666666666,14.266666666666666,74.88,80.0,33.722,34.965,무충전 완주,0,60.03472222222223,0.0,0.0,0.8333333333333334,0.16666666666666666,0.0,0.16666666666666666,0.5,0.3333333333333333,0.0,45.03472222222223,39.34488260205508,38.97562062262585,41.59517,XGBoost,41.59517,56.59517
40_493,40.0,493,6,물걸레,적음,108.43,0.16666666666666666,0.16666666666666666,9.133333333333333,74.88,80.0,21.879,50.781,무충전 완주,0,44.21875,0.0,0.8333333333333334,0.16666666666666666,0.0,0.0,0.0,0.8333333333333334,0.16666666666666666,0.0,29.218750000000004,25.192631698227267,25.70868315230292,27.699156,XGBoost,27.699156,42.699158
40_494,40.0,494,6,물걸레,적음,108.429,0.6666666666666666,0.6666666666666666,12.533333333333333,74.88,80.0,25.156,46.405,무충전 완주,0,48.59508547008547,0.0,0.3333333333333333,0.5,0.16666666666666666,0.0,0.0,0.3333333333333333,0.6666666666666666,0.0,33.59508547008547,33.6301120971012,33.24198346984805,33.47545,XGBoost,33.47545,48.47545
40_508,40.0,508,6,건식,많음,108.431,0.8333333333333334,1.3333333333333333,26.34166666666667,74.88,80.0,52.866,30.0,중간 충전 후 완주,1,85.60096153846153,0.16666666666666666,0.3333333333333333,0.16666666666666666,0.16666666666666666,0.16666666666666666,0.3333333333333333,0.3333333333333333,0.16666666666666666,0.16666666666666666,70.60096153846153,68.9209976185429,68.12209757834754,64.55909,XGBoost,64.55909,79.55909
40_510,40.0,510,6,물걸레,적음,108.43,0.16666666666666666,0.5,13.133333333333333,74.88,80.0,22.52,49.925,무충전 완주,0,45.074786324786324,0.0,0.3333333333333333,0.3333333333333333,0.16666666666666666,0.16666666666666666,0.16666666666666666,0.6666666666666666,0.16666666666666666,0.0,30.074786324786324,30.441345404145395,29.09836122981953,32.989223,XGBoost,32.989223,47.989223
40_512,40.0,512,6,물걸레,적음,108.429,0.6666666666666666,0.8333333333333334,19.474999999999998,74.88,80.0,36.187,31.674,무충전 완주,0,63.32665598290598,0.16666666666666666,0.16666666666666666,0.5,0.16666666666666666,0.0,0.0,0.5,0.3333333333333333,0.16666666666666666,48.32665598290598,44.739907358498805,44.79538817663808,44.29095,XGBoost,44.29095,59.29095
40_520,40.0,520,6,물걸레,적음,108.43,0.8333333333333334,1.3333333333333333,24.608333333333334,74.88,80.0,38.229,28.946,무충전 완주,0,66.0536858974359,0.16666666666666666,0.16666666666666666,0.3333333333333333,0.16666666666666666,0.16666666666666666,0.16666666666666666,0.16666666666666666,0.5,0.16666666666666666,51.0536858974359,53.48072938579789,50.384674145299066,49.255356,XGBoost,49.255356,64.255356
40_521,40.0,521,6,건식,적음,108.429,0.5,0.8333333333333334,17.133333333333333,74.88,80.0,21.569,51.195,무충전 완주,0,43.80475427350427,0.3333333333333333,0.5,0.16666666666666666,0.0,0.0,0.3333333333333333,0.5,0.16666666666666666,0.0,28.804754273504273,31.625191045944938,35.22885060541315,34.38351,XGBoost,34.38351,49.38351
40_524,40.0,524,6,건식,많음,108.43,0.6666666666666666,0.8333333333333334,17.133333333333333,74.88,80.0,35.549,32.525,무충전 완주,0,62.47462606837607,0.16666666666666666,0.16666666666666666,0.5,0.0,0.16666666666666666,0.3333333333333333,0.5,0.16666666666666666,0.0,47.47462606837607,51.82067394890616,48.08920940170938,49.739853,XGBoost,49.739853,64.73985
40_526,40.0,526,6,건식,보통,108.429,0.5,1.0,18.266666666666666,74.88,80.0,31.511,37.919,무충전 완주,0,57.081997863247864,0.0,0.0,0.3333333333333333,0.16666666666666666,0.5,0.3333333333333333,0.3333333333333333,0.3333333333333333,0.0,42.081997863247864,40.62332336009137,42.25241720085458,42.552475,XGBoost,42.552475,57.552475
40_532,40.0,532,6,물걸레,보통,108.429,0.8333333333333334,0.6666666666666666,14.266666666666666,74.88,80.0,33.274,35.563,무충전 완주,0,59.436431623931625,0.0,0.3333333333333333,0.5,0.0,0.16666666666666666,0.16666666666666666,0.5,0.3333333333333333,0.0,44.436431623931625,40.514946922027754,40.84082532051287,40.613846,XGBoost,40.613846,55.613846
40_540,40.0,540,6,건식,적음,108.42999999999999,1.0,1.1666666666666667,27.55,74.88,80.0,39.572,27.153,무충전 완주,0,67.84722222222223,0.16666666666666666,0.3333333333333333,0.3333333333333333,0.16666666666666666,0.0,0.0,0.5,0.16666666666666666,0.3333333333333333,52.847222222222236,49.32078437225025,57.47382478632474,55.862732,XGBoost,55.862732,70.86273
40_55,40.0,55,6,물걸레,많음,108.42999999999999,0.16666666666666666,0.6666666666666666,14.266666666666666,74.88,80.0,30.632,39.092,무충전 완주,0,55.90811965811966,0.16666666666666666,0.3333333333333333,0.3333333333333333,0.16666666666666666,0.0,0.16666666666666666,0.5,0.3333333333333333,0.0,40.90811965811966,49.62924013983454,48.49506321225091,48.78266,XGBoost,48.78266,63.78266
40_560,40.0,560,6,건식,많음,108.43,1.0,0.8333333333333334,15.4,74.88,80.0,36.576,31.154,무충전 완주,0,63.846153846153854,0.0,0.16666666666666666,0.5,0.16666666666666666,0.16666666666666666,0.16666666666666666,0.3333333333333333,0.5,0.0,48.846153846153854,50.653363285205344,54.297520477208025,51.10315,XGBoost,51.10315,66.10315
40_562,40.0,562,6,물걸레,보통,108.429,0.3333333333333333,0.8333333333333334,17.133333333333333,74.88,80.0,33.296,35.535,무충전 완주,0,59.465811965811966,0.0,0.16666666666666666,0.3333333333333333,0.16666666666666666,0.3333333333333333,0.3333333333333333,0.5,0.16666666666666666,0.0,44.465811965811966,42.841628171678536,42.05745036502846,43.398163,XGBoost,43.398163,58.398163
40_566,40.0,566,6,물걸레,보통,108.42999999999999,0.5,0.3333333333333333,12.0,74.88,80.0,29.954,39.998,무충전 완주,0,55.002670940170944,0.0,0.5,0.3333333333333333,0.0,0.16666666666666666,0.16666666666666666,0.8333333333333334,0.0,0.0,40.002670940170944,35.437518896374016,36.954171118233695,37.91688,XGBoost,37.91688,52.91688
40_567,40.0,567,6,건식,많음,108.43,0.16666666666666666,0.5,17.208333333333332,74.88,80.0,44.788,20.187,무충전 완주,0,74.81303418803418,0.16666666666666666,0.0,0.8333333333333334,0.0,0.0,0.0,0.8333333333333334,0.0,0.16666666666666666,59.81303418803419,51.21023434011515,49.21994747150994,49.039562,XGBoost,49.039562,64.039566
40_570,40.0,570,6,건식,많음,108.429,0.5,1.3333333333333333,26.34166666666667,74.88,80.0,44.591,20.45,무충전 완주,0,74.5499465811966,0.5,0.0,0.5,0.0,0.0,0.3333333333333333,0.3333333333333333,0.16666666666666666,0.16666666666666666,59.549946581196586,66.59998900696094,66.8329683048433,69.00034,XGBoost,69.00034,84.00034
40_573,40.0,573,6,건식,적음,108.43,0.5,0.6666666666666666,14.266666666666666,74.88,80.0,24.891,46.758,무충전 완주,0,48.2411858974359,0.0,0.5,0.0,0.5,0.0,0.16666666666666666,0.5,0.3333333333333333,0.0,33.2411858974359,28.189689230785113,30.26501958689451,31.595226,XGBoost,31.595226,46.595226
40_574,40.0,574,6,물걸레,보통,108.429,0.6666666666666666,1.0,20.608333333333334,74.88,80.0,45.809,18.824,무충전 완주,0,76.17654914529913,0.16666666666666666,0.5,0.16666666666666666,0.0,0.16666666666666666,0.0,0.3333333333333333,0.5,0.16666666666666666,61.17654914529914,51.961314680913596,47.94364316239333,48.35021,XGBoost,48.35021,63.35021
40_578,40.0,578,6,물걸레,많음,108.429,0.3333333333333333,1.1666666666666667,23.474999999999998,74.88,80.0,42.53,23.202,무충전 완주,0,71.79754273504274,0.16666666666666666,0.3333333333333333,0.0,0.16666666666666666,0.3333333333333333,0.16666666666666666,0.3333333333333333,0.3333333333333333,0.16666666666666666,56.79754273504274,67.54977107331926,69.14223201566953,67.06146,XGBoost,67.06146,82.06146
40_58,40.0,58,6,건식,적음,108.43,0.6666666666666666,1.0,18.266666666666666,74.88,80.0,26.76,44.263,무충전 완주,0,50.737179487179496,0.16666666666666666,0.0,0.6666666666666666,0.0,0.16666666666666666,0.3333333333333333,0.3333333333333333,0.3333333333333333,0.0,35.737179487179496,35.63796032539764,37.44471599002844,35.711567,XGBoost,35.711567,50.711567
40_580,40.0,580,6,건식,보통,108.429,0.8333333333333334,1.3333333333333333,26.34166666666667,74.88,80.0,42.375,23.41,무충전 완주,0,71.59054487179488,0.3333333333333333,0.16666666666666666,0.3333333333333333,0.16666666666666666,0.0,0.3333333333333333,0.3333333333333333,0.16666666666666666,0.16666666666666666,56.590544871794876,56.05314832444301,53.624234330484285,54.408955,XGBoost,54.408955,69.40895
40_587,40.0,587,6,건식,많음,108.431,0.16666666666666666,0.0,8.0,74.88,80.0,20.337,52.84,무충전 완주,0,42.159455128205124,0.0,0.6666666666666666,0.3333333333333333,0.0,0.0,0.0,1.0,0.0,0.0,27.159455128205128,41.959538244069336,35.996153846153796,32.253677,XGBoost,32.253677,47.253677
40_589,40.0,589,6,건식,적음,108.43,1.0,1.1666666666666667,19.400000000000002,74.88,80.0,29.903,40.066,무충전 완주,0,54.934561965811966,0.0,0.5,0.0,0.3333333333333333,0.16666666666666666,0.3333333333333333,0.16666666666666666,0.5,0.0,39.934561965811966,38.977217903558824,38.867663817663775,42.04722,XGBoost,42.04722,57.04722
40_594,40.0,594,6,건식,적음,108.42999999999999,0.8333333333333334,0.8333333333333334,17.133333333333333,74.88,80.0,22.919,49.392,무충전 완주,0,45.60763888888889,0.0,0.3333333333333333,0.3333333333333333,0.0,0.3333333333333333,0.3333333333333333,0.5,0.16666666666666666,0.0,30.607638888888893,35.038903507716036,35.06251780626782,35.763233,XGBoost,35.763233,50.763233
40_598,40.0,598,6,건식,보통,108.429,0.16666666666666666,1.1666666666666667,19.400000000000002,74.88,80.0,36.44,31.335,무충전 완주,0,63.664529914529915,0.3333333333333333,0.0,0.3333333333333333,0.0,0.3333333333333333,0.3333333333333333,0.16666666666666666,0.5,0.0,48.664529914529915,38.64165315316437,41.83761128917382,42.668327,XGBoost,42.668327,57.668327
40_600,40.0,600,6,건식,많음,108.428,0.6666666666666666,0.8333333333333334,15.4,74.88,80.0,39.613,27.098,무충전 완주,0,67.9019764957265,0.0,0.3333333333333333,0.3333333333333333,0.0,0.3333333333333333,0.16666666666666666,0.3333333333333333,0.5,0.0,52.9019764957265,49.81188044268844,49.294199608262076,47.746864,XGBoost,47.746864,62.746864
40_609,40.0,609,6,물걸레,보통,108.431,0.8333333333333334,1.6666666666666667,32.68333333333333,74.88,80.0,55.429,30.0,중간 충전 후 완주,1,89.02377136752138,0.5,0.16666666666666666,0.3333333333333333,0.0,0.0,0.16666666666666666,0.16666666666666666,0.3333333333333333,0.3333333333333333,74.02377136752138,66.06785385978425,67.35913906695173,67.66014,XGBoost,67.66014,82.66014
40_611,40.0,611,6,건식,많음,108.429,0.8333333333333334,0.8333333333333334,15.4,74.88,80.0,35.249,32.926,무충전 완주,0,62.07398504273505,0.0,0.3333333333333333,0.5,0.0,0.16666666666666666,0.16666666666666666,0.3333333333333333,0.5,0.0,47.07398504273505,50.66020416834686,51.67098023504269,48.64881,XGBoost,48.64881,63.64881
40_612,40.0,612,6,물걸레,보통,108.43,1.0,1.0,18.266666666666666,74.88,80.0,34.489,33.941,무충전 완주,0,61.05902777777778,0.0,0.16666666666666666,0.5,0.3333333333333333,0.0,0.3333333333333333,0.3333333333333333,0.3333333333333333,0.0,46.05902777777778,48.34324733610182,50.00846576745005,48.02482,XGBoost,48.02482,63.02482
40_615,40.0,615,6,물걸레,보통,108.43,0.3333333333333333,1.0,18.266666666666666,74.88,80.0,39.759,26.903,무충전 완주,0,68.09695512820514,0.16666666666666666,0.16666666666666666,0.3333333333333333,0.16666666666666666,0.16666666666666666,0.3333333333333333,0.3333333333333333,0.3333333333333333,0.0,53.09695512820514,43.83660314077829,45.0027425362061,45.278038,XGBoost,45.278038,60.278038
40_619,40.0,619,6,물걸레,많음,108.43,1.1666666666666667,1.0,20.608333333333334,74.88,80.0,48.961,30.0,중간 충전 후 완주,1,80.38595085470085,0.0,0.3333333333333333,0.3333333333333333,0.16666666666666666,0.16666666666666666,0.0,0.3333333333333333,0.5,0.16666666666666666,65.38595085470085,66.56065458199458,63.25199430199427,66.732,XGBoost,66.732,81.732
40_631,40.0,631,6,건식,보통,108.43,0.5,0.6666666666666666,18.341666666666665,74.88,80.0,25.978,45.308,무충전 완주,0,49.69284188034189,0.16666666666666666,0.16666666666666666,0.6666666666666666,0.0,0.0,0.0,0.6666666666666666,0.16666666666666666,0.16666666666666666,34.69284188034189,41.619931702182555,44.15140224358982,44.014126,XGBoost,44.014126,59.014126
40_65,40.0,65,6,건식,적음,108.43,0.6666666666666666,0.8333333333333334,17.133333333333333,74.88,80.0,28.475,41.973,무충전 완주,0,53.02751068376069,0.0,0.3333333333333333,0.3333333333333333,0.0,0.3333333333333333,0.3333333333333333,0.5,0.16666666666666666,0.0,38.02751068376069,34.40622940254895,35.64817485754985,34.933636,XGBoost,34.933636,49.933636
40_651,40.0,651,6,물걸레,적음,108.43,0.16666666666666666,0.0,8.0,74.88,80.0,22.442,50.029,무충전 완주,0,44.97061965811966,0.0,0.5,0.5,0.0,0.0,0.0,1.0,0.0,0.0,29.970619658119663,29.486447725677927,25.280727682811005,27.203194,XGBoost,27.203194,42.203194
40_652,40.0,652,6,물걸레,보통,108.42999999999999,0.16666666666666666,0.3333333333333333,10.266666666666667,74.88,80.0,23.408,48.74,무충전 완주,0,46.26068376068376,0.0,0.5,0.3333333333333333,0.0,0.16666666666666666,0.0,0.6666666666666666,0.3333333333333333,0.0,31.260683760683765,32.03970346900865,32.54103884734093,33.168385,XGBoost,33.168385,48.168385
40_657,40.0,657,6,건식,많음,108.429,0.6666666666666666,0.8333333333333334,15.4,74.88,80.0,34.481,33.951,무충전 완주,0,61.048344017094024,0.0,0.16666666666666666,0.5,0.16666666666666666,0.16666666666666666,0.16666666666666666,0.3333333333333333,0.5,0.0,46.048344017094024,49.87874085012458,51.116697827635356,48.380856,XGBoost,48.380856,63.380856
40_681,40.0,681,6,물걸레,적음,108.43,0.6666666666666666,1.3333333333333333,30.416666666666668,74.88,80.0,36.13,31.75,무충전 완주,0,63.250534188034194,0.3333333333333333,0.0,0.5,0.0,0.16666666666666666,0.16666666666666666,0.5,0.0,0.3333333333333333,48.250534188034194,57.282844855100265,60.55284009971513,62.047832,XGBoost,62.047832,77.04784
40_683,40.0,683,6,물걸레,보통,108.43,0.16666666666666666,0.6666666666666666,12.533333333333333,74.88,80.0,32.387,36.749,무충전 완주,0,58.25186965811966,0.0,0.3333333333333333,0.16666666666666666,0.5,0.0,0.0,0.3333333333333333,0.6666666666666666,0.0,43.25186965811966,35.53579481689105,38.37959520417858,36.38262,XGBoost,36.38262,51.38262
40_69,40.0,69,6,물걸레,적음,108.429,0.5,0.8333333333333334,15.4,74.88,80.0,27.551,43.206,무충전 완주,0,51.793536324786324,0.16666666666666666,0.3333333333333333,0.3333333333333333,0.16666666666666666,0.0,0.16666666666666666,0.3333333333333333,0.5,0.0,36.793536324786324,34.86336023163852,35.066813568376034,36.044964,XGBoost,36.044964,51.044964
40_691,40.0,691,6,건식,보통,108.42999999999999,0.16666666666666666,0.8333333333333334,15.4,74.88,80.0,31.784,37.554,무충전 완주,0,57.44658119658119,0.16666666666666666,0.3333333333333333,0.16666666666666666,0.16666666666666666,0.16666666666666666,0.16666666666666666,0.3333333333333333,0.5,0.0,42.44658119658119,33.07486637663102,38.36836516203698,37.15859,XGBoost,37.15859,52.15859
40_693,40.0,693,6,물걸레,많음,108.429,0.5,0.5,13.133333333333333,74.88,80.0,41.278,24.874,무충전 완주,0,70.12553418803418,0.16666666666666666,0.3333333333333333,0.5,0.0,0.0,0.16666666666666666,0.6666666666666666,0.16666666666666666,0.0,55.12553418803419,49.449836361797004,47.8443077813391,47.395935,XGBoost,47.395935,62.395935
40_699,40.0,699,6,물걸레,많음,108.43,0.6666666666666666,0.8333333333333334,19.474999999999998,74.88,80.0,54.496,30.0,중간 충전 후 완주,1,87.77777777777779,0.0,0.16666666666666666,0.6666666666666666,0.16666666666666666,0.0,0.0,0.5,0.3333333333333333,0.16666666666666666,72.77777777777779,63.90637426025448,64.90948183760679,65.17223,XGBoost,65.17223,80.17223
40_714,40.0,714,6,물걸레,보통,108.429,0.3333333333333333,1.0,22.34166666666667,74.88,80.0,41.885,24.063,무충전 완주,0,70.93616452991454,0.3333333333333333,0.16666666666666666,0.3333333333333333,0.16666666666666666,0.0,0.16666666666666666,0.5,0.16666666666666666,0.16666666666666666,55.936164529914535,51.86991841361772,47.29737468839036,49.65898,XGBoost,49.65898,64.65898
40_718,40.0,718,6,물걸레,적음,108.429,0.0,0.16666666666666666,9.133333333333333,74.88,80.0,25.655,45.738,무충전 완주,0,49.261485042735046,0.0,0.5,0.3333333333333333,0.16666666666666666,0.0,0.0,0.8333333333333334,0.16666666666666666,0.0,34.261485042735046,26.82582783285914,26.71337399097809,27.32057,XGBoost,27.32057,42.32057
40_731,40.0,731,6,건식,보통,108.43,0.16666666666666666,1.0,22.34166666666667,74.88,80.0,36.27,31.563,무충전 완주,0,63.43750000000001,0.3333333333333333,0.3333333333333333,0.16666666666666666,0.0,0.16666666666666666,0.16666666666666666,0.5,0.16666666666666666,0.16666666666666666,48.43750000000001,45.478978135741414,44.423217147435864,49.14942,XGBoost,49.14942,64.14942
40_735,40.0,735,6,물걸레,많음,108.43,0.5,0.5,13.133333333333333,74.88,80.0,39.69,26.995,무충전 완주,0,68.00480769230768,0.0,0.3333333333333333,0.5,0.0,0.16666666666666666,0.16666666666666666,0.6666666666666666,0.16666666666666666,0.0,53.004807692307686,50.942787415072864,48.803311965811915,48.34571,XGBoost,48.34571,63.34571
40_744,40.0,744,6,건식,보통,108.429,0.5,0.6666666666666666,12.533333333333333,74.88,80.0,30.711,38.987,무충전 완주,0,56.013621794871796,0.0,0.16666666666666666,0.3333333333333333,0.3333333333333333,0.16666666666666666,0.0,0.3333333333333333,0.6666666666666666,0.0,41.013621794871796,32.5054121221047,33.33757567663815,34.064514,XGBoost,34.064514,49.064514
40_748,40.0,748,6,물걸레,많음,108.429,0.16666666666666666,0.3333333333333333,10.266666666666667,74.88,80.0,34.893,33.402,무충전 완주,0,61.59855769230769,0.0,0.3333333333333333,0.3333333333333333,0.16666666666666666,0.16666666666666666,0.0,0.6666666666666666,0.3333333333333333,0.0,46.59855769230769,44.69992428144583,39.30511633428316,40.878788,XGBoost,40.878788,55.878788
40_759,40.0,759,6,물걸레,적음,108.429,0.8333333333333334,0.5,11.4,74.88,80.0,24.716,46.992,무충전 완주,0,48.00747863247864,0.0,0.3333333333333333,0.6666666666666666,0.0,0.0,0.0,0.5,0.5,0.0,33.00747863247864,32.63812522599517,34.1559280033238,32.90005,XGBoost,32.90005,47.90005
40_767,40.0,767,6,물걸레,보통,108.43,0.16666666666666666,0.3333333333333333,10.266666666666667,74.88,80.0,23.157,49.075,무충전 완주,0,45.925480769230774,0.0,0.16666666666666666,0.5,0.3333333333333333,0.0,0.0,0.6666666666666666,0.3333333333333333,0.0,30.925480769230774,32.137683651290985,32.65138406635802,32.36698,XGBoost,32.36698,47.36698
40_777,40.0,777,6,물걸레,보통,108.431,0.16666666666666666,0.6666666666666666,14.266666666666666,74.88,80.0,25.139,46.428,무충전 완주,0,48.57238247863248,0.16666666666666666,0.16666666666666666,0.5,0.16666666666666666,0.0,0.16666666666666666,0.5,0.3333333333333333,0.0,33.57238247863248,36.84865359725707,39.709860517568835,39.401207,XGBoost,39.401207,54.401207
40_779,40.0,779,6,건식,보통,108.429,0.5,1.1666666666666667,27.55,74.88,80.0,41.213,24.962,무충전 완주,0,70.03872863247864,0.3333333333333333,0.0,0.6666666666666666,0.0,0.0,0.0,0.5,0.16666666666666666,0.3333333333333333,55.03872863247864,51.46303858532705,55.05752314814808,53.88864,XGBoost,53.88864,68.88864
40_784,40.0,784,6,건식,많음,108.42999999999999,0.6666666666666666,0.6666666666666666,18.341666666666665,74.88,80.0,45.907,18.693,무충전 완주,0,76.30742521367522,0.16666666666666666,0.3333333333333333,0.5,0.0,0.0,0.0,0.6666666666666666,0.16666666666666666,0.16666666666666666,61.30742521367522,55.89915368796001,52.10567129629636,54.459774,XGBoost,54.459774,69.45978
40_79,40.0,79,6,건식,보통,108.42999999999999,0.3333333333333333,1.0,18.266666666666666,74.88,80.0,23.926,48.047,무충전 완주,0,46.95245726495726,0.3333333333333333,0.16666666666666666,0.3333333333333333,0.0,0.16666666666666666,0.3333333333333333,0.3333333333333333,0.3333333333333333,0.0,31.952457264957264,38.70555004959532,44.603273682336116,42.418346,XGBoost,42.418346,57.418346
40_790,40.0,790,6,물걸레,보통,108.429,0.5,0.6666666666666666,14.266666666666666,74.88,80.0,35.663,32.373,무충전 완주,0,62.62686965811966,0.16666666666666666,0.5,0.16666666666666666,0.0,0.16666666666666666,0.16666666666666666,0.5,0.3333333333333333,0.0,47.62686965811966,38.19862690513431,43.1972845441595,40.783356,XGBoost,40.783356,55.783356
40_793,40.0,793,6,물걸레,적음,108.43,0.6666666666666666,0.6666666666666666,12.533333333333333,74.88,80.0,29.847,40.141,무충전 완주,0,54.85977564102565,0.0,0.16666666666666666,0.5,0.16666666666666666,0.16666666666666666,0.0,0.3333333333333333,0.6666666666666666,0.0,39.85977564102565,33.08306798371377,33.733160464150075,34.15365,XGBoost,34.15365,49.15365
40_802,40.0,802,6,건식,적음,108.43,0.6666666666666666,0.8333333333333334,17.133333333333333,74.88,80.0,29.176,41.036,무충전 완주,0,53.96367521367522,0.0,0.16666666666666666,0.5,0.0,0.3333333333333333,0.3333333333333333,0.5,0.16666666666666666,0.0,38.96367521367522,34.43465288546977,35.986645299145295,35.424427,XGBoost,35.424427,50.424427
40_804,40.0,804,6,건식,많음,108.429,1.0,1.8333333333333333,33.81666666666667,74.88,80.0,61.79,30.0,중간 충전 후 완주,1,90.0,0.3333333333333333,0.0,0.5,0.16666666666666666,0.0,0.16666666666666666,0.0,0.5,0.3333333333333333,82.51869658119658,77.03349197172494,82.36591435185188,82.40601,XGBoost,82.40601,90.0
40_818,40.0,818,6,건식,적음,108.43,0.3333333333333333,0.6666666666666666,14.266666666666666,74.88,80.0,27.34,43.488,무충전 완주,0,51.51175213675214,0.0,0.16666666666666666,0.3333333333333333,0.3333333333333333,0.16666666666666666,0.16666666666666666,0.5,0.3333333333333333,0.0,36.51175213675214,27.3955161790402,27.665750089031317,29.591883,XGBoost,29.591883,44.59188
40_823,40.0,823,6,물걸레,보통,108.428,0.3333333333333333,0.6666666666666666,12.533333333333333,74.88,80.0,31.592,37.81,무충전 완주,0,57.19017094017094,0.0,0.0,0.5,0.16666666666666666,0.3333333333333333,0.0,0.3333333333333333,0.6666666666666666,0.0,42.19017094017094,37.19431236480749,42.49602920227929,39.03658,XGBoost,39.03658,54.03658
40_824,40.0,824,6,건식,보통,108.429,0.5,0.5,11.4,74.88,80.0,28.083,42.497,무충전 완주,0,52.504006410256416,0.0,0.16666666666666666,0.6666666666666666,0.16666666666666666,0.0,0.0,0.5,0.5,0.0,37.504006410256416,31.276309754234795,34.000422898860386,31.871655,XGBoost,31.871655,46.871655
40_830,40.0,830,6,건식,보통,108.43,0.8333333333333334,0.5,11.4,74.88,80.0,25.79,45.558,무충전 완주,0,49.441773504273506,0.0,0.3333333333333333,0.5,0.16666666666666666,0.0,0.0,0.5,0.5,0.0,34.441773504273506,32.022508706395215,30.668496260683792,32.215298,XGBoost,32.215298,47.215298
40_833,40.0,833,6,물걸레,보통,108.431,0.16666666666666666,0.3333333333333333,10.266666666666667,74.88,80.0,22.424,50.054,무충전 완주,0,44.94658119658119,0.0,0.3333333333333333,0.5,0.16666666666666666,0.0,0.0,0.6666666666666666,0.3333333333333333,0.0,29.946581196581196,32.106563876443886,31.615358414733425,32.336033,XGBoost,32.336033,47.336033
40_834,40.0,834,6,물걸레,많음,108.429,0.16666666666666666,0.16666666666666666,9.133333333333333,74.88,80.0,30.585,39.155,무충전 완주,0,55.84535256410257,0.0,0.16666666666666666,0.8333333333333334,0.0,0.0,0.0,0.8333333333333334,0.16666666666666666,0.0,40.84535256410257,43.49924539649674,46.15273326210848,41.04053,XGBoost,41.04053,56.04053
40_842,40.0,842,6,건식,적음,108.43,0.8333333333333334,0.6666666666666666,14.266666666666666,74.88,80.0,24.648,47.083,무충전 완주,0,47.916666666666664,0.0,0.16666666666666666,0.6666666666666666,0.0,0.16666666666666666,0.16666666666666666,0.5,0.3333333333333333,0.0,32.916666666666664,30.383017425091246,33.230926148504295,32.02001,XGBoost,32.02001,47.02001
40_848,40.0,848,6,건식,많음,108.43,0.8333333333333334,0.3333333333333333,10.266666666666667,74.88,80.0,27.929,42.701,무충전 완주,0,52.29834401709402,0.0,0.16666666666666666,0.8333333333333334,0.0,0.0,0.0,0.6666666666666666,0.3333333333333333,0.0,37.29834401709402,43.055372250635266,40.40365251068374,38.798218,XGBoost,38.798218,53.798218
40_849,40.0,849,6,물걸레,적음,108.429,0.0,0.3333333333333333,10.266666666666667,74.88,80.0,17.903,56.091,무충전 완주,0,38.90892094017094,0.0,0.0,0.6666666666666666,0.0,0.3333333333333333,0.0,0.6666666666666666,0.3333333333333333,0.0,23.908920940170937,28.099067433048063,30.13273979107314,29.762426,XGBoost,29.762426,44.76243
40_853,40.0,853,6,물걸레,보통,108.43,0.3333333333333333,1.0,18.266666666666666,74.88,80.0,28.42,42.046,무충전 완주,0,52.95405982905983,0.3333333333333333,0.0,0.5,0.16666666666666666,0.0,0.3333333333333333,0.3333333333333333,0.3333333333333333,0.0,37.95405982905983,44.28390723439723,47.20956144646241,45.333553,XGBoost,45.333553,60.333553
40_87,40.0,87,6,건식,보통,108.42999999999999,0.5,1.0,22.34166666666667,74.88,80.0,44.149,21.04,무충전 완주,0,73.95966880341881,0.3333333333333333,0.3333333333333333,0.3333333333333333,0.0,0.0,0.16666666666666666,0.5,0.16666666666666666,0.16666666666666666,58.95966880341881,48.18575528041443,44.34424857549859,46.74984,XGBoost,46.74984,61.74984
40_870,40.0,870,6,물걸레,보통,108.429,0.0,0.16666666666666666,9.133333333333333,74.88,80.0,24.129,47.776,무충전 완주,0,47.2235576923077,0.0,0.16666666666666666,0.6666666666666666,0.16666666666666666,0.0,0.0,0.8333333333333334,0.16666666666666666,0.0,32.2235576923077,32.26658453978915,30.826435852920234,31.246546,XGBoost,31.246546,46.246544
40_872,40.0,872,6,물걸레,적음,108.429,0.8333333333333334,0.8333333333333334,13.666666666666666,74.88,80.0,26.62,44.449,무충전 완주,0,50.550213675213676,0.0,0.3333333333333333,0.3333333333333333,0.16666666666666666,0.16666666666666666,0.0,0.16666666666666666,0.8333333333333334,0.0,35.550213675213676,35.35828447877403,33.957995014244986,35.827324,XGBoost,35.827324,50.827324
40_874,40.0,874,6,물걸레,적음,108.431,0.3333333333333333,0.5,11.4,74.88,80.0,28.172,42.377,무충전 완주,0,52.62286324786325,0.0,0.16666666666666666,0.5,0.0,0.3333333333333333,0.0,0.5,0.5,0.0,37.62286324786325,28.571720874867594,31.300593393874617,31.96309,XGBoost,31.96309,46.96309
40_882,40.0,882,6,건식,적음,108.429,0.16666666666666666,0.3333333333333333,10.266666666666667,74.88,80.0,17.351,56.828,무충전 완주,0,38.171741452991455,0.0,0.0,0.8333333333333334,0.16666666666666666,0.0,0.0,0.6666666666666666,0.3333333333333333,0.0,23.171741452991455,21.80773128754783,28.34627641263061,26.393538,XGBoost,26.393538,41.39354
40_884,40.0,884,6,물걸레,적음,108.431,0.3333333333333333,1.1666666666666667,19.400000000000002,74.88,80.0,31.292,38.211,무충전 완주,0,56.78952991452992,0.16666666666666666,0.0,0.3333333333333333,0.16666666666666666,0.3333333333333333,0.3333333333333333,0.16666666666666666,0.5,0.0,41.78952991452992,39.70752295855434,44.935354344729355,41.164898,XGBoost,41.164898,56.164898
40_889,40.0,889,6,건식,적음,108.42999999999999,0.5,0.8333333333333334,15.4,74.88,80.0,23.74,48.296,무충전 완주,0,46.70405982905983,0.16666666666666666,0.16666666666666666,0.3333333333333333,0.16666666666666666,0.16666666666666666,0.16666666666666666,0.3333333333333333,0.5,0.0,31.704059829059826,30.03059865473282,34.88133903133908,33.13803,XGBoost,33.13803,48.13803
40_9,40.0,9,6,물걸레,많음,108.429,0.8333333333333334,1.5,31.55,74.88,80.0,72.067,30.0,중간 충전 후 완주,1,90.0,0.3333333333333333,0.3333333333333333,0.16666666666666666,0.16666666666666666,0.0,0.16666666666666666,0.3333333333333333,0.16666666666666666,0.3333333333333333,96.24332264957265,78.07181134568097,83.3013443732196,84.58859,XGBoost,84.58859,90.0
40_907,40.0,907,6,건식,적음,108.429,0.16666666666666666,0.5,13.133333333333333,74.88,80.0,22.181,50.378,무충전 완주,0,44.622061965811966,0.16666666666666666,0.3333333333333333,0.5,0.0,0.0,0.16666666666666666,0.6666666666666666,0.16666666666666666,0.0,29.62206196581197,24.839889583327285,27.526640402421677,29.305573,XGBoost,29.305573,44.305573
40_91,40.0,91,6,물걸레,보통,108.43,0.5,0.3333333333333333,10.266666666666667,74.88,80.0,24.114,47.797,무충전 완주,0,47.20352564102564,0.0,0.3333333333333333,0.6666666666666666,0.0,0.0,0.0,0.6666666666666666,0.3333333333333333,0.0,32.20352564102564,33.72903377065683,34.62543143103035,35.368763,XGBoost,35.368763,50.368763
40_916,40.0,916,6,물걸레,적음,108.429,0.16666666666666666,0.6666666666666666,18.341666666666665,74.88,80.0,29.889,40.085,무충전 완주,0,54.91586538461539,0.16666666666666666,0.3333333333333333,0.3333333333333333,0.16666666666666666,0.0,0.0,0.6666666666666666,0.16666666666666666,0.16666666666666666,39.91586538461539,40.276534349234865,38.721768162393076,38.96463,XGBoost,38.96463,53.96463
40_918,40.0,918,6,건식,많음,108.43,0.3333333333333333,0.6666666666666666,14.266666666666666,74.88,80.0,30.004,39.931,무충전 완주,0,55.06944444444444,0.0,0.16666666666666666,0.5,0.16666666666666666,0.16666666666666666,0.16666666666666666,0.5,0.3333333333333333,0.0,40.06944444444444,45.58573965369786,44.95158995132946,44.87356,XGBoost,44.87356,59.87356
40_922,40.0,922,6,건식,많음,108.42999999999999,0.5,1.1666666666666667,23.474999999999998,74.88,80.0,37.788,29.535,무충전 완주,0,65.46474358974359,0.16666666666666666,0.16666666666666666,0.16666666666666666,0.3333333333333333,0.16666666666666666,0.16666666666666666,0.3333333333333333,0.3333333333333333,0.16666666666666666,50.46474358974359,62.91771779646084,59.78819444444448,60.116383,XGBoost,60.116383,75.11638
40_923,40.0,923,6,건식,적음,108.43,0.6666666666666666,1.5,25.133333333333336,74.88,80.0,29.265,40.918,무충전 완주,0,54.08253205128205,0.3333333333333333,0.0,0.16666666666666666,0.0,0.5,0.6666666666666666,0.16666666666666666,0.16666666666666666,0.0,39.08253205128205,44.85345444306765,44.079286858974335,45.509644,XGBoost,45.509644,60.509644
40_933,40.0,933,6,물걸레,많음,108.43,0.5,1.3333333333333333,26.34166666666667,74.88,80.0,59.681,30.0,중간 충전 후 완주,1,90.0,0.5,0.3333333333333333,0.16666666666666666,0.0,0.0,0.3333333333333333,0.3333333333333333,0.16666666666666666,0.16666666666666666,79.70219017094017,70.648950516733,73.44310007122513,74.32902,XGBoost,74.32902,89.32902
40_935,40.0,935,6,물걸레,많음,108.42999999999999,0.6666666666666666,1.1666666666666667,23.474999999999998,74.88,80.0,58.275,30.0,중간 충전 후 완주,1,90.0,0.0,0.0,0.5,0.3333333333333333,0.16666666666666666,0.16666666666666666,0.3333333333333333,0.3333333333333333,0.16666666666666666,77.82451923076923,69.93295149765112,69.76925302706546,67.79338,XGBoost,67.79338,82.79338
40_938,40.0,938,6,물걸레,적음,108.43100000000001,1.0,1.0,16.533333333333335,74.88,80.0,33.664,35.043,무충전 완주,0,59.95726495726496,0.16666666666666666,0.16666666666666666,0.5,0.0,0.16666666666666666,0.16666666666666666,0.16666666666666666,0.6666666666666666,0.0,44.95726495726496,38.43775256532502,42.55272881054131,42.272224,XGBoost,42.272224,57.272224
40_94,40.0,94,6,건식,보통,108.429,0.6666666666666666,1.0,22.34166666666667,74.88,80.0,44.604,20.432,무충전 완주,0,74.5673076923077,0.3333333333333333,0.16666666666666666,0.5,0.0,0.0,0.16666666666666666,0.5,0.16666666666666666,0.16666666666666666,59.56730769230769,49.02676185640465,42.35123308404554,47.14184,XGBoost,47.14184,62.14184
40_947,40.0,947,6,건식,보통,108.429,0.3333333333333333,1.1666666666666667,21.133333333333333,74.88,80.0,34.551,33.858,무충전 완주,0,61.14182692307693,0.16666666666666666,0.16666666666666666,0.16666666666666666,0.16666666666666666,0.3333333333333333,0.5,0.3333333333333333,0.16666666666666666,0.0,46.14182692307693,43.058417117426195,41.65161146723649,43.392033,XGBoost,43.392033,58.392033
40_950,40.0,950,6,물걸레,많음,108.431,0.3333333333333333,0.6666666666666666,18.341666666666665,74.88,80.0,44.934,19.991,무충전 완주,0,75.00801282051282,0.16666666666666666,0.16666666666666666,0.5,0.16666666666666666,0.0,0.0,0.6666666666666666,0.16666666666666666,0.16666666666666666,60.008012820512825,59.636695066127245,54.66875000000004,63.02135,XGBoost,63.02135,78.02135
40_963,40.0,963,6,건식,보통,108.43,0.6666666666666666,0.8333333333333334,15.4,74.88,80.0,28.094,42.481,무충전 완주,0,52.518696581196586,0.16666666666666666,0.0,0.8333333333333334,0.0,0.0,0.16666666666666666,0.3333333333333333,0.5,0.0,37.518696581196586,36.648377288283775,33.217650462962865,38.20196,XGBoost,38.20196,53.20196
40_970,40.0,970,6,물걸레,보통,108.43,0.3333333333333333,0.6666666666666666,16.0,74.88,80.0,28.074,42.508,무충전 완주,0,52.49198717948718,0.3333333333333333,0.5,0.16666666666666666,0.0,0.0,0.3333333333333333,0.6666666666666666,0.0,0.0,37.49198717948718,39.72623181117372,38.65160434472928,41.31904,XGBoost,41.31904,56.31904
40_979,40.0,979,6,건식,많음,108.431,0.3333333333333333,1.3333333333333333,22.266666666666666,74.88,80.0,38.643,28.394,무충전 완주,0,66.60657051282053,0.3333333333333333,0.0,0.3333333333333333,0.3333333333333333,0.0,0.5,0.16666666666666666,0.3333333333333333,0.0,51.60657051282052,56.74935353155443,57.6242699430199,55.213696,XGBoost,55.213696,70.2137
40_986,40.0,986,6,물걸레,적음,108.43,0.3333333333333333,0.6666666666666666,16.0,74.88,80.0,27.889,42.756,무충전 완주,0,52.24492521367522,0.0,0.3333333333333333,0.3333333333333333,0.0,0.3333333333333333,0.3333333333333333,0.6666666666666666,0.0,0.0,37.24492521367522,35.62472498349119,35.00077041785372,36.66813,XGBoost,36.66813,51.66813
40_992,40.0,992,6,건식,적음,108.429,0.6666666666666666,0.5,11.4,74.88,80.0,22.416,50.064,무충전 완주,0,44.935897435897445,0.0,0.0,0.8333333333333334,0.0,0.16666666666666666,0.0,0.5,0.5,0.0,29.93589743589744,26.024334901468784,31.351724759615408,29.923199,XGBoost,29.923199,44.9232
40_997,40.0,997,6,물걸레,적음,108.43,1.0,1.5,23.400000000000002,74.88,80.0,35.841,32.135,무충전 완주,0,62.864583333333336,0.0,0.16666666666666666,0.16666666666666666,0.3333333333333333,0.3333333333333333,0.5,0.0,0.5,0.0,47.864583333333336,50.85183589665502,50.658506128323864,49.9672,XGBoost,49.9672,64.9672
49_10,49.0,10,6,건식,보통,132.828,0.5,1.0,16.533333333333335,74.88,80.0,39.243,27.593,무충전 완주,0,67.40785256410257,0.16666666666666666,0.0,0.6666666666666666,0.0,0.16666666666666666,0.16666666666666666,0.16666666666666666,0.6666666666666666,0.0,52.407852564102576,45.76031064323994,45.32521367521367,46.5624,XGBoost,46.5624,61.5624
49_100,49.0,100,6,건식,보통,132.826,0.6666666666666666,0.6666666666666666,14.266666666666666,74.88,80.0,33.622,35.099,무충전 완주,0,59.90117521367522,0.16666666666666666,0.3333333333333333,0.5,0.0,0.0,0.16666666666666666,0.5,0.3333333333333333,0.0,44.90117521367522,44.53363734821925,44.30732282763535,43.437683,XGBoost,43.437683,58.437683
49_101,49.0,101,6,건식,보통,132.826,0.5,0.8333333333333334,19.474999999999998,74.88,80.0,40.971,25.285,무충전 완주,0,69.71554487179488,0.16666666666666666,0.16666666666666666,0.5,0.16666666666666666,0.0,0.0,0.5,0.3333333333333333,0.16666666666666666,54.715544871794876,54.034443702421186,52.40713586182336,54.077587,XGBoost,54.077587,69.07759
49_113,49.0,113,6,건식,많음,132.827,0.16666666666666666,0.5,13.133333333333333,74.88,80.0,43.177,22.339,무충전 완주,0,72.66159188034189,0.16666666666666666,0.16666666666666666,0.6666666666666666,0.0,0.0,0.16666666666666666,0.6666666666666666,0.16666666666666666,0.0,57.66159188034188,52.26548656713975,45.03566595441587,48.660576,XGBoost,48.660576,63.660576
49_115,49.0,115,6,물걸레,보통,132.825,0.8333333333333334,0.5,11.4,74.88,80.0,34.465,33.972,무충전 완주,0,61.0269764957265,0.0,0.5,0.3333333333333333,0.16666666666666666,0.0,0.0,0.5,0.5,0.0,46.0269764957265,47.24956269886982,40.683814102564,44.236004,XGBoost,44.236004,59.236004
49_12,49.0,12,6,물걸레,많음,132.826,0.3333333333333333,0.5,13.133333333333333,74.88,80.0,42.912,22.693,무충전 완주,0,72.30769230769232,0.0,0.16666666666666666,0.5,0.16666666666666666,0.16666666666666666,0.16666666666666666,0.6666666666666666,0.16666666666666666,0.0,57.307692307692314,59.90530479487681,55.23583511396008,58.481472,XGBoost,58.481472,73.481476
49_126,49.0,126,6,건식,보통,132.826,0.0,0.3333333333333333,12.0,74.88,80.0,28.445,42.013,무충전 완주,0,52.98744658119658,0.16666666666666666,0.0,0.8333333333333334,0.0,0.0,0.16666666666666666,0.8333333333333334,0.0,0.0,37.98744658119658,39.616497204989,41.12059294871803,38.28881,XGBoost,38.28881,53.28881
49_129,49.0,129,6,건식,많음,132.827,0.3333333333333333,0.16666666666666666,9.133333333333333,74.88,80.0,39.61,27.102,무충전 완주,0,67.89797008547009,0.0,0.3333333333333333,0.6666666666666666,0.0,0.0,0.0,0.8333333333333334,0.16666666666666666,0.0,52.89797008547009,48.15607095149137,45.040050747863255,44.44393,XGBoost,44.44393,59.44393
49_132,49.0,132,6,물걸레,적음,132.826,0.3333333333333333,1.1666666666666667,23.474999999999998,74.88,80.0,42.556,23.168,무충전 완주,0,71.83226495726495,0.16666666666666666,0.16666666666666666,0.16666666666666666,0.16666666666666666,0.3333333333333333,0.16666666666666666,0.3333333333333333,0.3333333333333333,0.16666666666666666,56.832264957264954,58.08338516173989,54.849934339387524,55.915783,XGBoost,55.915783,70.91579
49_147,49.0,147,6,물걸레,보통,132.827,0.16666666666666666,0.16666666666666666,9.133333333333333,74.88,80.0,30.394,39.409,무충전 완주,0,55.59027777777778,0.0,0.5,0.5,0.0,0.0,0.0,0.8333333333333334,0.16666666666666666,0.0,40.59027777777778,40.1974601152771,39.936789307336134,40.22217,XGBoost,40.22217,55.22217
49_151,49.0,151,6,물걸레,적음,132.827,0.6666666666666666,0.6666666666666666,14.266666666666666,74.88,80.0,27.548,43.211,무충전 완주,0,51.789529914529915,0.0,0.0,0.8333333333333334,0.0,0.16666666666666666,0.16666666666666666,0.5,0.3333333333333333,0.0,36.789529914529915,44.98524308976891,42.2358106303418,43.997395,XGBoost,43.997395,58.997395
49_165,49.0,165,6,건식,많음,132.825,0.16666666666666666,0.8333333333333334,17.133333333333333,74.88,80.0,45.559,19.157,무충전 완주,0,75.84268162393163,0.16666666666666666,0.0,0.5,0.16666666666666666,0.16666666666666666,0.3333333333333333,0.5,0.16666666666666666,0.0,60.842681623931625,58.65188178034804,52.857582576566905,57.681686,XGBoost,57.681686,72.68169
49_167,49.0,167,6,물걸레,보통,132.826,0.3333333333333333,0.8333333333333334,17.133333333333333,74.88,80.0,38.336,28.803,무충전 완주,0,66.19658119658119,0.0,0.16666666666666666,0.3333333333333333,0.16666666666666666,0.3333333333333333,0.3333333333333333,0.5,0.16666666666666666,0.0,51.19658119658119,52.40569988179814,53.671688034188165,52.088997,XGBoost,52.088997,67.089
49_169,49.0,169,6,건식,보통,132.826,1.0,1.6666666666666667,32.68333333333333,74.88,80.0,45.784,18.857,무충전 완주,0,76.1431623931624,0.5,0.0,0.5,0.0,0.0,0.16666666666666666,0.16666666666666666,0.3333333333333333,0.3333333333333333,61.1431623931624,71.0104365569991,71.0920227920229,77.5518,XGBoost,77.5518,90.0
49_170,49.0,170,6,건식,보통,132.826,0.3333333333333333,0.16666666666666666,9.133333333333333,74.88,80.0,25.846,45.484,무충전 완주,0,49.51655982905983,0.0,0.16666666666666666,0.8333333333333334,0.0,0.0,0.0,0.8333333333333334,0.16666666666666666,0.0,34.51655982905983,35.73530238472897,35.20392509496679,35.919888,XGBoost,35.919888,50.919888
49_171,49.0,171,6,물걸레,많음,132.827,0.5,1.1666666666666667,23.474999999999998,74.88,80.0,62.253,30.0,중간 충전 후 완주,1,90.0,0.0,0.16666666666666666,0.16666666666666666,0.3333333333333333,0.3333333333333333,0.16666666666666666,0.3333333333333333,0.3333333333333333,0.16666666666666666,83.13701923076924,78.44036701128144,80.76132923789156,85.63428,XGBoost,85.63428,90.0
49_174,49.0,174,6,물걸레,많음,132.827,0.5,1.6666666666666667,30.34166666666667,74.88,80.0,59.028,30.0,중간 충전 후 완주,1,90.0,0.3333333333333333,0.16666666666666666,0.0,0.3333333333333333,0.16666666666666666,0.5,0.16666666666666666,0.16666666666666666,0.16666666666666666,78.8301282051282,87.0849350919112,89.59256588319091,93.5655,XGBoost,93.5655,90.0
49_175,49.0,175,6,건식,적음,132.826,0.0,0.3333333333333333,12.0,74.88,80.0,25.945,45.351,무충전 완주,0,49.64877136752137,0.16666666666666666,0.0,0.8333333333333334,0.0,0.0,0.16666666666666666,0.8333333333333334,0.0,0.0,34.64877136752137,34.23258746390017,35.59805911680911,33.90274,XGBoost,33.90274,48.90274
49_190,49.0,190,6,물걸레,적음,132.826,0.0,0.6666666666666666,14.266666666666666,74.88,80.0,30.724,38.969,무충전 완주,0,56.03098290598291,0.16666666666666666,0.3333333333333333,0.16666666666666666,0.3333333333333333,0.0,0.16666666666666666,0.5,0.3333333333333333,0.0,41.03098290598291,42.75665024006186,43.331803774928794,39.929775,XGBoost,39.929775,54.929775
49_198,49.0,198,6,물걸레,적음,132.827,0.3333333333333333,0.6666666666666666,14.266666666666666,74.88,80.0,40.229,26.275,무충전 완주,0,68.72462606837607,0.0,0.16666666666666666,0.5,0.3333333333333333,0.0,0.16666666666666666,0.5,0.3333333333333333,0.0,53.72462606837607,42.686734287022155,40.596552261396,41.423138,XGBoost,41.423138,56.423138
49_2,49.0,2,6,물걸레,많음,132.827,0.6666666666666666,1.0,22.34166666666667,74.88,80.0,66.203,30.0,중간 충전 후 완주,1,90.0,0.3333333333333333,0.16666666666666666,0.5,0.0,0.0,0.16666666666666666,0.5,0.16666666666666666,0.16666666666666666,88.41212606837607,76.06079661832804,79.84573985042735,86.257744,XGBoost,86.257744,90.0
49_20,49.0,20,6,건식,적음,132.827,1.0,1.1666666666666667,21.74166666666667,74.88,80.0,43.71,21.627,무충전 완주,0,73.37339743589745,0.16666666666666666,0.3333333333333333,0.3333333333333333,0.16666666666666666,0.0,0.0,0.16666666666666666,0.6666666666666666,0.16666666666666666,58.373397435897445,53.633154363156514,49.41772613960122,53.257267,XGBoost,53.257267,68.25726
49_205,49.0,205,6,건식,보통,132.827,0.5,0.3333333333333333,10.266666666666667,74.88,80.0,31.739,37.614,무충전 완주,0,57.386485042735046,0.0,0.3333333333333333,0.5,0.16666666666666666,0.0,0.0,0.6666666666666666,0.3333333333333333,0.0,42.386485042735046,37.7843049953365,38.98819570572178,38.43588,XGBoost,38.43588,53.43588
49_211,49.0,211,6,물걸레,적음,132.828,0.8333333333333334,1.3333333333333333,22.266666666666666,74.88,80.0,40.278,26.21,무충전 완주,0,68.7900641025641,0.0,0.16666666666666666,0.0,0.16666666666666666,0.6666666666666666,0.5,0.16666666666666666,0.3333333333333333,0.0,53.7900641025641,57.18754632062958,60.08384971509965,56.053005,XGBoost,56.053005,71.05301
49_212,49.0,212,6,물걸레,보통,132.827,0.0,0.0,8.0,74.88,80.0,30.89,38.747,무충전 완주,0,56.252670940170944,0.0,0.3333333333333333,0.6666666666666666,0.0,0.0,0.0,1.0,0.0,0.0,41.252670940170944,46.03650553666819,38.07314414173798,38.201637,XGBoost,38.201637,53.201637
49_223,49.0,223,6,건식,많음,132.827,0.16666666666666666,0.5,13.133333333333333,74.88,80.0,38.567,28.495,무충전 완주,0,66.5050747863248,0.16666666666666666,0.3333333333333333,0.5,0.0,0.0,0.16666666666666666,0.6666666666666666,0.16666666666666666,0.0,51.50507478632479,52.23706308421894,46.94528579059817,49.24404,XGBoost,49.24404,64.24404
49_232,49.0,232,6,물걸레,보통,132.826,0.5,0.5,11.4,74.88,80.0,37.924,29.354,무충전 완주,0,65.64636752136752,0.0,0.16666666666666666,0.6666666666666666,0.0,0.16666666666666666,0.0,0.5,0.5,0.0,50.646367521367516,45.953623341393644,38.27570394112055,44.245396,XGBoost,44.245396,59.245396
49_24,49.0,24,6,물걸레,보통,132.825,1.0,1.3333333333333333,26.34166666666667,74.88,80.0,65.279,30.0,중간 충전 후 완주,1,90.0,0.16666666666666666,0.0,0.5,0.0,0.3333333333333333,0.3333333333333333,0.3333333333333333,0.16666666666666666,0.16666666666666666,87.1781517094017,71.88764141549646,66.9560496794872,68.32362,XGBoost,68.32362,83.32362
49_250,49.0,250,6,건식,적음,132.826,1.0,1.3333333333333333,24.608333333333334,74.88,80.0,44.182,20.996,무충전 완주,0,74.00373931623932,0.16666666666666666,0.0,0.6666666666666666,0.16666666666666666,0.0,0.16666666666666666,0.16666666666666666,0.5,0.16666666666666666,59.003739316239326,58.949778490849035,51.34751157407408,52.725925,XGBoost,52.725925,67.72592
49_255,49.0,255,6,물걸레,보통,132.826,0.16666666666666666,0.16666666666666666,9.133333333333333,74.88,80.0,26.964,43.991,무충전 완주,0,51.00961538461539,0.0,0.3333333333333333,0.5,0.16666666666666666,0.0,0.0,0.8333333333333334,0.16666666666666666,0.0,36.00961538461539,40.228579890126255,40.79316684472931,39.74479,XGBoost,39.74479,54.74479
49_257,49.0,257,6,건식,많음,132.826,0.16666666666666666,0.8333333333333334,17.133333333333333,74.88,80.0,56.123,30.0,중간 충전 후 완주,1,89.9505876068376,0.3333333333333333,0.16666666666666666,0.5,0.0,0.0,0.3333333333333333,0.5,0.16666666666666666,0.0,74.9505876068376,57.993772290256146,56.205302483974435,55.596924,XGBoost,55.596924,70.596924
49_264,49.0,264,6,물걸레,많음,132.828,1.1666666666666667,1.6666666666666667,28.608333333333334,74.88,80.0,74.549,30.0,중간 충전 후 완주,1,90.0,0.3333333333333333,0.0,0.5,0.0,0.16666666666666666,0.3333333333333333,0.0,0.5,0.16666666666666666,99.55795940170941,87.58644722378628,92.33902688746441,91.57202,XGBoost,91.57202,90.0
49_274,49.0,274,6,건식,많음,132.828,0.3333333333333333,0.16666666666666666,9.133333333333333,74.88,80.0,34.569,33.834,무충전 완주,0,61.16586538461539,0.0,0.3333333333333333,0.6666666666666666,0.0,0.0,0.0,0.8333333333333334,0.16666666666666666,0.0,46.16586538461539,49.02203228952449,49.480373041310564,46.74172,XGBoost,46.74172,61.74172
49_275,49.0,275,6,건식,보통,132.826,0.3333333333333333,0.8333333333333334,15.4,74.88,80.0,33.585,35.148,무충전 완주,0,59.851762820512825,0.0,0.16666666666666666,0.3333333333333333,0.16666666666666666,0.3333333333333333,0.16666666666666666,0.3333333333333333,0.5,0.0,44.851762820512825,44.10693437798313,48.062148326210846,44.987583,XGBoost,44.987583,59.987583
49_277,49.0,277,6,건식,보통,132.827,0.8333333333333334,1.1666666666666667,27.55,74.88,80.0,56.687,30.0,중간 충전 후 완주,1,90.0,0.3333333333333333,0.3333333333333333,0.3333333333333333,0.0,0.0,0.0,0.5,0.16666666666666666,0.3333333333333333,75.70379273504274,63.10157287796731,75.2759704415952,73.24713,XGBoost,73.24713,88.24713
49_293,49.0,293,6,물걸레,적음,132.827,0.6666666666666666,1.0,22.34166666666667,74.88,80.0,40.448,25.983,무충전 완주,0,69.01709401709402,0.0,0.16666666666666666,0.5,0.3333333333333333,0.0,0.16666666666666666,0.5,0.16666666666666666,0.16666666666666666,54.017094017094024,60.04927388231893,59.557069088319054,57.931904,XGBoost,57.931904,72.9319
49_297,49.0,297,6,물걸레,보통,132.82600000000002,0.3333333333333333,1.1666666666666667,21.133333333333333,74.88,80.0,46.623,17.736,무충전 완주,0,77.2636217948718,0.16666666666666666,0.16666666666666666,0.16666666666666666,0.3333333333333333,0.16666666666666666,0.5,0.3333333333333333,0.16666666666666666,0.0,62.263621794871796,58.17242252942485,60.46253116096873,58.759834,XGBoost,58.759834,73.759834
49_299,49.0,299,6,물걸레,보통,132.827,0.5,0.16666666666666666,9.133333333333333,74.88,80.0,31.986,37.284,무충전 완주,0,57.71634615384616,0.0,0.3333333333333333,0.6666666666666666,0.0,0.0,0.0,0.8333333333333334,0.16666666666666666,0.0,42.71634615384616,42.537102134467276,44.35894420490779,43.637604,XGBoost,43.637604,58.637604
49_303,49.0,303,6,물걸레,적음,132.825,0.3333333333333333,0.6666666666666666,18.341666666666665,74.88,80.0,36.57,31.161,무충전 완주,0,63.83814102564103,0.16666666666666666,0.0,0.6666666666666666,0.0,0.16666666666666666,0.0,0.6666666666666666,0.16666666666666666,0.16666666666666666,48.83814102564103,51.537560531785545,55.70828881766385,54.278942,XGBoost,54.278942,69.278946
49_304,49.0,304,6,물걸레,많음,132.826,0.6666666666666666,1.1666666666666667,27.55,74.88,80.0,78.509,30.0,중간 충전 후 완주,1,90.0,0.3333333333333333,0.16666666666666666,0.5,0.0,0.0,0.0,0.5,0.16666666666666666,0.3333333333333333,104.84642094017093,79.59204974474216,88.00835113960119,88.42884,XGBoost,88.42884,90.0
49_308,49.0,308,6,물걸레,보통,132.828,0.5,0.6666666666666666,12.533333333333333,74.88,80.0,35.044,33.2,무충전 완주,0,61.800213675213676,0.0,0.0,0.8333333333333334,0.16666666666666666,0.0,0.0,0.3333333333333333,0.6666666666666666,0.0,46.800213675213676,46.5965781072314,47.23466828406943,50.264256,XGBoost,50.264256,65.26425
49_32,49.0,32,6,건식,보통,132.827,0.5,0.6666666666666666,14.266666666666666,74.88,80.0,35.139,33.073,무충전 완주,0,61.92708333333334,0.0,0.16666666666666666,0.6666666666666666,0.0,0.16666666666666666,0.16666666666666666,0.5,0.3333333333333333,0.0,46.92708333333334,43.330597127370496,47.42791577635317,43.733086,XGBoost,43.733086,58.733086
49_321,49.0,321,6,물걸레,많음,132.826,0.6666666666666666,0.6666666666666666,14.266666666666666,74.88,80.0,53.12,30.0,중간 충전 후 완주,1,85.94017094017094,0.0,0.16666666666666666,0.5,0.16666666666666666,0.16666666666666666,0.16666666666666666,0.5,0.3333333333333333,0.0,70.94017094017094,62.661709890114935,61.15262642450142,63.52291,XGBoost,63.52291,78.52291
49_324,49.0,324,6,물걸레,적음,132.826,0.3333333333333333,0.5,17.208333333333332,74.88,80.0,26.319,44.851,무충전 완주,0,50.14823717948718,0.16666666666666666,0.5,0.3333333333333333,0.0,0.0,0.0,0.8333333333333334,0.0,0.16666666666666666,35.14823717948718,48.82019570532649,50.7545584045584,47.127964,XGBoost,47.127964,62.127964
49_334,49.0,334,6,물걸레,보통,132.826,0.16666666666666666,0.3333333333333333,12.0,74.88,80.0,35.606,32.449,무충전 완주,0,62.550747863247864,0.16666666666666666,0.6666666666666666,0.16666666666666666,0.0,0.0,0.16666666666666666,0.8333333333333334,0.0,0.0,47.550747863247864,43.26073818590593,44.498477564102465,44.68616,XGBoost,44.68616,59.68616
49_338,49.0,338,6,건식,보통,132.825,0.3333333333333333,0.5,13.133333333333333,74.88,80.0,33.017,35.907,무충전 완주,0,59.09321581196582,0.16666666666666666,0.5,0.16666666666666666,0.16666666666666666,0.0,0.16666666666666666,0.6666666666666666,0.16666666666666666,0.0,44.09321581196582,40.394817948707825,41.38162541547959,41.855427,XGBoost,41.855427,56.855427
49_339,49.0,339,6,건식,많음,132.827,0.3333333333333333,0.6666666666666666,14.266666666666666,74.88,80.0,42.484,23.263,무충전 완주,0,71.73611111111111,0.0,0.16666666666666666,0.5,0.16666666666666666,0.16666666666666666,0.16666666666666666,0.5,0.3333333333333333,0.0,56.73611111111112,55.14981136381769,52.759122309981755,53.951954,XGBoost,53.951954,68.95195
49_341,49.0,341,6,물걸레,많음,132.826,0.5,1.1666666666666667,23.474999999999998,74.88,80.0,67.662,30.0,중간 충전 후 완주,1,90.0,0.16666666666666666,0.16666666666666666,0.3333333333333333,0.16666666666666666,0.16666666666666666,0.16666666666666666,0.3333333333333333,0.3333333333333333,0.16666666666666666,90.36057692307693,77.12462865398432,79.27639779202275,81.82067,XGBoost,81.82067,90.0
49_342,49.0,342,6,건식,많음,132.826,0.6666666666666666,0.6666666666666666,14.266666666666666,74.88,80.0,34.128,34.423,무충전 완주,0,60.57692307692308,0.0,0.16666666666666666,0.6666666666666666,0.16666666666666666,0.0,0.16666666666666666,0.5,0.3333333333333333,0.0,45.57692307692308,58.03649749639507,55.87142094017085,55.644,XGBoost,55.644,70.644
49_358,49.0,358,6,물걸레,보통,132.827,0.6666666666666666,0.8333333333333334,17.133333333333333,74.88,80.0,32.255,36.925,무충전 완주,0,58.075587606837615,0.0,0.16666666666666666,0.3333333333333333,0.16666666666666666,0.3333333333333333,0.3333333333333333,0.5,0.16666666666666666,0.0,43.075587606837615,54.53700943016043,54.80373931623941,56.7067,XGBoost,56.7067,71.706696
49_36,49.0,36,6,건식,적음,132.827,0.3333333333333333,0.3333333333333333,10.266666666666667,74.88,80.0,21.539,51.235,무충전 완주,0,43.76469017094018,0.0,0.0,1.0,0.0,0.0,0.0,0.6666666666666666,0.3333333333333333,0.0,28.764690170940177,32.001780810903455,34.78491809116798,32.777515,XGBoost,32.777515,47.777515
49_360,49.0,360,6,물걸레,적음,132.827,0.16666666666666666,1.0,16.533333333333335,74.88,80.0,37.235,30.274,무충전 완주,0,64.72622863247864,0.16666666666666666,0.0,0.3333333333333333,0.16666666666666666,0.3333333333333333,0.16666666666666666,0.16666666666666666,0.6666666666666666,0.0,49.72622863247864,44.04977816481123,44.829705306267726,46.367905,XGBoost,46.367905,61.367905
49_363,49.0,363,6,건식,많음,132.826,1.0,1.3333333333333333,24.608333333333334,74.88,80.0,63.527,30.0,중간 충전 후 완주,1,90.0,0.16666666666666666,0.0,0.5,0.0,0.3333333333333333,0.16666666666666666,0.16666666666666666,0.5,0.16666666666666666,84.83840811965813,76.03806796136443,77.41446759259256,79.15691,XGBoost,79.15691,90.0
49_365,49.0,365,6,건식,보통,132.827,1.5,1.0,20.608333333333334,74.88,80.0,43.746,21.579,무충전 완주,0,73.42147435897436,0.16666666666666666,0.3333333333333333,0.5,0.0,0.0,0.0,0.3333333333333333,0.5,0.16666666666666666,58.421474358974365,58.66879186878655,57.658956552706584,60.97161,XGBoost,60.97161,75.97161
49_37,49.0,37,6,물걸레,적음,132.827,1.0,1.5,25.133333333333336,74.88,80.0,39.434,27.337,무충전 완주,0,67.66292735042734,0.16666666666666666,0.0,0.3333333333333333,0.16666666666666666,0.3333333333333333,0.6666666666666666,0.16666666666666666,0.16666666666666666,0.0,52.662927350427346,62.255356389043015,59.273869301994324,58.59705,XGBoost,58.59705,73.597046
49_374,49.0,374,6,건식,적음,132.827,0.16666666666666666,0.8333333333333334,19.474999999999998,74.88,80.0,28.664,41.721,무충전 완주,0,53.279914529914535,0.16666666666666666,0.16666666666666666,0.3333333333333333,0.16666666666666666,0.16666666666666666,0.0,0.5,0.3333333333333333,0.16666666666666666,38.279914529914535,45.76384782875475,43.34939458689457,45.52572,XGBoost,45.52572,60.52572
49_380,49.0,380,6,물걸레,보통,132.825,0.5,0.5,11.4,74.88,80.0,29.334,40.826,무충전 완주,0,54.17467948717949,0.0,0.16666666666666666,0.8333333333333334,0.0,0.0,0.0,0.5,0.5,0.0,39.17467948717949,45.48322061176145,38.32772120578108,45.20732,XGBoost,45.20732,60.20732
49_383,49.0,383,6,건식,적음,132.82500000000002,0.5,0.3333333333333333,10.266666666666667,74.88,80.0,24.306,47.54,무충전 완주,0,47.4599358974359,0.0,0.5,0.5,0.0,0.0,0.0,0.6666666666666666,0.3333333333333333,0.0,32.4599358974359,32.909002443114765,32.70556445868946,33.73734,XGBoost,33.73734,48.73734
49_386,49.0,386,6,건식,많음,132.826,0.8333333333333334,0.8333333333333334,19.474999999999998,74.88,80.0,56.836,30.0,중간 충전 후 완주,1,90.0,0.16666666666666666,0.3333333333333333,0.5,0.0,0.0,0.0,0.5,0.3333333333333333,0.16666666666666666,75.90277777777779,68.07768216339836,74.09408386752143,68.79023,XGBoost,68.79023,83.79023
49_387,49.0,387,6,건식,보통,132.826,0.5,0.5,11.4,74.88,80.0,33.804,34.856,무충전 완주,0,60.144230769230774,0.0,0.3333333333333333,0.5,0.0,0.16666666666666666,0.0,0.5,0.5,0.0,45.144230769230774,40.59361206901141,37.40468928062678,39.42999,XGBoost,39.42999,54.42999
49_39,49.0,39,6,건식,많음,132.827,0.5,1.3333333333333333,24.608333333333334,74.88,80.0,57.892,30.0,중간 충전 후 완주,1,90.0,0.3333333333333333,0.0,0.5,0.0,0.16666666666666666,0.16666666666666666,0.16666666666666666,0.5,0.16666666666666666,77.31303418803421,72.59809340412151,73.88544337606831,74.51821,XGBoost,74.51821,89.51821
49_397,49.0,397,6,물걸레,보통,132.827,0.8333333333333334,0.8333333333333334,15.4,74.88,80.0,42.427,23.34,무충전 완주,0,71.65998931623932,0.0,0.3333333333333333,0.3333333333333333,0.16666666666666666,0.16666666666666666,0.16666666666666666,0.3333333333333333,0.5,0.0,56.659989316239326,52.25882415911091,50.883288817663825,53.585213,XGBoost,53.585213,68.58521
49_400,49.0,400,6,물걸레,적음,132.827,0.6666666666666666,0.3333333333333333,10.266666666666667,74.88,80.0,28.749,41.607,무충전 완주,0,53.39342948717949,0.0,0.3333333333333333,0.5,0.16666666666666666,0.0,0.0,0.6666666666666666,0.3333333333333333,0.0,38.39342948717949,39.41052747481387,40.778650284900216,38.224834,XGBoost,38.224834,53.224834
49_402,49.0,402,6,건식,적음,132.828,0.16666666666666666,0.8333333333333334,15.4,74.88,80.0,28.103,42.469,무충전 완주,0,52.53071581196581,0.16666666666666666,0.0,0.5,0.3333333333333333,0.0,0.16666666666666666,0.3333333333333333,0.5,0.0,37.53071581196581,37.350312236015796,38.37762642450145,38.667763,XGBoost,38.667763,53.667763
49_406,49.0,406,6,건식,적음,132.826,0.5,0.8333333333333334,17.133333333333333,74.88,80.0,30.038,39.886,무충전 완주,0,55.114850427350426,0.0,0.0,0.6666666666666666,0.0,0.3333333333333333,0.3333333333333333,0.5,0.16666666666666666,0.0,40.114850427350426,42.52851263531203,43.47115384615386,41.609573,XGBoost,41.609573,56.609573
49_407,49.0,407,6,물걸레,적음,132.827,0.6666666666666666,1.6666666666666667,26.266666666666666,74.88,80.0,35.904,32.051,무충전 완주,0,62.948717948717956,0.3333333333333333,0.0,0.16666666666666666,0.0,0.5,0.6666666666666666,0.0,0.3333333333333333,0.0,47.948717948717956,61.86180440223889,62.60734063390315,62.313305,XGBoost,62.313305,77.31331
49_410,49.0,410,6,건식,적음,132.826,0.0,1.0,20.0,74.88,80.0,28.646,41.744,무충전 완주,0,53.25587606837607,0.5,0.3333333333333333,0.16666666666666666,0.0,0.0,0.5,0.5,0.0,0.0,38.25587606837607,45.27249396847739,47.10673522079774,41.691986,XGBoost,41.691986,56.691986
49_415,49.0,415,6,건식,보통,132.826,0.16666666666666666,0.6666666666666666,14.266666666666666,74.88,80.0,35.603,32.454,무충전 완주,0,62.54674145299146,0.16666666666666666,0.16666666666666666,0.5,0.0,0.16666666666666666,0.16666666666666666,0.5,0.3333333333333333,0.0,47.54674145299146,41.22260958130519,44.11371972934467,41.83748,XGBoost,41.83748,56.83748
49_418,49.0,418,6,건식,많음,132.826,1.0,1.6666666666666667,28.608333333333334,74.88,80.0,55.205,30.0,중간 충전 후 완주,1,88.72462606837608,0.0,0.0,0.3333333333333333,0.16666666666666666,0.5,0.3333333333333333,0.0,0.5,0.16666666666666666,73.72462606837608,83.36958682682183,79.38927172364673,75.03301,XGBoost,75.03301,90.0
49_424,49.0,424,6,건식,많음,132.827,0.16666666666666666,0.5,13.133333333333333,74.88,80.0,34.042,34.539,무충전 완주,0,60.462072649572654,0.16666666666666666,0.16666666666666666,0.5,0.16666666666666666,0.0,0.16666666666666666,0.6666666666666666,0.16666666666666666,0.0,45.462072649572654,52.08827387116101,48.746834935897304,49.4812,XGBoost,49.4812,64.4812
49_428,49.0,428,6,건식,보통,132.826,0.5,0.8333333333333334,21.208333333333332,74.88,80.0,50.98,30.0,중간 충전 후 완주,1,83.08226495726495,0.16666666666666666,0.5,0.16666666666666666,0.16666666666666666,0.0,0.16666666666666666,0.6666666666666666,0.0,0.16666666666666666,68.08226495726495,55.898904124992725,53.96069711538466,54.6175,XGBoost,54.6175,69.6175
49_43,49.0,43,6,건식,많음,132.826,0.6666666666666666,0.5,11.4,74.88,80.0,38.89,28.064,무충전 완주,0,66.93643162393163,0.0,0.3333333333333333,0.5,0.0,0.16666666666666666,0.0,0.5,0.5,0.0,51.936431623931625,52.80951688582587,49.527118945868835,47.970512,XGBoost,47.970512,62.970512
49_431,49.0,431,6,물걸레,많음,132.827,0.5,1.1666666666666667,21.133333333333333,74.88,80.0,56.569,30.0,중간 충전 후 완주,1,90.0,0.3333333333333333,0.3333333333333333,0.16666666666666666,0.16666666666666666,0.0,0.5,0.3333333333333333,0.16666666666666666,0.0,75.54620726495727,71.82195850803328,82.39035345441597,79.40739,XGBoost,79.40739,90.0
49_437,49.0,437,6,건식,많음,132.826,0.16666666666666666,0.8333333333333334,15.4,74.88,80.0,40.629,25.742,무충전 완주,0,69.2588141025641,0.16666666666666666,0.3333333333333333,0.16666666666666666,0.16666666666666666,0.16666666666666666,0.16666666666666666,0.3333333333333333,0.5,0.0,54.2588141025641,55.44794811224551,56.16833088497156,54.91729,XGBoost,54.91729,69.91729
49_447,49.0,447,6,건식,보통,132.826,0.5,1.5,29.208333333333332,74.88,80.0,65.263,30.0,중간 충전 후 완주,1,90.0,0.3333333333333333,0.16666666666666666,0.16666666666666666,0.3333333333333333,0.0,0.5,0.3333333333333333,0.0,0.16666666666666666,87.1567841880342,68.94371051485834,64.51553151709402,65.88259,XGBoost,65.88259,80.88259
49_451,49.0,451,6,물걸레,적음,132.826,0.3333333333333333,0.5,11.4,74.88,80.0,25.505,45.939,무충전 완주,0,49.06116452991453,0.0,0.16666666666666666,0.6666666666666666,0.16666666666666666,0.0,0.0,0.5,0.5,0.0,34.06116452991453,39.10951508162198,38.504963497151174,38.337894,XGBoost,38.337894,53.337894
49_452,49.0,452,6,건식,보통,132.826,0.3333333333333333,0.3333333333333333,10.266666666666667,74.88,80.0,32.925,36.029,무충전 완주,0,58.97035256410256,0.0,0.16666666666666666,0.6666666666666666,0.16666666666666666,0.0,0.0,0.6666666666666666,0.3333333333333333,0.0,43.97035256410256,38.405833686940234,36.31868359745968,38.03744,XGBoost,38.03744,53.03744
49_453,49.0,453,6,건식,적음,132.826,0.8333333333333334,0.6666666666666666,18.341666666666665,74.88,80.0,30.637,39.086,무충전 완주,0,55.91479700854701,0.16666666666666666,0.3333333333333333,0.5,0.0,0.0,0.0,0.6666666666666666,0.16666666666666666,0.16666666666666666,40.91479700854701,48.262797712469414,46.7833867521367,47.448257,XGBoost,47.448257,62.448257
49_462,49.0,462,6,물걸레,보통,132.826,0.5,0.5,11.4,74.88,80.0,39.488,27.265,무충전 완주,0,67.73504273504274,0.0,0.5,0.3333333333333333,0.0,0.16666666666666666,0.0,0.5,0.5,0.0,52.73504273504274,45.896776375552015,44.65736289173776,44.240788,XGBoost,44.240788,59.240788
49_471,49.0,471,6,물걸레,적음,132.827,0.16666666666666666,0.5,13.133333333333333,74.88,80.0,27.827,42.838,무충전 완주,0,52.162126068376075,0.16666666666666666,0.0,0.8333333333333334,0.0,0.0,0.16666666666666666,0.6666666666666666,0.16666666666666666,0.0,37.162126068376075,39.61248706084285,36.56821937321936,40.411964,XGBoost,40.411964,55.411964
49_474,49.0,474,6,건식,적음,132.827,0.16666666666666666,0.6666666666666666,14.266666666666666,74.88,80.0,26.738,44.292,무충전 완주,0,50.70779914529915,0.16666666666666666,0.0,0.6666666666666666,0.16666666666666666,0.0,0.16666666666666666,0.5,0.3333333333333333,0.0,35.70779914529915,35.90556024765227,38.11269141737898,36.62562,XGBoost,36.62562,51.62562
49_478,49.0,478,6,건식,많음,132.825,0.5,1.0,20.608333333333334,74.88,80.0,56.554,30.0,중간 충전 후 완주,1,90.0,0.16666666666666666,0.0,0.5,0.0,0.3333333333333333,0.0,0.3333333333333333,0.5,0.16666666666666666,75.52617521367522,68.05984636226609,71.22395833333334,69.807434,XGBoost,69.807434,84.807434
49_480,49.0,480,6,물걸레,많음,132.827,0.3333333333333333,0.8333333333333334,15.4,74.88,80.0,44.394,20.714,무충전 완주,0,74.28685897435898,0.0,0.16666666666666666,0.3333333333333333,0.16666666666666666,0.3333333333333333,0.16666666666666666,0.3333333333333333,0.5,0.0,59.28685897435898,61.887714217127765,62.053883992165225,64.10414,XGBoost,64.10414,79.10414
49_493,49.0,493,6,건식,보통,132.827,0.3333333333333333,0.16666666666666666,9.133333333333333,74.88,80.0,25.822,45.515,무충전 완주,0,49.484508547008545,0.0,0.6666666666666666,0.3333333333333333,0.0,0.0,0.0,0.8333333333333334,0.16666666666666666,0.0,34.484508547008545,35.47012294805945,35.99453792735046,35.729073,XGBoost,35.729073,50.729073
49_497,49.0,497,6,건식,보통,132.827,0.3333333333333333,0.5,13.133333333333333,74.88,80.0,31.618,37.775,무충전 완주,0,57.224893162393165,0.0,0.16666666666666666,0.5,0.0,0.3333333333333333,0.16666666666666666,0.6666666666666666,0.16666666666666666,0.0,42.224893162393165,40.500490741555396,40.64906962250716,42.38539,XGBoost,42.38539,57.38539
49_502,49.0,502,6,건식,보통,132.826,0.3333333333333333,0.6666666666666666,14.266666666666666,74.88,80.0,33.945,34.668,무충전 완주,0,60.33253205128205,0.0,0.16666666666666666,0.5,0.3333333333333333,0.0,0.16666666666666666,0.5,0.3333333333333333,0.0,45.33253205128205,42.91896522655665,43.59450973409303,41.219402,XGBoost,41.219402,56.219402
49_503,49.0,503,6,건식,적음,132.826,0.6666666666666666,1.0,18.266666666666666,74.88,80.0,28.137,42.424,무충전 완주,0,52.576121794871796,0.0,0.3333333333333333,0.3333333333333333,0.0,0.3333333333333333,0.3333333333333333,0.3333333333333333,0.3333333333333333,0.0,37.576121794871796,44.90621344688435,45.03997507122508,43.2665,XGBoost,43.2665,58.2665
49_507,49.0,507,6,물걸레,적음,132.825,0.6666666666666666,0.8333333333333334,15.4,74.88,80.0,33.117,35.773,무충전 완주,0,59.226762820512825,0.16666666666666666,0.0,0.8333333333333334,0.0,0.0,0.16666666666666666,0.3333333333333333,0.5,0.0,44.226762820512825,46.51994502259036,42.415589387464344,44.645565,XGBoost,44.645565,59.645565
49_514,49.0,514,6,건식,보통,132.827,0.5,0.3333333333333333,12.0,74.88,80.0,35.193,33.001,무충전 완주,0,61.99919871794872,0.0,0.6666666666666666,0.16666666666666666,0.16666666666666666,0.0,0.16666666666666666,0.8333333333333334,0.0,0.0,46.99919871794872,39.85992524653106,43.07947352801527,42.98916,XGBoost,42.98916,57.98916
49_515,49.0,515,6,물걸레,많음,132.828,0.16666666666666666,1.0,22.34166666666667,74.88,80.0,59.618,30.0,중간 충전 후 완주,1,90.0,0.3333333333333333,0.0,0.5,0.0,0.16666666666666666,0.16666666666666666,0.5,0.16666666666666666,0.16666666666666666,79.61805555555557,72.88067665084752,74.8601451210827,79.495544,XGBoost,79.495544,90.0
49_516,49.0,516,6,물걸레,보통,132.827,0.3333333333333333,1.0,18.266666666666666,74.88,80.0,43.29,22.188,무충전 완주,0,72.8125,0.0,0.0,0.3333333333333333,0.5,0.16666666666666666,0.3333333333333333,0.3333333333333333,0.3333333333333333,0.0,57.8125,54.097221265504885,55.83581248516142,57.459316,XGBoost,57.459316,72.45932
49_518,49.0,518,6,물걸레,많음,132.826,0.6666666666666666,0.8333333333333334,17.133333333333333,74.88,80.0,52.975,30.0,중간 충전 후 완주,1,85.74652777777779,0.0,0.3333333333333333,0.3333333333333333,0.16666666666666666,0.16666666666666666,0.3333333333333333,0.5,0.16666666666666666,0.0,70.74652777777779,66.6672842551975,71.24313568376066,67.43167,XGBoost,67.43167,82.43167
49_539,49.0,539,6,건식,보통,132.826,0.3333333333333333,0.3333333333333333,10.266666666666667,74.88,80.0,28.722,41.642,무충전 완주,0,53.357371794871796,0.0,0.5,0.3333333333333333,0.16666666666666666,0.0,0.0,0.6666666666666666,0.3333333333333333,0.0,38.357371794871796,38.348986721098605,38.05056275225546,37.988346,XGBoost,37.988346,52.988346
49_547,49.0,547,6,물걸레,적음,132.825,0.16666666666666666,0.0,8.0,74.88,80.0,22.46,50.005,무충전 완주,0,44.994658119658126,0.0,0.16666666666666666,0.8333333333333334,0.0,0.0,0.0,1.0,0.0,0.0,29.994658119658123,39.46718437745333,34.199937678062724,33.689713,XGBoost,33.689713,48.689713
49_549,49.0,549,6,건식,많음,132.827,0.6666666666666666,1.0,22.34166666666667,74.88,80.0,56.51,30.0,중간 충전 후 완주,1,90.0,0.16666666666666666,0.16666666666666666,0.5,0.16666666666666666,0.0,0.16666666666666666,0.5,0.16666666666666666,0.16666666666666666,75.46741452991454,71.88536124387194,75.28480680199429,73.972305,XGBoost,73.972305,88.972305
49_552,49.0,552,6,물걸레,보통,132.827,0.16666666666666666,0.6666666666666666,14.266666666666666,74.88,80.0,32.574,36.499,무충전 완주,0,58.50160256410256,0.16666666666666666,0.0,0.6666666666666666,0.0,0.16666666666666666,0.16666666666666666,0.5,0.3333333333333333,0.0,43.50160256410256,46.40271186578034,48.09205395299156,46.947006,XGBoost,46.947006,61.947006
49_557,49.0,557,6,물걸레,많음,132.828,0.5,1.0,16.533333333333335,74.88,80.0,54.35,30.0,중간 충전 후 완주,1,87.58279914529915,0.0,0.0,0.3333333333333333,0.3333333333333333,0.3333333333333333,0.16666666666666666,0.16666666666666666,0.6666666666666666,0.0,72.58279914529915,65.03943411951711,63.49598468660958,66.78975,XGBoost,66.78975,81.78975
49_559,49.0,559,6,물걸레,보통,132.828,0.6666666666666666,0.5,11.4,74.88,80.0,29.812,40.187,무충전 완주,0,54.813034188034194,0.0,0.3333333333333333,0.5,0.0,0.16666666666666666,0.0,0.5,0.5,0.0,39.813034188034194,46.198055987823025,43.251272088251184,43.8654,XGBoost,43.8654,58.8654
49_560,49.0,560,6,건식,보통,132.826,0.5,1.0,20.608333333333334,74.88,80.0,44.018,21.216,무충전 완주,0,73.78472222222223,0.16666666666666666,0.0,0.6666666666666666,0.0,0.16666666666666666,0.0,0.3333333333333333,0.5,0.16666666666666666,58.78472222222223,54.60052461922898,54.01574074074089,52.557087,XGBoost,52.557087,67.55708
49_562,49.0,562,6,물걸레,적음,132.826,0.8333333333333334,1.0,20.608333333333334,74.88,80.0,45.028,19.867,무충전 완주,0,75.133547008547,0.16666666666666666,0.16666666666666666,0.6666666666666666,0.0,0.0,0.0,0.3333333333333333,0.5,0.16666666666666666,60.133547008547005,57.22655632935104,58.17106036324789,55.14035,XGBoost,55.14035,70.14035
49_565,49.0,565,6,건식,보통,132.826,0.6666666666666666,0.8333333333333334,19.474999999999998,74.88,80.0,51.002,30.0,중간 충전 후 완주,1,83.11164529914531,0.0,0.16666666666666666,0.6666666666666666,0.16666666666666666,0.0,0.0,0.5,0.3333333333333333,0.16666666666666666,68.11164529914531,55.689666131229,55.70590722934486,54.087696,XGBoost,54.087696,69.08769
49_566,49.0,566,6,건식,많음,132.827,0.16666666666666666,0.3333333333333333,10.266666666666667,74.88,80.0,30.624,39.103,무충전 완주,0,55.8974358974359,0.0,0.5,0.3333333333333333,0.16666666666666666,0.0,0.0,0.6666666666666666,0.3333333333333333,0.0,40.8974358974359,49.11963433967705,40.134891381766415,43.627003,XGBoost,43.627003,58.627003
49_572,49.0,572,6,물걸레,많음,132.826,0.16666666666666666,0.5,13.133333333333333,74.88,80.0,43.769,21.548,무충전 완주,0,73.45219017094018,0.16666666666666666,0.0,0.8333333333333334,0.0,0.0,0.16666666666666666,0.6666666666666666,0.16666666666666666,0.0,58.45219017094018,57.805406827429074,51.72034366096867,54.793858,XGBoost,54.793858,69.79385
49_578,49.0,578,6,물걸레,보통,132.826,0.6666666666666666,1.1666666666666667,23.474999999999998,74.88,80.0,45.123,19.739,무충전 완주,0,75.26041666666667,0.3333333333333333,0.3333333333333333,0.3333333333333333,0.0,0.0,0.16666666666666666,0.3333333333333333,0.3333333333333333,0.16666666666666666,60.26041666666667,65.69587154531443,62.21529113247861,65.50463,XGBoost,65.50463,80.50463
49_580,49.0,580,6,물걸레,적음,132.825,0.6666666666666666,0.6666666666666666,12.533333333333333,74.88,80.0,25.248,46.282,무충전 완주,0,48.71794871794872,0.0,0.0,0.8333333333333334,0.16666666666666666,0.0,0.0,0.3333333333333333,0.6666666666666666,0.0,33.71794871794872,43.43093976096929,40.832572115384664,43.031693,XGBoost,43.031693,58.031693
49_584,49.0,584,6,건식,많음,132.82500000000002,0.5,0.8333333333333334,17.133333333333333,74.88,80.0,40.236,26.266,무충전 완주,0,68.73397435897436,0.0,0.16666666666666666,0.3333333333333333,0.3333333333333333,0.16666666666666666,0.3333333333333333,0.5,0.16666666666666666,0.0,53.73397435897436,61.78001246135629,59.867156487416906,62.124996,XGBoost,62.124996,77.125
49_59,49.0,59,6,물걸레,많음,132.826,0.6666666666666666,1.0,20.608333333333334,74.88,80.0,62.81,30.0,중간 충전 후 완주,1,90.0,0.16666666666666666,0.3333333333333333,0.3333333333333333,0.0,0.16666666666666666,0.0,0.3333333333333333,0.5,0.16666666666666666,83.88087606837608,74.18291091154386,73.24704415954416,77.18516,XGBoost,77.18516,90.0
49_594,49.0,594,6,건식,적음,132.826,0.6666666666666666,0.3333333333333333,10.266666666666667,74.88,80.0,23.204,49.012,무충전 완주,0,45.988247863247864,0.0,0.6666666666666666,0.3333333333333333,0.0,0.0,0.0,0.6666666666666666,0.3333333333333333,0.0,30.988247863247864,34.06839761605602,34.386943554130994,34.392223,XGBoost,34.392223,49.392223
49_596,49.0,596,6,건식,많음,132.827,0.8333333333333334,1.1666666666666667,23.474999999999998,74.88,80.0,58.336,30.0,중간 충전 후 완주,1,90.0,0.16666666666666666,0.0,0.6666666666666666,0.0,0.16666666666666666,0.16666666666666666,0.3333333333333333,0.3333333333333333,0.16666666666666666,77.90598290598291,74.12998659178474,79.98985042735035,75.329926,XGBoost,75.329926,90.0
49_60,49.0,60,6,물걸레,적음,132.827,0.8333333333333334,0.6666666666666666,12.533333333333333,74.88,80.0,32.2,36.998,무충전 완주,0,58.002136752136764,0.0,0.3333333333333333,0.5,0.0,0.16666666666666666,0.0,0.3333333333333333,0.6666666666666666,0.0,43.002136752136764,43.42860301205543,40.85476463929599,41.920223,XGBoost,41.920223,56.920223
49_604,49.0,604,6,물걸레,적음,132.825,0.3333333333333333,0.6666666666666666,18.341666666666665,74.88,80.0,34.204,34.322,무충전 완주,0,60.67841880341881,0.16666666666666666,0.3333333333333333,0.5,0.0,0.0,0.0,0.6666666666666666,0.16666666666666666,0.16666666666666666,45.67841880341881,50.83040184840442,55.20026709401714,52.307827,XGBoost,52.307827,67.30783
49_611,49.0,611,6,건식,보통,132.826,0.8333333333333334,1.5,23.400000000000002,74.88,80.0,45.17,19.677,무충전 완주,0,75.32318376068376,0.16666666666666666,0.0,0.16666666666666666,0.3333333333333333,0.3333333333333333,0.5,0.0,0.5,0.0,60.32318376068376,58.710522813080814,64.41286057692308,59.29408,XGBoost,59.29408,74.29408
49_621,49.0,621,6,물걸레,보통,132.826,0.5,0.8333333333333334,15.4,74.88,80.0,32.613,36.446,무충전 완주,0,58.5536858974359,0.0,0.16666666666666666,0.5,0.0,0.3333333333333333,0.16666666666666666,0.3333333333333333,0.5,0.0,43.5536858974359,50.24840896858788,51.46806000712248,50.86287,XGBoost,50.86287,65.86287
49_628,49.0,628,6,물걸레,많음,132.826,0.5,1.1666666666666667,21.133333333333333,74.88,80.0,69.26,30.0,중간 충전 후 완주,1,90.0,0.3333333333333333,0.16666666666666666,0.3333333333333333,0.16666666666666666,0.0,0.5,0.3333333333333333,0.16666666666666666,0.0,92.49465811965814,72.03029097886116,80.73551014957258,78.47146,XGBoost,78.47146,90.0
49_634,49.0,634,6,건식,보통,132.828,0.5,0.6666666666666666,14.266666666666666,74.88,80.0,37.125,30.42,무충전 완주,0,64.57932692307693,0.0,0.16666666666666666,0.5,0.3333333333333333,0.0,0.16666666666666666,0.5,0.3333333333333333,0.0,49.57932692307693,43.19182135590662,47.411364850427326,43.803265,XGBoost,43.803265,58.803265
49_646,49.0,646,6,물걸레,많음,132.828,0.5,0.5,11.4,74.88,80.0,47.478,16.594,무충전 완주,0,78.40544871794873,0.0,0.16666666666666666,0.6666666666666666,0.0,0.16666666666666666,0.0,0.5,0.5,0.0,63.40544871794872,58.222906403169546,54.775529736467085,55.90754,XGBoost,55.90754,70.90754
49_657,49.0,657,6,물걸레,적음,132.827,0.6666666666666666,1.1666666666666667,19.400000000000002,74.88,80.0,45.724,18.938,무충전 완주,0,76.06303418803418,0.16666666666666666,0.0,0.6666666666666666,0.16666666666666666,0.0,0.3333333333333333,0.16666666666666666,0.5,0.0,61.06303418803418,51.50796908370978,48.55707353988606,51.774292,XGBoost,51.774292,66.77429
49_662,49.0,662,6,건식,많음,132.826,0.5,0.6666666666666666,18.341666666666665,74.88,80.0,65.42,30.0,중간 충전 후 완주,1,90.0,0.0,0.3333333333333333,0.3333333333333333,0.16666666666666666,0.16666666666666666,0.0,0.6666666666666666,0.16666666666666666,0.16666666666666666,87.366452991453,65.46023730008339,67.72144319800573,68.40638,XGBoost,68.40638,83.40638
49_665,49.0,665,6,물걸레,보통,132.827,0.3333333333333333,0.3333333333333333,10.266666666666667,74.88,80.0,29.267,40.915,무충전 완주,0,54.085202991452995,0.0,0.3333333333333333,0.6666666666666666,0.0,0.0,0.0,0.6666666666666666,0.3333333333333333,0.0,39.085202991452995,42.66043137561208,42.059394152336786,41.917446,XGBoost,41.917446,56.917446
49_669,49.0,669,6,건식,보통,132.826,0.8333333333333334,1.1666666666666667,19.400000000000002,74.88,80.0,37.623,29.756,무충전 완주,0,65.24439102564102,0.16666666666666666,0.16666666666666666,0.3333333333333333,0.16666666666666666,0.16666666666666666,0.3333333333333333,0.16666666666666666,0.5,0.0,50.24439102564102,52.68394557568669,53.264280626780675,54.544746,XGBoost,54.544746,69.54475
49_670,49.0,670,6,물걸레,보통,132.826,0.6666666666666666,0.16666666666666666,9.133333333333333,74.88,80.0,28.6,41.806,무충전 완주,0,53.19444444444445,0.0,0.8333333333333334,0.16666666666666666,0.0,0.0,0.0,0.8333333333333334,0.16666666666666666,0.0,38.19444444444445,42.218544452836085,42.96487268518512,42.398983,XGBoost,42.398983,57.398983
49_674,49.0,674,6,건식,보통,132.827,0.6666666666666666,1.3333333333333333,28.683333333333334,74.88,80.0,43.963,21.288,무충전 완주,0,73.71127136752136,0.16666666666666666,0.16666666666666666,0.3333333333333333,0.3333333333333333,0.0,0.0,0.3333333333333333,0.3333333333333333,0.3333333333333333,58.71127136752137,64.96731885965931,67.64806356837613,68.25849,XGBoost,68.25849,83.25849
49_68,49.0,68,6,건식,많음,132.826,0.5,0.3333333333333333,10.266666666666667,74.88,80.0,43.028,22.537,무충전 완주,0,72.46260683760684,0.0,0.3333333333333333,0.5,0.16666666666666666,0.0,0.0,0.6666666666666666,0.3333333333333333,0.0,57.46260683760684,51.639185346774305,49.803520299145376,46.88287,XGBoost,46.88287,61.88287
49_681,49.0,681,6,건식,적음,132.826,0.5,0.3333333333333333,10.266666666666667,74.88,80.0,24.862,46.797,무충전 완주,0,48.20245726495726,0.0,0.5,0.5,0.0,0.0,0.0,0.6666666666666666,0.3333333333333333,0.0,33.20245726495726,32.729093455212684,33.288799857549805,33.72726,XGBoost,33.72726,48.72726
49_683,49.0,683,6,물걸레,보통,132.826,0.3333333333333333,0.3333333333333333,12.0,74.88,80.0,40.838,25.462,무충전 완주,0,69.53792735042735,0.0,0.16666666666666666,0.6666666666666666,0.0,0.16666666666666666,0.16666666666666666,0.8333333333333334,0.0,0.0,54.53792735042735,44.60567245507524,44.893808760683676,44.653816,XGBoost,44.653816,59.653816
49_69,49.0,69,6,물걸레,많음,132.827,0.6666666666666666,1.3333333333333333,24.608333333333334,74.88,80.0,57.614,30.0,중간 충전 후 완주,1,90.0,0.16666666666666666,0.0,0.5,0.16666666666666666,0.16666666666666666,0.16666666666666666,0.16666666666666666,0.5,0.16666666666666666,76.9417735042735,79.40769092641222,77.57756410256407,83.05778,XGBoost,83.05778,90.0
49_690,49.0,690,6,물걸레,적음,132.827,0.5,0.5,11.4,74.88,80.0,32.396,36.736,무충전 완주,0,58.26388888888889,0.0,0.3333333333333333,0.5,0.16666666666666666,0.0,0.0,0.5,0.5,0.0,43.26388888888889,40.57972704189909,39.33595975783475,39.473152,XGBoost,39.473152,54.473152
49_693,49.0,693,6,건식,적음,132.828,0.16666666666666666,0.8333333333333334,19.474999999999998,74.88,80.0,30.267,39.58,무충전 완주,0,55.42067307692308,0.16666666666666666,0.16666666666666666,0.3333333333333333,0.16666666666666666,0.16666666666666666,0.0,0.5,0.3333333333333333,0.16666666666666666,40.42067307692308,45.58393884084744,43.76925302706551,44.592575,XGBoost,44.592575,59.592575
49_697,49.0,697,6,물걸레,보통,132.826,0.6666666666666666,0.3333333333333333,10.266666666666667,74.88,80.0,32.52,36.57,무충전 완주,0,58.42948717948719,0.0,0.3333333333333333,0.6666666666666666,0.0,0.0,0.0,0.6666666666666666,0.3333333333333333,0.0,43.42948717948719,45.15155889978853,43.47456889753764,43.239643,XGBoost,43.239643,58.239643
49_70,49.0,70,6,건식,적음,132.826,0.5,1.0,16.533333333333335,74.88,80.0,37.369,30.095,무충전 완주,0,64.90518162393163,0.16666666666666666,0.16666666666666666,0.5,0.16666666666666666,0.0,0.16666666666666666,0.16666666666666666,0.6666666666666666,0.0,49.905181623931625,40.92614130746687,40.392565883190855,40.241528,XGBoost,40.241528,55.241528
49_700,49.0,700,6,물걸레,많음,132.828,0.5,0.6666666666666666,18.341666666666665,74.88,80.0,56.802,30.0,중간 충전 후 완주,1,90.0,0.16666666666666666,0.16666666666666666,0.6666666666666666,0.0,0.0,0.0,0.6666666666666666,0.16666666666666666,0.16666666666666666,75.8573717948718,70.01065357738746,73.6078347578348,74.588394,XGBoost,74.588394,89.588394
49_702,49.0,702,6,건식,적음,132.826,0.3333333333333333,0.6666666666666666,14.266666666666666,74.88,80.0,26.273,44.913,무충전 완주,0,50.08680555555556,0.0,0.3333333333333333,0.3333333333333333,0.16666666666666666,0.16666666666666666,0.16666666666666666,0.5,0.3333333333333333,0.0,35.08680555555556,37.28828609012482,39.856750801282104,37.30789,XGBoost,37.30789,52.30789
49_703,49.0,703,6,물걸레,보통,132.826,1.0,1.0,16.533333333333335,74.88,80.0,46.229,18.263,무충전 완주,0,76.7374465811966,0.0,0.16666666666666666,0.5,0.16666666666666666,0.16666666666666666,0.16666666666666666,0.16666666666666666,0.6666666666666666,0.0,61.737446581196586,55.21252119469359,54.88480680199438,54.759117,XGBoost,54.759117,69.75912
49_716,49.0,716,6,건식,보통,132.826,0.5,0.5,11.4,74.88,80.0,35.476,32.623,무충전 완주,0,62.37713675213676,0.0,0.3333333333333333,0.5,0.16666666666666666,0.0,0.0,0.5,0.5,0.0,47.37713675213676,39.766087655493166,37.76638822115391,39.147842,XGBoost,39.147842,54.147842
49_719,49.0,719,6,물걸레,보통,132.826,0.8333333333333334,1.0,22.34166666666667,74.88,80.0,47.79,16.178,무충전 완주,0,78.82211538461539,0.16666666666666666,0.0,0.6666666666666666,0.0,0.16666666666666666,0.16666666666666666,0.5,0.16666666666666666,0.16666666666666666,63.82211538461539,64.89969187197273,62.71659544159543,64.10006,XGBoost,64.10006,79.10006
49_721,49.0,721,6,물걸레,보통,132.827,0.3333333333333333,0.5,13.133333333333333,74.88,80.0,35.433,32.68,무충전 완주,0,62.31971153846154,0.0,0.5,0.3333333333333333,0.16666666666666666,0.0,0.16666666666666666,0.6666666666666666,0.16666666666666666,0.0,47.31971153846154,46.389136085998295,44.63528645833339,46.133614,XGBoost,46.133614,61.133614
49_722,49.0,722,6,건식,적음,132.826,0.3333333333333333,0.6666666666666666,14.266666666666666,74.88,80.0,29.209,40.992,무충전 완주,0,54.00774572649573,0.0,0.16666666666666666,0.3333333333333333,0.16666666666666666,0.3333333333333333,0.16666666666666666,0.5,0.3333333333333333,0.0,39.00774572649573,37.96702129058514,40.944190705128214,38.125393,XGBoost,38.125393,53.125393
49_724,49.0,724,6,물걸레,보통,132.82600000000002,0.5,1.1666666666666667,21.133333333333333,74.88,80.0,50.118,30.0,중간 충전 후 완주,1,81.93108974358975,0.3333333333333333,0.3333333333333333,0.16666666666666666,0.16666666666666666,0.0,0.5,0.3333333333333333,0.16666666666666666,0.0,66.93108974358975,59.372766458345055,62.3149394586894,64.98454,XGBoost,64.98454,79.98454
49_73,49.0,73,6,물걸레,많음,132.826,0.3333333333333333,0.3333333333333333,10.266666666666667,74.88,80.0,31.441,38.012,무충전 완주,0,56.98851495726496,0.0,0.16666666666666666,0.8333333333333334,0.0,0.0,0.0,0.6666666666666666,0.3333333333333333,0.0,41.98851495726496,55.49786488403028,54.20629451566938,51.50639,XGBoost,51.50639,66.50639
49_732,49.0,732,6,건식,보통,132.826,1.0,1.0,16.533333333333335,74.88,80.0,38.579,28.478,무충전 완주,0,66.52110042735043,0.0,0.16666666666666666,0.6666666666666666,0.16666666666666666,0.0,0.16666666666666666,0.16666666666666666,0.6666666666666666,0.0,51.52110042735043,50.2764920136331,50.23846599002845,49.8342,XGBoost,49.8342,64.8342
49_738,49.0,738,6,물걸레,많음,132.826,0.3333333333333333,0.8333333333333334,21.208333333333332,74.88,80.0,70.181,30.0,중간 충전 후 완주,1,90.0,0.16666666666666666,0.16666666666666666,0.5,0.16666666666666666,0.0,0.16666666666666666,0.6666666666666666,0.0,0.16666666666666666,93.72462606837607,73.2837658127215,72.97291221509968,75.44252,XGBoost,75.44252,90.0
49_742,49.0,742,6,물걸레,적음,132.826,0.8333333333333334,1.0,20.608333333333334,74.88,80.0,46.834,17.454,무충전 완주,0,77.54540598290599,0.16666666666666666,0.0,0.6666666666666666,0.16666666666666666,0.0,0.0,0.3333333333333333,0.5,0.16666666666666666,62.54540598290599,56.76695032895248,58.39859775641021,56.3863,XGBoost,56.3863,71.3863
49_744,49.0,744,6,건식,보통,132.826,0.5,1.0,18.266666666666666,74.88,80.0,30.303,39.532,무충전 완주,0,55.46875,0.0,0.16666666666666666,0.16666666666666666,0.5,0.16666666666666666,0.3333333333333333,0.3333333333333333,0.3333333333333333,0.0,40.46875,49.54979308619432,52.83324875356116,52.1591,XGBoost,52.1591,67.1591
49_757,49.0,757,6,물걸레,보통,132.826,0.0,0.3333333333333333,12.0,74.88,80.0,30.91,38.721,무충전 완주,0,56.27938034188035,0.16666666666666666,0.0,0.8333333333333334,0.0,0.0,0.16666666666666666,0.8333333333333334,0.0,0.0,41.27938034188035,44.948084994450426,45.45450498575505,43.551785,XGBoost,43.551785,58.551785
49_76,49.0,76,6,물걸레,보통,132.828,0.3333333333333333,0.6666666666666666,14.266666666666666,74.88,80.0,37.04,30.535,무충전 완주,0,64.46581196581197,0.16666666666666666,0.16666666666666666,0.6666666666666666,0.0,0.0,0.16666666666666666,0.5,0.3333333333333333,0.0,49.465811965811966,47.22261210851772,47.11393340455841,47.66956,XGBoost,47.66956,62.66956
49_763,49.0,763,6,물걸레,보통,132.826,0.16666666666666666,1.0,18.266666666666666,74.88,80.0,35.816,32.169,무충전 완주,0,62.831196581196586,0.3333333333333333,0.0,0.5,0.0,0.16666666666666666,0.3333333333333333,0.3333333333333333,0.3333333333333333,0.0,47.831196581196586,52.13099758889696,51.38663639601144,53.19042,XGBoost,53.19042,68.190414
49_764,49.0,764,6,물걸레,많음,132.826,0.6666666666666666,1.6666666666666667,32.68333333333333,74.88,80.0,73.341,30.0,중간 충전 후 완주,1,90.0,0.5,0.0,0.5,0.0,0.0,0.16666666666666666,0.16666666666666666,0.3333333333333333,0.3333333333333333,97.94471153846153,86.97072363512208,87.9814903846155,95.991295,XGBoost,95.991295,90.0
49_768,49.0,768,6,물걸레,보통,132.825,0.3333333333333333,0.5,13.133333333333333,74.88,80.0,39.282,27.54,무충전 완주,0,67.4599358974359,0.0,0.16666666666666666,0.5,0.3333333333333333,0.0,0.16666666666666666,0.6666666666666666,0.16666666666666666,0.0,52.4599358974359,46.62858833167557,43.80653935185189,45.000534,XGBoost,45.000534,60.000534
49_774,49.0,774,6,건식,보통,132.825,0.3333333333333333,0.3333333333333333,10.266666666666667,74.88,80.0,35.354,32.785,무충전 완주,0,62.214209401709404,0.0,0.5,0.3333333333333333,0.16666666666666666,0.0,0.0,0.6666666666666666,0.3333333333333333,0.0,47.214209401709404,38.528895709005916,36.309078599833825,37.82984,XGBoost,37.82984,52.82984
49_777,49.0,777,6,물걸레,보통,132.827,0.8333333333333334,0.6666666666666666,12.533333333333333,74.88,80.0,29.77,40.242,무충전 완주,0,54.75694444444445,0.0,0.5,0.3333333333333333,0.0,0.16666666666666666,0.0,0.3333333333333333,0.6666666666666666,0.0,39.75694444444445,48.47327248288283,47.09180805691232,49.505913,XGBoost,49.505913,64.50591
49_78,49.0,78,6,물걸레,많음,132.827,0.5,0.8333333333333334,21.208333333333332,74.88,80.0,60.585,30.0,중간 충전 후 완주,1,90.0,0.0,0.0,0.6666666666666666,0.16666666666666666,0.16666666666666666,0.16666666666666666,0.6666666666666666,0.0,0.16666666666666666,80.90945512820514,75.43781445408275,67.70073896011404,76.03656,XGBoost,76.03656,90.0
49_789,49.0,789,6,건식,적음,132.827,0.3333333333333333,0.5,11.4,74.88,80.0,20.964,52.003,무충전 완주,0,42.996794871794876,0.0,0.3333333333333333,0.5,0.16666666666666666,0.0,0.0,0.5,0.5,0.0,27.996794871794872,33.56959482133266,36.58451151471987,34.799343,XGBoost,34.799343,49.799343
49_79,49.0,79,6,물걸레,많음,132.826,0.5,0.5,11.4,74.88,80.0,47.6,16.432,무충전 완주,0,78.56837606837607,0.0,0.0,0.8333333333333334,0.16666666666666666,0.0,0.0,0.5,0.5,0.0,63.568376068376075,58.829493774326934,55.61940438034173,57.310837,XGBoost,57.310837,72.31084
49_791,49.0,791,6,물걸레,많음,132.826,0.5,1.3333333333333333,28.683333333333334,74.88,80.0,63.577,30.0,중간 충전 후 완주,1,90.0,0.3333333333333333,0.16666666666666666,0.3333333333333333,0.0,0.16666666666666666,0.0,0.3333333333333333,0.3333333333333333,0.3333333333333333,84.90518162393163,80.36569070342622,84.35685096153884,86.62045,XGBoost,86.62045,90.0
49_793,49.0,793,6,건식,보통,132.827,0.8333333333333334,1.1666666666666667,17.666666666666668,74.88,80.0,31.018,38.577,무충전 완주,0,56.423611111111114,0.16666666666666666,0.0,0.5,0.0,0.3333333333333333,0.16666666666666666,0.0,0.8333333333333334,0.0,41.423611111111114,49.34693644392465,52.53421029202283,51.947643,XGBoost,51.947643,66.94765
49_795,49.0,795,6,물걸레,적음,132.826,0.6666666666666666,1.1666666666666667,25.208333333333332,74.88,80.0,49.627,30.0,중간 충전 후 완주,1,81.27537393162393,0.16666666666666666,0.16666666666666666,0.3333333333333333,0.16666666666666666,0.16666666666666666,0.3333333333333333,0.5,0.0,0.16666666666666666,66.27537393162393,62.711469694823364,56.509686609686575,60.250046,XGBoost,60.250046,75.250046
49_806,49.0,806,6,물걸레,보통,132.826,0.8333333333333334,2.0,40.75833333333333,74.88,80.0,53.4,30.0,중간 충전 후 완주,1,86.31410256410257,0.6666666666666666,0.0,0.3333333333333333,0.0,0.0,0.16666666666666666,0.16666666666666666,0.16666666666666666,0.5,71.31410256410257,83.85306776870311,80.14576210826226,87.97307,XGBoost,87.97307,90.0
49_809,49.0,809,6,물걸레,보통,132.826,0.6666666666666666,1.1666666666666667,21.74166666666667,74.88,80.0,39.734,26.936,무충전 완주,0,68.06356837606839,0.16666666666666666,0.16666666666666666,0.3333333333333333,0.16666666666666666,0.16666666666666666,0.0,0.16666666666666666,0.6666666666666666,0.16666666666666666,53.06356837606838,63.206894333145435,62.253523415242164,62.809208,XGBoost,62.809208,77.809204
49_812,49.0,812,6,물걸레,적음,132.827,0.8333333333333334,1.1666666666666667,21.133333333333333,74.88,80.0,40.262,26.231,무충전 완주,0,68.7686965811966,0.0,0.3333333333333333,0.16666666666666666,0.16666666666666666,0.3333333333333333,0.5,0.3333333333333333,0.16666666666666666,0.0,53.768696581196586,56.32827537016812,59.7957220441595,59.940483,XGBoost,59.940483,74.94048
49_813,49.0,813,6,물걸레,적음,132.826,0.16666666666666666,0.5,13.133333333333333,74.88,80.0,31.832,37.49,무충전 완주,0,57.51068376068376,0.16666666666666666,0.3333333333333333,0.3333333333333333,0.0,0.16666666666666666,0.16666666666666666,0.6666666666666666,0.16666666666666666,0.0,42.51068376068376,39.33999047450738,42.48204605146019,40.7395,XGBoost,40.7395,55.7395
49_815,49.0,815,6,건식,많음,132.827,0.5,0.5,13.133333333333333,74.88,80.0,43.909,21.361,무충전 완주,0,73.63915598290599,0.0,0.5,0.16666666666666666,0.16666666666666666,0.16666666666666666,0.16666666666666666,0.6666666666666666,0.16666666666666666,0.0,58.63915598290599,53.92376483089084,51.691105917616326,51.827877,XGBoost,51.827877,66.82788
49_819,49.0,819,6,건식,많음,132.827,0.6666666666666666,0.5,11.4,74.88,80.0,37.294,30.194,무충전 완주,0,64.80502136752136,0.0,0.3333333333333333,0.6666666666666666,0.0,0.0,0.0,0.5,0.5,0.0,49.80502136752137,53.02516650631972,49.765308938746365,48.888874,XGBoost,48.888874,63.888874
49_830,49.0,830,6,건식,적음,132.826,0.3333333333333333,1.0,22.34166666666667,74.88,80.0,38.489,28.599,무충전 완주,0,66.40090811965811,0.3333333333333333,0.16666666666666666,0.3333333333333333,0.16666666666666666,0.0,0.16666666666666666,0.5,0.16666666666666666,0.16666666666666666,51.40090811965812,51.76436291912749,55.39092325498572,52.99261,XGBoost,52.99261,67.992615
49_833,49.0,833,6,물걸레,보통,132.825,0.3333333333333333,0.8333333333333334,19.474999999999998,74.88,80.0,43.876,21.406,무충전 완주,0,73.59508547008548,0.0,0.0,0.5,0.5,0.0,0.0,0.5,0.3333333333333333,0.16666666666666666,58.59508547008547,59.6098127892321,59.458935036799645,63.548965,XGBoost,63.548965,78.548965
49_853,49.0,853,6,건식,적음,132.827,0.16666666666666666,0.6666666666666666,16.0,74.88,80.0,33.101,35.794,무충전 완주,0,59.2053952991453,0.16666666666666666,0.3333333333333333,0.3333333333333333,0.16666666666666666,0.0,0.3333333333333333,0.6666666666666666,0.0,0.0,44.2053952991453,38.815890996164235,40.26657986111118,40.72201,XGBoost,40.72201,55.72201
49_857,49.0,857,6,건식,많음,132.826,0.6666666666666666,1.1666666666666667,23.474999999999998,74.88,80.0,58.701,30.0,중간 충전 후 완주,1,90.0,0.16666666666666666,0.16666666666666666,0.3333333333333333,0.3333333333333333,0.0,0.16666666666666666,0.3333333333333333,0.3333333333333333,0.16666666666666666,78.39342948717949,73.68993120805008,82.24229878917372,74.69937,XGBoost,74.69937,89.69937
49_86,49.0,86,6,물걸레,보통,132.825,0.6666666666666666,1.0,16.533333333333335,74.88,80.0,43.777,21.538,무충전 완주,0,73.46287393162393,0.16666666666666666,0.3333333333333333,0.3333333333333333,0.0,0.16666666666666666,0.16666666666666666,0.16666666666666666,0.6666666666666666,0.0,58.46287393162394,53.25332286168623,48.63776264245019,52.238678,XGBoost,52.238678,67.23868
49_862,49.0,862,6,건식,보통,132.827,0.16666666666666666,0.5,11.4,74.88,80.0,28.529,41.9,무충전 완주,0,53.09962606837607,0.0,0.3333333333333333,0.3333333333333333,0.3333333333333333,0.0,0.0,0.5,0.5,0.0,38.09962606837607,38.14361776127839,39.62986971747392,36.991505,XGBoost,36.991505,51.991505
49_870,49.0,870,6,건식,많음,132.827,0.16666666666666666,1.1666666666666667,21.133333333333333,74.88,80.0,50.069,30.0,중간 충전 후 완주,1,81.86565170940172,0.3333333333333333,0.16666666666666666,0.16666666666666666,0.16666666666666666,0.16666666666666666,0.5,0.3333333333333333,0.16666666666666666,0.0,66.86565170940172,63.81201705682237,73.38758457977204,66.31017,XGBoost,66.31017,81.31017
49_873,49.0,873,6,건식,많음,132.826,0.16666666666666666,0.3333333333333333,12.0,74.88,80.0,45.376,19.402,무충전 완주,0,75.59829059829059,0.0,0.5,0.3333333333333333,0.16666666666666666,0.0,0.16666666666666666,0.8333333333333334,0.0,0.0,60.598290598290596,51.432010544620326,47.7718126780626,46.92011,XGBoost,46.92011,61.92011
49_874,49.0,874,6,건식,적음,132.825,0.16666666666666666,0.8333333333333334,17.133333333333333,74.88,80.0,29.364,40.785,무충전 완주,0,54.21474358974359,0.16666666666666666,0.0,0.5,0.0,0.3333333333333333,0.3333333333333333,0.5,0.16666666666666666,0.0,39.21474358974359,40.42052508924673,42.33759348290603,42.301983,XGBoost,42.301983,57.301983
49_883,49.0,883,6,물걸레,적음,132.827,0.3333333333333333,0.6666666666666666,14.266666666666666,74.88,80.0,32.991,35.942,무충전 완주,0,59.05849358974359,0.0,0.16666666666666666,0.5,0.0,0.3333333333333333,0.16666666666666666,0.5,0.3333333333333333,0.0,44.05849358974359,42.250042462177795,40.54573450854697,42.848583,XGBoost,42.848583,57.848583
49_892,49.0,892,6,물걸레,많음,132.826,0.0,0.8333333333333334,17.133333333333333,74.88,80.0,55.903,30.0,중간 충전 후 완주,1,89.65678418803418,0.3333333333333333,0.16666666666666666,0.3333333333333333,0.0,0.16666666666666666,0.3333333333333333,0.5,0.16666666666666666,0.0,74.65678418803418,64.5034543481781,63.884739286562166,61.62384,XGBoost,61.62384,76.62384
49_894,49.0,894,6,건식,적음,132.827,0.3333333333333333,0.5,13.133333333333333,74.88,80.0,23.824,48.184,무충전 완주,0,46.81623931623932,0.0,0.16666666666666666,0.5,0.16666666666666666,0.16666666666666666,0.16666666666666666,0.6666666666666666,0.16666666666666666,0.0,31.81623931623932,35.33492691288875,36.04206508190883,36.59287,XGBoost,36.59287,51.59287
49_897,49.0,897,6,물걸레,적음,132.827,0.3333333333333333,0.5,11.4,74.88,80.0,28.439,42.02,무충전 완주,0,52.97943376068376,0.0,0.16666666666666666,0.6666666666666666,0.0,0.16666666666666666,0.0,0.5,0.5,0.0,37.97943376068376,38.711260181292715,35.781163936372266,38.815582,XGBoost,38.815582,53.815582
49_899,49.0,899,6,건식,적음,132.827,0.5,0.6666666666666666,12.533333333333333,74.88,80.0,21.875,50.787,무충전 완주,0,44.213408119658126,0.0,0.16666666666666666,0.5,0.16666666666666666,0.16666666666666666,0.0,0.3333333333333333,0.6666666666666666,0.0,29.213408119658123,36.68287779920714,38.107420762108305,37.688923,XGBoost,37.688923,52.688923
49_903,49.0,903,6,물걸레,적음,132.825,0.6666666666666666,0.8333333333333334,21.208333333333332,74.88,80.0,41.747,24.248,무충전 완주,0,70.75186965811966,0.16666666666666666,0.5,0.16666666666666666,0.0,0.16666666666666666,0.16666666666666666,0.6666666666666666,0.0,0.16666666666666666,55.75186965811966,57.48668967995523,54.729442663817714,56.784386,XGBoost,56.784386,71.784386
49_913,49.0,913,6,물걸레,적음,132.826,0.16666666666666666,0.16666666666666666,9.133333333333333,74.88,80.0,28.646,41.744,무충전 완주,0,53.25587606837607,0.0,0.16666666666666666,0.8333333333333334,0.0,0.0,0.0,0.8333333333333334,0.16666666666666666,0.0,38.25587606837607,35.05030632793698,35.204019764957344,35.68966,XGBoost,35.68966,50.68966
49_916,49.0,916,6,건식,적음,132.826,0.3333333333333333,0.16666666666666666,9.133333333333333,74.88,80.0,22.816,49.529,무충전 완주,0,45.47008547008547,0.0,0.16666666666666666,0.8333333333333334,0.0,0.0,0.0,0.8333333333333334,0.16666666666666666,0.0,30.470085470085472,30.35139264364014,30.563470441595502,31.314167,XGBoost,31.314167,46.314167
49_927,49.0,927,6,건식,적음,132.826,0.5,0.8333333333333334,17.133333333333333,74.88,80.0,39.65,27.049,무충전 완주,0,67.95138888888889,0.16666666666666666,0.3333333333333333,0.3333333333333333,0.0,0.16666666666666666,0.3333333333333333,0.5,0.16666666666666666,0.0,52.95138888888889,41.84467595422788,41.31441417378926,42.203114,XGBoost,42.203114,57.203114
49_928,49.0,928,6,물걸레,적음,132.826,0.6666666666666666,0.5,11.4,74.88,80.0,27.693,43.016,무충전 완주,0,51.98317307692308,0.0,0.3333333333333333,0.5,0.16666666666666666,0.0,0.0,0.5,0.5,0.0,36.98317307692308,41.08149334763013,36.74611823361814,38.896034,XGBoost,38.896034,53.896034
49_933,49.0,933,6,건식,많음,132.826,0.8333333333333334,0.8333333333333334,17.133333333333333,74.88,80.0,45.091,19.783,무충전 완주,0,75.21768162393164,0.0,0.3333333333333333,0.3333333333333333,0.16666666666666666,0.16666666666666666,0.3333333333333333,0.5,0.16666666666666666,0.0,60.21768162393163,63.01424089684109,62.63933968423553,62.019688,XGBoost,62.019688,77.019684
49_934,49.0,934,6,물걸레,보통,132.825,0.6666666666666666,0.8333333333333334,19.474999999999998,74.88,80.0,49.802,30.0,중간 충전 후 완주,1,81.50908119658119,0.16666666666666666,0.16666666666666666,0.5,0.16666666666666666,0.0,0.0,0.5,0.3333333333333333,0.16666666666666666,66.50908119658119,60.178614584954275,58.98338675213685,61.120064,XGBoost,61.120064,76.12006
49_940,49.0,940,6,건식,보통,132.827,0.5,0.8333333333333334,19.474999999999998,74.88,80.0,38.082,29.142,무충전 완주,0,65.8573717948718,0.16666666666666666,0.16666666666666666,0.5,0.0,0.16666666666666666,0.0,0.5,0.3333333333333333,0.16666666666666666,50.857371794871796,53.63618880209192,49.56675124643875,52.868336,XGBoost,52.868336,67.86833
49_942,49.0,942,6,물걸레,적음,132.825,0.5,1.1666666666666667,21.133333333333333,74.88,80.0,46.795,17.506,무충전 완주,0,77.49332264957266,0.3333333333333333,0.16666666666666666,0.3333333333333333,0.16666666666666666,0.0,0.5,0.3333333333333333,0.16666666666666666,0.0,62.49332264957266,53.15131886214892,57.626562500000084,57.623737,XGBoost,57.623737,72.62373
49_95,49.0,95,6,물걸레,많음,132.828,0.6666666666666666,0.6666666666666666,14.266666666666666,74.88,80.0,45.9,18.702,무충전 완주,0,76.29807692307693,0.0,0.0,0.8333333333333334,0.0,0.16666666666666666,0.16666666666666666,0.5,0.3333333333333333,0.0,61.29807692307693,62.818344880540735,65.24128828347578,64.35583,XGBoost,64.35583,79.35583
49_954,49.0,954,6,건식,많음,132.827,0.16666666666666666,0.6666666666666666,14.266666666666666,74.88,80.0,32.661,36.382,무충전 완주,0,58.61778846153847,0.16666666666666666,0.0,0.6666666666666666,0.0,0.16666666666666666,0.16666666666666666,0.5,0.3333333333333333,0.0,43.61778846153847,53.70022511390923,49.66793091168088,51.33581,XGBoost,51.33581,66.335815
49_955,49.0,955,6,물걸레,적음,132.825,0.5,0.16666666666666666,9.133333333333333,74.88,80.0,30.364,39.45,무충전 완주,0,55.55021367521368,0.0,0.5,0.5,0.0,0.0,0.0,0.8333333333333334,0.16666666666666666,0.0,40.55021367521368,37.48458688627203,34.38142361111105,37.008633,XGBoost,37.008633,52.008633
49_956,49.0,956,6,건식,보통,132.827,0.8333333333333334,0.3333333333333333,12.0,74.88,80.0,34.425,34.027,무충전 완주,0,60.97355769230769,0.0,0.6666666666666666,0.16666666666666666,0.0,0.16666666666666666,0.16666666666666666,0.8333333333333334,0.0,0.0,45.97355769230769,40.906927544437835,42.191439636752264,41.469093,XGBoost,41.469093,56.469093
49_957,49.0,957,6,물걸레,적음,132.827,0.5,0.6666666666666666,18.341666666666665,74.88,80.0,37.101,30.453,무충전 완주,0,64.54727564102564,0.16666666666666666,0.16666666666666666,0.6666666666666666,0.0,0.0,0.0,0.6666666666666666,0.16666666666666666,0.16666666666666666,49.54727564102564,52.17755178661562,55.42100694444439,53.068848,XGBoost,53.068848,68.06885
49_963,49.0,963,6,물걸레,많음,132.826,0.5,1.1666666666666667,23.474999999999998,74.88,80.0,55.17,30.0,중간 충전 후 완주,1,88.67788461538463,0.3333333333333333,0.0,0.5,0.16666666666666666,0.0,0.16666666666666666,0.3333333333333333,0.3333333333333333,0.16666666666666666,73.67788461538463,77.57193274760303,82.4667512464386,83.40461,XGBoost,83.40461,90.0
49_964,49.0,964,6,건식,적음,132.826,0.5,1.1666666666666667,19.400000000000002,74.88,80.0,33.537,35.213,무충전 완주,0,59.787660256410255,0.16666666666666666,0.0,0.5,0.3333333333333333,0.0,0.3333333333333333,0.16666666666666666,0.5,0.0,44.787660256410255,45.54640348101211,47.94887820512817,45.171516,XGBoost,45.171516,60.171516
49_965,49.0,965,6,물걸레,적음,132.827,0.8333333333333334,1.5,29.816666666666666,74.88,80.0,48.989,30.0,중간 충전 후 완주,1,80.42334401709402,0.3333333333333333,0.16666666666666666,0.3333333333333333,0.0,0.16666666666666666,0.0,0.16666666666666666,0.5,0.3333333333333333,65.42334401709402,66.28586314535917,65.93749109686611,64.73632,XGBoost,64.73632,79.73632
49_972,49.0,972,6,건식,많음,132.827,0.3333333333333333,0.6666666666666666,12.533333333333333,74.88,80.0,41.636,24.397,무충전 완주,0,70.60363247863248,0.0,0.3333333333333333,0.3333333333333333,0.16666666666666666,0.16666666666666666,0.0,0.3333333333333333,0.6666666666666666,0.0,55.603632478632484,52.988920663860675,51.42947442892759,51.417824,XGBoost,51.417824,66.41782
49_979,49.0,979,6,물걸레,보통,132.827,0.5,1.0,18.266666666666666,74.88,80.0,44.614,20.419,무충전 완주,0,74.5806623931624,0.3333333333333333,0.3333333333333333,0.3333333333333333,0.0,0.0,0.3333333333333333,0.3333333333333333,0.3333333333333333,0.0,59.5806623931624,54.60101877981854,54.025311609686604,56.79021,XGBoost,56.79021,71.79021
49_982,49.0,982,6,건식,보통,132.827,0.3333333333333333,1.0,18.266666666666666,74.88,80.0,38.869,28.092,무충전 완주,0,66.90838675213675,0.16666666666666666,0.16666666666666666,0.3333333333333333,0.0,0.3333333333333333,0.3333333333333333,0.3333333333333333,0.3333333333333333,0.0,51.90838675213676,47.85074114901452,46.64176014957263,49.88345,XGBoost,49.88345,64.88345
49_984,49.0,984,6,건식,적음,132.827,0.5,0.16666666666666666,9.133333333333333,74.88,80.0,23.181,49.043,무충전 완주,0,45.95753205128206,0.0,0.6666666666666666,0.3333333333333333,0.0,0.0,0.0,0.8333333333333334,0.16666666666666666,0.0,30.957532051282055,31.764757638075395,32.922756410256355,33.34183,XGBoost,33.34183,48.34183
49_993,49.0,993,6,건식,많음,132.828,0.16666666666666666,1.0,22.34166666666667,74.88,80.0,45.692,18.98,무충전 완주,0,76.02029914529915,0.3333333333333333,0.5,0.0,0.0,0.16666666666666666,0.16666666666666666,0.5,0.16666666666666666,0.16666666666666666,61.02029914529915,67.46381841262365,71.97134081196587,75.453064,XGBoost,75.453064,90.0
49_997,49.0,997,6,건식,보통,132.826,0.6666666666666666,0.5,11.4,74.88,80.0,33.741,34.94,무충전 완주,0,60.06009615384616,0.0,0.5,0.16666666666666666,0.3333333333333333,0.0,0.0,0.5,0.5,0.0,45.06009615384616,41.238995907698616,39.01538906695151,40.40998,XGBoost,40.40998,55.40998
49_999,49.0,999,6,물걸레,보통,132.826,0.8333333333333334,1.5,27.474999999999998,74.88,80.0,68.607,30.0,중간 충전 후 완주,1,90.0,0.16666666666666666,0.0,0.3333333333333333,0.3333333333333333,0.16666666666666666,0.3333333333333333,0.16666666666666666,0.3333333333333333,0.16666666666666666,91.62259615384616,73.22888199845843,69.40915242165252,68.16806,XGBoost,68.16806,83.16806
59_100,59.0,100,8,물걸레,보통,159.933,0.375,1.5,27.75625,74.88,80.0,56.038,30.0,중간 충전 후 완주,1,89.83707264957265,0.375,0.125,0.125,0.0,0.375,0.5,0.25,0.125,0.125,74.83707264957265,81.68629306836647,74.59540598290589,76.70873,XGBoost,76.70873,90.0
59_101,59.0,101,8,건식,보통,159.933,0.375,0.625,13.55,74.88,80.0,35.172,33.029,무충전 완주,0,61.97115384615385,0.125,0.25,0.5,0.0,0.125,0.125,0.5,0.375,0.0,46.97115384615385,52.18991314344929,51.57898415242167,48.98035,XGBoost,48.98035,63.98035
59_108,59.0,108,8,물걸레,많음,159.934,0.5,0.75,17.45625,74.88,80.0,54.927,30.0,중간 충전 후 완주,1,88.35336538461539,0.125,0.125,0.625,0.0,0.125,0.0,0.5,0.375,0.125,73.35336538461539,79.72718642680448,86.74791221509975,87.10095,XGBoost,87.10095,90.0
59_109,59.0,109,8,건식,많음,159.934,1.25,1.375,24.30625,74.88,80.0,81.889,30.0,중간 충전 후 완주,1,90.0,0.0,0.25,0.375,0.375,0.0,0.25,0.125,0.5,0.125,109.36030982905982,89.98442090621049,105.16750801282045,99.093285,XGBoost,99.093285,90.0
59_114,59.0,114,8,물걸레,적음,159.934,0.75,0.75,14.4,74.88,80.0,43.955,21.3,무충전 완주,0,73.70058760683762,0.0,0.25,0.5,0.0,0.25,0.125,0.375,0.5,0.0,58.70058760683761,56.32642100392835,52.46816239316247,52.11913,XGBoost,52.11913,67.119125
59_130,59.0,130,8,건식,적음,159.933,0.375,0.875,16.55,74.88,80.0,39.399,27.384,무충전 완주,0,67.6161858974359,0.25,0.0,0.625,0.0,0.125,0.25,0.375,0.375,0.0,52.6161858974359,52.13349570092357,50.95712250712257,47.41549,XGBoost,47.41549,62.41549
59_132,59.0,132,8,건식,보통,159.934,0.5,1.0,23.5125,74.88,80.0,45.604,19.097,무충전 완주,0,75.90277777777779,0.125,0.125,0.5,0.125,0.125,0.0,0.5,0.25,0.25,60.902777777777786,69.3987493983264,69.02593037749283,71.47069,XGBoost,71.47069,86.47069
59_133,59.0,133,8,물걸레,적음,159.935,0.625,0.75,15.7,74.88,80.0,39.177,27.681,무충전 완주,0,67.31971153846155,0.125,0.375,0.375,0.0,0.125,0.25,0.5,0.25,0.0,52.31971153846155,57.405829824291146,52.033769586894586,54.09498,XGBoost,54.09498,69.09498
59_138,59.0,138,8,건식,많음,159.934,0.625,1.25,26.5125,74.88,80.0,64.846,30.0,중간 충전 후 완주,1,90.0,0.375,0.25,0.375,0.0,0.0,0.125,0.375,0.25,0.25,86.59989316239317,86.30498818955894,94.14878027065505,90.73273,XGBoost,90.73273,90.0
59_14,59.0,14,8,물걸레,많음,159.935,0.625,0.5,12.7,74.88,80.0,52.314,30.0,중간 충전 후 완주,1,84.86378205128206,0.0,0.25,0.625,0.0,0.125,0.125,0.625,0.25,0.0,69.86378205128206,71.27887566375414,69.28090277777771,70.53837,XGBoost,70.53837,85.53837
59_142,59.0,142,8,물걸레,많음,159.933,0.375,0.5,14.0,74.88,80.0,49.668,30.0,중간 충전 후 완주,1,81.3301282051282,0.125,0.25,0.5,0.0,0.125,0.25,0.75,0.0,0.0,66.3301282051282,72.14815452485438,68.48011485042738,75.354324,XGBoost,75.354324,90.0
59_143,59.0,143,8,건식,보통,159.933,1.0,0.75,17.45625,74.88,80.0,45.438,19.319,무충전 완주,0,75.68108974358975,0.125,0.375,0.5,0.0,0.0,0.0,0.5,0.375,0.125,60.68108974358976,64.5226993863329,63.6323406339031,65.23162,XGBoost,65.23162,80.23162
59_152,59.0,152,8,건식,보통,159.935,0.125,0.375,10.55,74.88,80.0,29.467,40.648,무충전 완주,0,54.35229700854701,0.0,0.25,0.375,0.0,0.375,0.0,0.625,0.375,0.0,39.35229700854701,46.961174043197616,41.87175925925924,43.35077,XGBoost,43.35077,58.35077
59_156,59.0,156,8,물걸레,적음,159.933,0.25,0.625,14.85,74.88,80.0,48.16,15.684,무충전 완주,0,79.31623931623932,0.125,0.125,0.625,0.125,0.0,0.25,0.625,0.125,0.0,64.31623931623932,54.07354594522015,51.48343126780631,50.123367,XGBoost,50.123367,65.12337
59_170,59.0,170,8,건식,보통,159.934,0.625,0.875,16.55,74.88,80.0,44.79,20.184,무충전 완주,0,74.81570512820514,0.125,0.5,0.125,0.25,0.0,0.25,0.375,0.375,0.0,59.81570512820513,58.9989983181548,56.83676816239318,53.78173,XGBoost,53.78173,68.78173
59_171,59.0,171,8,물걸레,보통,159.933,0.625,0.375,11.85,74.88,80.0,41.288,24.861,무충전 완주,0,70.13888888888889,0.0,0.5,0.375,0.125,0.0,0.125,0.75,0.125,0.0,55.13888888888889,57.779311557726004,50.16002938034187,54.99763,XGBoost,54.99763,69.997635
59_184,59.0,184,8,건식,보통,159.934,0.375,1.0,20.0,74.88,80.0,50.902,30.0,중간 충전 후 완주,1,82.9780982905983,0.125,0.125,0.375,0.125,0.25,0.5,0.5,0.0,0.0,67.9780982905983,62.33210890930452,64.14818524453938,63.674797,XGBoost,63.674797,78.6748
59_189,59.0,189,8,건식,많음,159.935,0.375,1.125,23.90625,74.88,80.0,74.503,30.0,중간 충전 후 완주,1,90.0,0.25,0.0,0.5,0.25,0.0,0.375,0.5,0.0,0.125,99.49652777777779,83.75680597221158,100.07865473646729,95.383095,XGBoost,95.383095,90.0
59_191,59.0,191,8,건식,보통,159.933,0.125,0.5,12.7,74.88,80.0,36.557,31.179,무충전 완주,0,63.82077991452992,0.0,0.25,0.375,0.125,0.25,0.125,0.625,0.25,0.0,48.82077991452992,50.226829495962946,45.28860398860399,47.08868,XGBoost,47.08868,62.08868
59_207,59.0,207,8,건식,적음,159.934,0.375,0.875,22.6625,74.88,80.0,62.062,30.0,중간 충전 후 완주,1,90.0,0.25,0.125,0.625,0.0,0.0,0.0,0.625,0.125,0.25,82.88194444444444,60.72802153695368,63.3802662037037,59.8119,XGBoost,59.8119,74.811905
59_210,59.0,210,8,물걸레,많음,159.935,0.5,0.875,16.55,74.88,80.0,66.402,30.0,중간 충전 후 완주,1,90.0,0.125,0.125,0.5,0.0,0.25,0.25,0.375,0.375,0.0,88.67788461538461,76.04170654636519,86.30947738603996,81.67879,XGBoost,81.67879,90.0
59_214,59.0,214,8,물걸레,적음,159.935,0.375,1.25,21.7,74.88,80.0,46.761,17.552,무충전 완주,0,77.44791666666667,0.25,0.125,0.25,0.125,0.25,0.5,0.25,0.25,0.0,62.44791666666667,64.03577723541272,67.316266025641,65.016174,XGBoost,65.016174,80.016174
59_217,59.0,217,8,건식,적음,159.933,0.25,0.5,11.4,74.88,80.0,33.072,35.833,무충전 완주,0,59.16666666666667,0.0,0.25,0.5,0.125,0.125,0.0,0.5,0.5,0.0,44.16666666666667,44.2234215015996,41.16015982185261,40.74442,XGBoost,40.74442,55.74442
59_221,59.0,221,8,건식,적음,159.933,0.375,1.0,18.7,74.88,80.0,37.18,30.348,무충전 완주,0,64.65277777777777,0.0,0.125,0.25,0.125,0.5,0.375,0.375,0.25,0.0,49.65277777777778,55.076298200489006,53.01820245726499,53.446606,XGBoost,53.446606,68.44661
59_222,59.0,222,8,물걸레,적음,159.934,0.75,0.75,13.100000000000001,74.88,80.0,31.535,37.886,무충전 완주,0,57.11404914529915,0.0,0.25,0.5,0.125,0.125,0.0,0.25,0.75,0.0,42.11404914529915,54.86639505929172,47.01950231481489,48.876846,XGBoost,48.876846,63.876846
59_23,59.0,23,8,건식,적음,159.935,0.375,0.75,15.7,74.88,80.0,38.67,28.357,무충전 완주,0,66.64262820512822,0.125,0.25,0.375,0.125,0.125,0.25,0.5,0.25,0.0,51.64262820512822,49.89006444451461,45.97572115384627,46.02184,XGBoost,46.02184,61.02184
59_232,59.0,232,8,물걸레,적음,159.934,0.625,1.25,19.1,74.88,80.0,44.527,20.536,무충전 완주,0,74.4644764957265,0.125,0.0,0.5,0.0,0.375,0.25,0.0,0.75,0.0,59.4644764957265,61.338400230141836,64.16742788461549,61.463634,XGBoost,61.463634,76.46364
59_235,59.0,235,8,물걸레,적음,159.933,0.375,1.375,23.85,74.88,80.0,55.844,30.0,중간 충전 후 완주,1,89.57799145299145,0.25,0.25,0.0,0.125,0.375,0.625,0.25,0.125,0.0,74.57799145299145,67.65439718268752,66.51988514957274,65.55471,XGBoost,65.55471,80.55471
59_238,59.0,238,8,건식,보통,159.934,0.625,0.75,17.45625,74.88,80.0,54.287,30.0,중간 충전 후 완주,1,87.49866452991454,0.125,0.5,0.25,0.125,0.0,0.0,0.5,0.375,0.125,72.49866452991454,63.231271708640485,63.67402866809104,61.846695,XGBoost,61.846695,76.846695
59_244,59.0,244,8,물걸레,많음,159.934,0.375,0.375,10.55,74.88,80.0,49.126,30.0,중간 충전 후 완주,1,80.60630341880342,0.0,0.25,0.625,0.125,0.0,0.0,0.625,0.375,0.0,65.60630341880342,66.8078803628203,65.7149216524216,65.92683,XGBoost,65.92683,80.92683
59_247,59.0,247,8,물걸레,적음,159.935,0.5,1.0,20.45625,74.88,80.0,47.402,16.696,무충전 완주,0,78.303952991453,0.25,0.125,0.5,0.125,0.0,0.125,0.375,0.375,0.125,63.303952991452995,66.98288316871815,63.017352207977225,67.27784,XGBoost,67.27784,82.27784
59_250,59.0,250,8,건식,보통,159.933,1.0,1.375,26.0625,74.88,80.0,65.347,30.0,중간 충전 후 완주,1,90.0,0.25,0.0,0.625,0.0,0.125,0.0,0.125,0.625,0.25,87.26896367521367,74.68509976522631,82.38328436609685,74.98074,XGBoost,74.98074,89.98074
59_255,59.0,255,8,물걸레,보통,159.933,0.125,1.125,20.85,74.88,80.0,54.637,30.0,중간 충전 후 완주,1,87.96607905982907,0.5,0.25,0.125,0.0,0.125,0.5,0.375,0.125,0.0,72.96607905982907,66.35352692101053,64.59929665242159,67.36629,XGBoost,67.36629,82.36629
59_260,59.0,260,8,물걸레,보통,159.935,0.375,0.625,13.55,74.88,80.0,39.564,27.164,무충전 완주,0,67.83653846153845,0.0,0.125,0.625,0.125,0.125,0.125,0.5,0.375,0.0,52.83653846153846,57.81700229003636,57.85055644586891,57.28163,XGBoost,57.28163,72.28163
59_265,59.0,265,8,건식,적음,159.935,0.25,0.875,16.55,74.88,80.0,36.804,30.849,무충전 완주,0,64.15064102564102,0.25,0.25,0.375,0.125,0.0,0.25,0.375,0.375,0.0,49.15064102564103,50.296721833395964,46.79679042022797,46.61667,XGBoost,46.61667,61.61667
59_267,59.0,267,8,물걸레,많음,159.934,0.25,1.375,24.306250000000002,74.88,80.0,74.673,30.0,중간 충전 후 완주,1,90.0,0.25,0.125,0.0,0.5,0.125,0.25,0.125,0.5,0.125,99.7235576923077,88.68741878085591,96.6198183760686,94.08874,XGBoost,94.08874,90.0
59_27,59.0,27,8,물걸레,보통,159.934,0.625,0.625,13.55,74.88,80.0,45.308,19.492,무충전 완주,0,75.50747863247864,0.0,0.375,0.25,0.25,0.125,0.125,0.5,0.375,0.0,60.50747863247864,59.660839621593,60.0104967948718,59.034798,XGBoost,59.034798,74.0348
59_273,59.0,273,8,건식,많음,159.934,0.5,0.375,10.55,74.88,80.0,44.046,21.178,무충전 완주,0,73.82211538461539,0.0,0.5,0.375,0.0,0.125,0.0,0.625,0.375,0.0,58.822115384615394,62.86797801630918,59.7225471866097,61.471375,XGBoost,61.471375,76.471375
59_274,59.0,274,8,건식,적음,159.934,0.5,0.75,14.4,74.88,80.0,28.239,42.287,무충전 완주,0,52.712339743589745,0.125,0.125,0.625,0.125,0.0,0.125,0.375,0.5,0.0,37.712339743589745,48.63708229401971,44.289302884615445,43.891212,XGBoost,43.891212,58.891212
59_277,59.0,277,8,건식,많음,159.933,0.625,1.125,21.30625,74.88,80.0,56.175,30.0,중간 충전 후 완주,1,90.0,0.125,0.125,0.25,0.0,0.5,0.125,0.25,0.5,0.125,75.02003205128204,81.3300673158191,90.85477207977195,88.30844,XGBoost,88.30844,90.0
59_278,59.0,278,8,건식,보통,159.934,1.0,1.5,27.75625,74.88,80.0,56.672,30.0,중간 충전 후 완주,1,90.0,0.125,0.125,0.25,0.375,0.125,0.5,0.25,0.125,0.125,75.68376068376068,81.16621794974834,77.96497061965817,80.703026,XGBoost,80.703026,90.0
59_282,59.0,282,8,물걸레,적음,159.933,0.875,1.375,27.3625,74.88,80.0,58.948,30.0,중간 충전 후 완주,1,90.0,0.25,0.125,0.375,0.25,0.0,0.125,0.25,0.375,0.25,78.7232905982906,76.39318782063188,74.94581552706548,74.996056,XGBoost,74.996056,89.996056
59_287,59.0,287,8,물걸레,많음,159.933,0.375,0.875,20.90625,74.88,80.0,67.386,30.0,중간 충전 후 완주,1,90.0,0.25,0.125,0.5,0.0,0.125,0.25,0.625,0.0,0.125,89.99198717948718,84.46785041882418,86.86881677350416,87.03172,XGBoost,87.03172,90.0
59_293,59.0,293,8,건식,보통,159.935,0.875,0.5,11.4,74.88,80.0,37.213,30.303,무충전 완주,0,64.6968482905983,0.0,0.375,0.625,0.0,0.0,0.0,0.5,0.5,0.0,49.6968482905983,52.91876395960622,53.26842058404562,49.86847,XGBoost,49.86847,64.86847
59_296,59.0,296,8,물걸레,많음,159.934,0.375,0.75,17.45625,74.88,80.0,60.257,30.0,중간 충전 후 완주,1,90.0,0.125,0.375,0.125,0.25,0.125,0.0,0.5,0.375,0.125,80.47142094017094,80.06780110235745,84.78978365384611,86.23411,XGBoost,86.23411,90.0
59_3,59.0,3,8,물걸레,보통,159.935,0.5,0.875,16.55,74.88,80.0,45.898,18.705,무충전 완주,0,76.29540598290599,0.0,0.0,0.625,0.0,0.375,0.25,0.375,0.375,0.0,61.29540598290599,62.78059088462226,61.1194399928775,66.01412,XGBoost,66.01412,81.01412
59_306,59.0,306,8,물걸레,많음,159.935,0.375,0.875,16.55,74.88,80.0,49.676,30.0,중간 충전 후 완주,1,81.34081196581198,0.125,0.25,0.25,0.125,0.25,0.25,0.375,0.375,0.0,66.34081196581198,74.28939931054211,84.78032407407414,79.099144,XGBoost,79.099144,90.0
59_309,59.0,309,8,물걸레,보통,159.935,0.375,0.875,16.55,74.88,80.0,42.052,23.841,무충전 완주,0,71.15918803418803,0.0,0.375,0.0,0.5,0.125,0.25,0.375,0.375,0.0,56.159188034188034,62.30383229384253,62.03472222222203,58.86659,XGBoost,58.86659,73.86659
59_31,59.0,31,8,건식,많음,159.934,0.375,0.75,15.7,74.88,80.0,64.284,30.0,중간 충전 후 완주,1,90.0,0.25,0.0,0.75,0.0,0.0,0.25,0.5,0.25,0.0,85.84935897435899,68.91186119380868,67.31194355413115,66.9118,XGBoost,66.9118,81.9118
59_318,59.0,318,8,건식,적음,159.936,0.25,0.875,17.85,74.88,80.0,36.369,31.431,무충전 완주,0,63.56971153846154,0.375,0.25,0.375,0.0,0.0,0.375,0.5,0.125,0.0,48.56971153846154,52.83176893328022,50.11825142450143,52.75036,XGBoost,52.75036,67.75036
59_320,59.0,320,8,건식,보통,159.935,0.5,0.75,14.4,74.88,80.0,41.447,24.648,무충전 완주,0,70.35122863247864,0.0,0.125,0.375,0.25,0.25,0.125,0.375,0.5,0.0,55.351228632478644,55.00532137812555,48.96883457977219,54.37423,XGBoost,54.37423,69.37423
59_326,59.0,326,8,건식,보통,159.934,0.25,0.625,13.55,74.88,80.0,35.135,33.078,무충전 완주,0,61.921741452991455,0.0,0.25,0.25,0.375,0.125,0.125,0.5,0.375,0.0,46.921741452991455,51.903681253447985,48.88394764957274,48.12842,XGBoost,48.12842,63.12842
59_338,59.0,338,8,건식,적음,159.935,0.75,1.125,28.71875,74.88,80.0,54.876,30.0,중간 충전 후 완주,1,88.28525641025642,0.125,0.375,0.25,0.25,0.0,0.0,0.625,0.0,0.375,73.28525641025642,69.96213499010324,85.12522257834763,82.65031,XGBoost,82.65031,90.0
59_348,59.0,348,8,건식,많음,159.933,0.625,1.5,31.26875,74.88,80.0,69.252,30.0,중간 충전 후 완주,1,90.0,0.375,0.125,0.25,0.125,0.125,0.0,0.25,0.375,0.375,92.48397435897436,90.4928398233897,106.19655003561246,104.204765,XGBoost,104.204765,90.0
59_355,59.0,355,8,물걸레,적음,159.934,0.375,0.375,11.85,74.88,80.0,37.277,30.218,무충전 완주,0,64.78231837606839,0.0,0.5,0.25,0.0,0.25,0.125,0.75,0.125,0.0,49.78231837606838,50.80605328036554,47.457434116809154,48.172375,XGBoost,48.172375,63.172375
59_363,59.0,363,8,물걸레,많음,159.934,0.375,1.0,20.45625,74.88,80.0,80.576,30.0,중간 충전 후 완주,1,90.0,0.25,0.125,0.375,0.0,0.25,0.125,0.375,0.375,0.125,107.6068376068376,84.24086896581309,90.01982282763525,88.22311,XGBoost,88.22311,90.0
59_371,59.0,371,8,건식,보통,159.934,0.5,0.875,16.55,74.88,80.0,35.598,32.46,무충전 완주,0,62.5400641025641,0.0,0.0,0.625,0.125,0.25,0.25,0.375,0.375,0.0,47.5400641025641,57.79267151738319,59.559691061253496,56.638046,XGBoost,56.638046,71.63805
59_374,59.0,374,8,건식,보통,159.935,0.75,0.5,11.4,74.88,80.0,44.353,20.768,무충전 완주,0,74.2321047008547,0.0,0.5,0.375,0.125,0.0,0.0,0.5,0.5,0.0,59.232104700854705,52.29003124655851,52.56732104700861,47.60825,XGBoost,47.60825,62.60825
59_385,59.0,385,8,건식,적음,159.934,0.75,1.0,17.4,74.88,80.0,39.89,26.729,무충전 완주,0,68.27190170940172,0.125,0.25,0.375,0.125,0.125,0.25,0.25,0.5,0.0,53.27190170940172,55.08676260968485,56.00368144586899,52.702576,XGBoost,52.702576,67.702576
59_391,59.0,391,8,물걸레,적음,159.933,0.375,1.125,19.55,74.88,80.0,47.155,17.026,무충전 완주,0,77.97409188034189,0.25,0.0,0.5,0.25,0.0,0.375,0.25,0.375,0.0,62.97409188034189,61.300552674082,61.592913105413196,62.20752,XGBoost,62.20752,77.20752
59_393,59.0,393,8,건식,많음,159.934,0.875,0.875,19.60625,74.88,80.0,57.994,30.0,중간 충전 후 완주,1,90.0,0.125,0.5,0.25,0.125,0.0,0.125,0.5,0.25,0.125,77.44925213675215,80.15305985342445,86.62637553418779,85.15102,XGBoost,85.15102,90.0
59_399,59.0,399,8,물걸레,적음,159.933,0.25,0.625,14.85,74.88,80.0,35.402,32.722,무충전 완주,0,62.27831196581197,0.125,0.25,0.5,0.0,0.125,0.25,0.625,0.125,0.0,47.27831196581197,53.8884688987129,52.82836983618237,52.34943,XGBoost,52.34943,67.34943
59_401,59.0,401,8,물걸레,적음,159.934,0.375,0.75,17.0,74.88,80.0,53.492,30.0,중간 충전 후 완주,1,86.43696581196582,0.125,0.25,0.375,0.125,0.125,0.375,0.625,0.0,0.0,71.43696581196582,58.75051903042276,52.76951121794873,59.941284,XGBoost,59.941284,74.941284
59_409,59.0,409,8,건식,적음,159.933,0.5,0.625,14.85,74.88,80.0,28.96,41.325,무충전 완주,0,53.675213675213676,0.125,0.375,0.25,0.25,0.0,0.25,0.625,0.125,0.0,38.675213675213676,49.5154245671402,47.507189280626804,47.98892,XGBoost,47.98892,62.98892
59_419,59.0,419,8,건식,보통,159.935,1.125,1.25,22.15625,74.88,80.0,61.928,30.0,중간 충전 후 완주,1,90.0,0.125,0.125,0.625,0.125,0.0,0.125,0.125,0.625,0.125,82.70299145299145,72.6443421753143,68.52018340455835,74.37899,XGBoost,74.37899,89.37899
59_425,59.0,425,8,물걸레,보통,159.933,0.75,0.625,16.60625,74.88,80.0,53.612,30.0,중간 충전 후 완주,1,86.59722222222223,0.0,0.5,0.375,0.125,0.0,0.0,0.625,0.25,0.125,71.59722222222223,68.63278005342926,70.09915420227928,69.05094,XGBoost,69.05094,84.05094
59_426,59.0,426,8,건식,많음,159.934,1.0,1.125,21.30625,74.88,80.0,71.186,30.0,중간 충전 후 완주,1,90.0,0.0,0.0,0.75,0.25,0.0,0.125,0.25,0.5,0.125,95.06677350427351,84.28276070068922,94.19743144586877,95.94886,XGBoost,95.94886,90.0
59_428,59.0,428,8,건식,적음,159.934,1.125,1.25,22.15625,74.88,80.0,49.677,30.0,중간 충전 후 완주,1,81.34214743589743,0.125,0.25,0.25,0.0,0.375,0.125,0.125,0.625,0.125,66.34214743589743,66.19570128201137,68.6360265313391,64.008835,XGBoost,64.008835,79.008835
59_433,59.0,433,8,물걸레,적음,159.934,0.625,1.0,21.75625,74.88,80.0,43.826,21.471,무충전 완주,0,73.52831196581198,0.125,0.25,0.375,0.25,0.0,0.25,0.5,0.125,0.125,58.52831196581197,70.24225253931567,71.19831730769222,70.01087,XGBoost,70.01087,85.01087
59_449,59.0,449,8,건식,많음,159.935,0.625,0.5,12.7,74.88,80.0,48.414,15.345,무충전 완주,0,79.65544871794873,0.125,0.375,0.5,0.0,0.0,0.125,0.625,0.25,0.0,64.65544871794873,65.22261538516452,64.02000089031337,59.938755,XGBoost,59.938755,74.93875
59_453,59.0,453,8,건식,많음,159.934,0.875,1.0,17.4,74.88,80.0,49.584,30.0,중간 충전 후 완주,1,81.21794871794873,0.125,0.25,0.375,0.125,0.125,0.25,0.25,0.5,0.0,66.21794871794873,73.57427896723723,71.83194444444425,75.452255,XGBoost,75.452255,90.0
59_454,59.0,454,8,건식,많음,159.935,0.5,0.75,18.75625,74.88,80.0,58.517,30.0,중간 충전 후 완주,1,90.0,0.0,0.25,0.375,0.125,0.25,0.125,0.625,0.125,0.125,78.147702991453,77.88066261023465,90.46896070750223,89.08805,XGBoost,89.08805,90.0
59_459,59.0,459,8,물걸레,적음,159.935,0.375,1.0,21.75625,74.88,80.0,53.508,30.0,중간 충전 후 완주,1,86.45833333333334,0.25,0.125,0.5,0.0,0.125,0.25,0.5,0.125,0.125,71.45833333333334,67.44642691851831,66.93701923076924,68.42374,XGBoost,68.42374,83.42374
59_460,59.0,460,8,물걸레,보통,159.933,0.75,0.625,12.25,74.88,80.0,42.814,22.823,무충전 완주,0,72.17681623931624,0.0,0.25,0.5,0.0,0.25,0.0,0.375,0.625,0.0,57.17681623931624,58.915049099784945,57.546919515669565,58.20152,XGBoost,58.20152,73.20152
59_469,59.0,469,8,물걸레,보통,159.934,0.75,1.0,20.45625,74.88,80.0,71.028,30.0,중간 충전 후 완주,1,90.0,0.125,0.375,0.125,0.0,0.375,0.125,0.375,0.375,0.125,94.85576923076925,73.22977913638825,76.80401976495725,76.07735,XGBoost,76.07735,90.0
59_484,59.0,484,8,물걸레,보통,159.935,0.625,0.75,14.4,74.88,80.0,54.04,30.0,중간 충전 후 완주,1,87.16880341880342,0.125,0.125,0.75,0.0,0.0,0.125,0.375,0.5,0.0,72.16880341880342,60.90366046029716,64.6029246794873,59.62112,XGBoost,59.62112,74.621124
59_491,59.0,491,8,물걸레,보통,159.934,1.125,1.375,24.30625,74.88,80.0,53.063,30.0,중간 충전 후 완주,1,85.86404914529916,0.25,0.125,0.5,0.125,0.0,0.25,0.125,0.5,0.125,70.86404914529916,80.96571624990169,77.81571403133908,81.33311,XGBoost,81.33311,90.0
59_495,59.0,495,8,물걸레,적음,159.933,0.375,0.75,15.7,74.88,80.0,40.722,25.616,무충전 완주,0,69.38301282051282,0.25,0.0,0.75,0.0,0.0,0.25,0.5,0.25,0.0,54.383012820512825,56.41034719249872,52.57962517806277,49.73421,XGBoost,49.73421,64.73421
59_496,59.0,496,8,물걸레,적음,159.935,0.25,0.75,13.100000000000001,74.88,80.0,33.063,35.845,무충전 완주,0,59.154647435897445,0.0,0.25,0.125,0.375,0.25,0.0,0.25,0.75,0.0,44.154647435897445,52.459088346128446,48.54194117996208,45.47148,XGBoost,45.47148,60.47148
59_499,59.0,499,8,건식,많음,159.935,0.375,0.625,13.55,74.88,80.0,45.923,18.672,무충전 완주,0,76.32879273504274,0.0,0.25,0.375,0.25,0.125,0.125,0.5,0.375,0.0,61.32879273504274,64.96028840399012,67.81267806267807,65.25001,XGBoost,65.25001,80.25001
59_500,59.0,500,8,물걸레,많음,159.934,0.75,0.875,19.60625,74.88,80.0,63.178,30.0,중간 충전 후 완주,1,90.0,0.0,0.25,0.5,0.125,0.125,0.125,0.5,0.25,0.125,84.37232905982907,85.75613216533165,97.51955128205115,95.16141,XGBoost,95.16141,90.0
59_507,59.0,507,8,건식,적음,159.934,0.375,0.625,13.55,74.88,80.0,32.801,36.195,무충전 완주,0,58.80475427350427,0.0,0.125,0.625,0.125,0.125,0.125,0.5,0.375,0.0,43.80475427350427,47.281413747391376,44.693095619658145,43.99415,XGBoost,43.99415,58.99415
59_511,59.0,511,8,물걸레,적음,159.933,0.75,0.75,14.4,74.88,80.0,40.494,25.921,무충전 완주,0,69.07852564102564,0.0,0.125,0.75,0.0,0.125,0.125,0.375,0.5,0.0,54.07852564102564,55.70074203755206,49.85741631054133,52.15021,XGBoost,52.15021,67.15021
59_512,59.0,512,8,건식,적음,159.933,0.25,0.625,14.85,74.88,80.0,27.959,42.662,무충전 완주,0,52.338408119658126,0.125,0.375,0.375,0.125,0.0,0.25,0.625,0.125,0.0,37.338408119658126,48.69932293137728,48.80574252136755,48.000076,XGBoost,48.000076,63.000076
59_516,59.0,516,8,물걸레,많음,159.934,0.625,1.0,19.15625,74.88,80.0,57.937,30.0,중간 충전 후 완주,1,90.0,0.125,0.25,0.125,0.25,0.25,0.0,0.25,0.625,0.125,77.37313034188034,83.21115883386327,90.80389957264954,90.68673,XGBoost,90.68673,90.0
59_522,59.0,522,8,건식,많음,159.933,0.5,1.375,28.6625,74.88,80.0,57.381,30.0,중간 충전 후 완주,1,90.0,0.375,0.25,0.125,0.125,0.125,0.25,0.375,0.125,0.25,76.63060897435898,88.03402713748504,103.43177973646739,98.94405,XGBoost,98.94405,90.0
59_524,59.0,524,8,물걸레,적음,159.935,0.125,0.5,12.7,74.88,80.0,37.23,30.28,무충전 완주,0,64.71955128205128,0.125,0.125,0.5,0.0,0.25,0.125,0.625,0.25,0.0,49.719551282051285,49.20200545996368,44.78869301994304,44.442703,XGBoost,44.442703,59.442703
59_529,59.0,529,8,물걸레,보통,159.935,0.375,1.0,16.1,74.88,80.0,51.3,30.0,중간 충전 후 완주,1,83.50961538461539,0.0,0.125,0.25,0.5,0.125,0.125,0.125,0.75,0.0,68.50961538461539,61.47248948664574,59.965994480056885,61.14772,XGBoost,61.14772,76.14772
59_534,59.0,534,8,물걸레,보통,159.934,0.5,1.125,22.60625,74.88,80.0,56.509,30.0,중간 충전 후 완주,1,90.0,0.375,0.125,0.5,0.0,0.0,0.25,0.375,0.25,0.125,75.46607905982906,75.48948871691724,75.98749109686595,74.15262,XGBoost,74.15262,89.15262
59_540,59.0,540,8,건식,적음,159.935,0.5,0.875,18.30625,74.88,80.0,35.699,32.325,무충전 완주,0,62.67494658119658,0.125,0.0,0.625,0.125,0.125,0.0,0.375,0.5,0.125,47.67494658119658,58.56606673792662,56.404620726495764,56.565414,XGBoost,56.565414,71.565414
59_542,59.0,542,8,물걸레,적음,159.934,0.25,0.875,16.55,74.88,80.0,31.649,37.733,무충전 완주,0,57.26629273504274,0.25,0.125,0.5,0.125,0.0,0.25,0.375,0.375,0.0,42.26629273504274,55.82953622295417,50.29345174501429,51.735126,XGBoost,51.735126,66.73512
59_543,59.0,543,8,물걸레,적음,159.934,0.25,0.25,11.0,74.88,80.0,37.374,30.088,무충전 완주,0,64.91185897435898,0.0,0.625,0.25,0.0,0.125,0.125,0.875,0.0,0.0,49.91185897435898,48.13191926863914,44.35292467948723,44.875164,XGBoost,44.875164,59.875164
59_548,59.0,548,8,물걸레,보통,159.935,0.25,0.5,12.7,74.88,80.0,45.382,19.394,무충전 완주,0,75.60630341880342,0.0,0.375,0.375,0.25,0.0,0.125,0.625,0.25,0.0,60.60630341880342,56.11221566691065,54.559281517093886,53.571323,XGBoost,53.571323,68.57132
59_550,59.0,550,8,물걸레,적음,159.934,0.375,0.25,9.7,74.88,80.0,30.585,39.154,무충전 완주,0,55.84535256410257,0.0,0.375,0.5,0.0,0.125,0.0,0.75,0.25,0.0,40.84535256410257,48.38196180622186,43.90316061253555,43.868393,XGBoost,43.868393,58.868393
59_556,59.0,556,8,물걸레,많음,159.934,0.625,0.875,16.55,74.88,80.0,55.583,30.0,중간 충전 후 완주,1,89.22943376068376,0.25,0.25,0.5,0.0,0.0,0.25,0.375,0.375,0.0,74.22943376068376,76.2681175803178,83.3811832264957,78.30524,XGBoost,78.30524,90.0
59_563,59.0,563,8,건식,적음,159.933,0.75,1.75,34.26875,74.88,80.0,56.516,30.0,중간 충전 후 완주,1,90.0,0.375,0.125,0.125,0.125,0.25,0.125,0.125,0.375,0.375,75.47542735042735,77.58585946142226,83.24445779914531,81.82744,XGBoost,81.82744,90.0
59_564,59.0,564,8,물걸레,보통,159.934,0.75,1.375,30.41875,74.88,80.0,76.169,30.0,중간 충전 후 완주,1,90.0,0.375,0.125,0.375,0.0,0.125,0.0,0.375,0.25,0.375,101.72142094017093,82.03831484351795,83.84219640313384,92.43167,XGBoost,92.43167,90.0
59_574,59.0,574,8,건식,보통,159.935,0.25,0.875,19.60625,74.88,80.0,51.236,30.0,중간 충전 후 완주,1,83.4241452991453,0.125,0.125,0.375,0.125,0.25,0.125,0.5,0.25,0.125,68.4241452991453,63.784787515767455,63.16673492402645,61.387794,XGBoost,61.387794,76.387794
59_578,59.0,578,8,건식,보통,159.93200000000002,0.625,0.75,15.7,74.88,80.0,39.557,27.172,무충전 완주,0,67.82719017094018,0.125,0.375,0.375,0.125,0.0,0.25,0.5,0.25,0.0,52.82719017094018,58.161638173951445,53.57060630341888,55.18816,XGBoost,55.18816,70.188156
59_583,59.0,583,8,건식,보통,159.933,0.25,0.625,13.55,74.88,80.0,39.161,27.701,무충전 완주,0,67.29834401709402,0.125,0.25,0.375,0.25,0.0,0.125,0.5,0.375,0.0,52.298344017094024,51.74625747690792,49.038813212250844,48.38663,XGBoost,48.38663,63.38663
59_587,59.0,587,8,건식,많음,159.933,0.5,0.875,16.55,74.88,80.0,46.331,18.126,무충전 완주,0,76.87366452991455,0.125,0.25,0.375,0.125,0.125,0.25,0.375,0.375,0.0,61.87366452991454,71.21237855484327,70.44996438746436,71.56143,XGBoost,71.56143,86.56143
59_590,59.0,590,8,물걸레,많음,159.934,1.0,1.75,34.26875,74.88,80.0,90.533,30.0,중간 충전 후 완주,1,90.0,0.5,0.0,0.5,0.0,0.0,0.125,0.125,0.375,0.375,120.90411324786325,101.4471014129405,109.37016114672336,120.60961,XGBoost,120.60961,90.0
59_592,59.0,592,8,물걸레,많음,159.935,1.125,1.25,22.15625,74.88,80.0,72.983,30.0,중간 충전 후 완주,1,90.0,0.125,0.375,0.125,0.25,0.125,0.125,0.125,0.625,0.125,97.46661324786325,89.89970470919457,110.8409455128205,110.55583,XGBoost,110.55583,90.0
59_595,59.0,595,8,건식,적음,159.933,0.375,1.5,28.2125,74.88,80.0,41.493,24.587,무충전 완주,0,70.41266025641026,0.375,0.0,0.25,0.25,0.125,0.125,0.125,0.5,0.25,55.41266025641026,68.5822584507518,84.51192129629632,73.86603,XGBoost,73.86603,88.86603
59_604,59.0,604,8,건식,적음,159.934,1.0,1.0,19.15625,74.88,80.0,52.652,30.0,중간 충전 후 완주,1,85.31517094017094,0.125,0.375,0.25,0.25,0.0,0.0,0.25,0.625,0.125,70.31517094017094,61.395872121742116,59.07937589031342,59.617588,XGBoost,59.617588,74.617584
59_606,59.0,606,8,물걸레,적음,159.934,0.875,0.75,17.45625,74.88,80.0,60.142,30.0,중간 충전 후 완주,1,90.0,0.125,0.125,0.625,0.125,0.0,0.0,0.5,0.375,0.125,80.31784188034189,63.95880116082619,55.919724893162275,61.355576,XGBoost,61.355576,76.355576
59_630,59.0,630,8,물걸레,많음,159.93200000000002,0.75,1.375,27.3625,74.88,80.0,72.167,30.0,중간 충전 후 완주,1,90.0,0.375,0.125,0.375,0.125,0.0,0.125,0.25,0.375,0.25,96.37686965811967,93.71071287809744,101.4895521723645,100.24236,XGBoost,100.24236,90.0
59_640,59.0,640,8,건식,많음,159.934,0.375,0.75,21.8125,74.88,80.0,62.741,30.0,중간 충전 후 완주,1,90.0,0.25,0.25,0.5,0.0,0.0,0.0,0.75,0.0,0.25,83.78872863247864,77.36830944925525,80.75864049145285,83.130585,XGBoost,83.130585,90.0
59_645,59.0,645,8,물걸레,많음,159.933,0.5,0.875,19.60625,74.88,80.0,54.776,30.0,중간 충전 후 완주,1,88.15170940170941,0.125,0.125,0.625,0.125,0.0,0.125,0.5,0.25,0.125,73.15170940170941,83.64764338898127,93.25268429487171,90.683174,XGBoost,90.683174,90.0
59_646,59.0,646,8,건식,적음,159.932,0.625,0.5,11.4,74.88,80.0,31.723,37.635,무충전 완주,0,57.36511752136752,0.0,0.375,0.5,0.125,0.0,0.0,0.5,0.5,0.0,42.36511752136752,47.22577309301283,41.61644408831917,41.9143,XGBoost,41.9143,56.9143
59_648,59.0,648,8,건식,많음,159.934,0.5,1.0,18.7,74.88,80.0,53.393,30.0,중간 충전 후 완주,1,86.30475427350427,0.125,0.125,0.375,0.125,0.25,0.375,0.375,0.25,0.0,71.30475427350427,74.3339067627778,76.54878472222207,77.217186,XGBoost,77.217186,90.0
59_654,59.0,654,8,물걸레,많음,159.933,0.375,0.625,16.60625,74.88,80.0,72.172,30.0,중간 충전 후 완주,1,90.0,0.125,0.25,0.5,0.0,0.125,0.0,0.625,0.25,0.125,96.38354700854701,78.0598669694614,80.00430466524212,80.00961,XGBoost,80.00961,90.0
59_663,59.0,663,8,건식,보통,159.935,0.625,0.75,15.7,74.88,80.0,34.439,34.007,무충전 완주,0,60.99225427350427,0.0,0.375,0.25,0.25,0.125,0.25,0.5,0.25,0.0,45.99225427350427,56.8356694519079,55.4286502849003,53.90178,XGBoost,53.90178,68.90178
59_668,59.0,668,8,물걸레,적음,159.933,0.5,0.375,11.85,74.88,80.0,28.074,42.508,무충전 완주,0,52.49198717948718,0.0,0.5,0.375,0.125,0.0,0.125,0.75,0.125,0.0,37.49198717948718,50.79732171498832,46.945174501424596,48.1821,XGBoost,48.1821,63.1821
59_67,59.0,67,8,건식,보통,159.936,0.5,0.5,12.7,74.88,80.0,38.255,28.911,무충전 완주,0,66.08840811965813,0.125,0.5,0.375,0.0,0.0,0.125,0.625,0.25,0.0,51.088408119658126,52.1508947591085,47.190295584045565,46.652813,XGBoost,46.652813,61.652813
59_670,59.0,670,8,건식,보통,159.934,0.25,0.375,11.85,74.88,80.0,32.19,37.011,무충전 완주,0,57.98878205128205,0.0,0.375,0.375,0.0,0.25,0.125,0.75,0.125,0.0,42.98878205128205,49.28161274253449,45.8313256766382,47.414234,XGBoost,47.414234,62.414234
59_671,59.0,671,8,물걸레,보통,159.933,0.375,0.375,10.55,74.88,80.0,32.397,36.735,무충전 완주,0,58.26522435897436,0.0,0.25,0.625,0.0,0.125,0.0,0.625,0.375,0.0,43.26522435897436,55.318503401596715,49.84352742165238,52.16136,XGBoost,52.16136,67.16136
59_683,59.0,683,8,물걸레,많음,159.934,0.625,0.875,15.25,74.88,80.0,47.946,15.969,무충전 완주,0,79.03044871794872,0.0,0.0,0.625,0.25,0.125,0.125,0.25,0.625,0.0,64.03044871794872,75.28981659463565,76.3840544871795,79.47971,XGBoost,79.47971,90.0
59_695,59.0,695,8,물걸레,보통,159.935,0.375,0.375,11.85,74.88,80.0,47.683,16.321,무충전 완주,0,78.67922008547009,0.0,0.25,0.625,0.0,0.125,0.125,0.75,0.125,0.0,63.67922008547009,55.22578369145544,56.40505698005699,55.005375,XGBoost,55.005375,70.00537
59_697,59.0,697,8,건식,적음,159.934,1.0,0.625,13.55,74.88,80.0,40.144,26.388,무충전 완주,0,68.61111111111111,0.0,0.625,0.125,0.125,0.125,0.125,0.5,0.375,0.0,53.61111111111111,50.45913312526493,49.62776887464376,48.260563,XGBoost,48.260563,63.260563
59_70,59.0,70,8,건식,많음,159.933,0.375,0.875,15.25,74.88,80.0,48.769,30.0,중간 충전 후 완주,1,80.1295405982906,0.0,0.125,0.375,0.5,0.0,0.125,0.25,0.625,0.0,65.1295405982906,68.07508441270139,66.16340366809118,68.00981,XGBoost,68.00981,83.00981
59_701,59.0,701,8,건식,보통,159.934,0.625,0.5,11.4,74.88,80.0,37.368,30.096,무충전 완주,0,64.90384615384616,0.0,0.0,0.875,0.0,0.125,0.0,0.5,0.5,0.0,49.90384615384616,51.91694567003631,49.441822471510044,49.286922,XGBoost,49.286922,64.28693
59_705,59.0,705,8,물걸레,많음,159.934,0.25,0.875,19.60625,74.88,80.0,70.091,30.0,중간 충전 후 완주,1,90.0,0.25,0.125,0.5,0.125,0.0,0.125,0.5,0.25,0.125,93.60443376068376,81.75181200059392,87.54094551282044,82.226524,XGBoost,82.226524,90.0
59_716,59.0,716,8,건식,적음,159.934,0.375,0.75,17.45625,74.88,80.0,43.573,21.81,무충전 완주,0,73.19043803418805,0.125,0.125,0.375,0.25,0.125,0.0,0.5,0.375,0.125,58.19043803418804,56.76583775859767,54.3875756766381,53.27087,XGBoost,53.27087,68.270874
59_734,59.0,734,8,물걸레,많음,159.935,0.25,0.5,12.7,74.88,80.0,45.941,18.647,무충전 완주,0,76.3528311965812,0.0,0.625,0.125,0.0,0.25,0.125,0.625,0.25,0.0,61.35283119658121,68.37116261148623,66.00547987891744,65.10995,XGBoost,65.10995,80.10995
59_735,59.0,735,8,건식,많음,159.935,1.0,1.0,23.5125,74.88,80.0,68.34,30.0,중간 충전 후 완주,1,90.0,0.125,0.375,0.375,0.125,0.0,0.0,0.5,0.25,0.25,91.26602564102565,83.53377231441301,110.22850783475783,97.57329,XGBoost,97.57329,90.0
59_737,59.0,737,8,건식,보통,159.932,0.625,1.125,22.60625,74.88,80.0,41.832,24.135,무충전 완주,0,70.86538461538461,0.125,0.125,0.375,0.0,0.375,0.25,0.375,0.25,0.125,55.86538461538461,71.63604009870815,68.7719373219373,74.08445,XGBoost,74.08445,89.08445
59_743,59.0,743,8,건식,보통,159.933,0.75,0.875,16.55,74.88,80.0,39.691,26.994,무충전 완주,0,68.00614316239317,0.0,0.25,0.5,0.125,0.125,0.25,0.375,0.375,0.0,53.00614316239317,60.29919991773278,59.08347133190889,57.884563,XGBoost,57.884563,72.88457
59_749,59.0,749,8,건식,많음,159.933,0.375,0.75,14.4,74.88,80.0,49.674,30.0,중간 충전 후 완주,1,81.33814102564102,0.125,0.25,0.375,0.25,0.0,0.125,0.375,0.5,0.0,66.33814102564102,66.20126934755913,64.8047765313391,65.556114,XGBoost,65.556114,80.556114
59_75,59.0,75,8,물걸레,적음,159.933,1.125,0.625,12.25,74.88,80.0,32.085,37.151,무충전 완주,0,57.8485576923077,0.0,0.5,0.5,0.0,0.0,0.0,0.375,0.625,0.0,42.8485576923077,55.27224619303038,51.65030270655278,54.548153,XGBoost,54.548153,69.54816
59_755,59.0,755,8,건식,많음,159.933,1.0,1.375,24.30625,74.88,80.0,62.776,30.0,중간 충전 후 완주,1,90.0,0.25,0.125,0.5,0.125,0.0,0.25,0.125,0.5,0.125,83.83547008547009,87.96863290706483,99.88587962962943,93.783066,XGBoost,93.783066,90.0
59_759,59.0,759,8,물걸레,많음,159.934,0.625,0.75,15.7,74.88,80.0,57.419,30.0,중간 충전 후 완주,1,90.0,0.0,0.25,0.375,0.0,0.375,0.25,0.5,0.25,0.0,76.68135683760684,75.79364053319826,82.7789930555556,82.65733,XGBoost,82.65733,90.0
59_763,59.0,763,8,건식,보통,159.934,0.625,1.125,21.30625,74.88,80.0,51.611,30.0,중간 충전 후 완주,1,83.92494658119658,0.25,0.125,0.375,0.125,0.125,0.125,0.25,0.5,0.125,68.92494658119658,68.74435598501218,66.88052142687556,71.81099,XGBoost,71.81099,86.81099
59_765,59.0,765,8,물걸레,적음,159.934,0.625,0.5,12.7,74.88,80.0,42.374,23.411,무충전 완주,0,71.58920940170941,0.0,0.5,0.375,0.125,0.0,0.125,0.625,0.25,0.0,56.589209401709404,53.56689808291613,48.297832086894644,49.65233,XGBoost,49.65233,64.65233
59_772,59.0,772,8,건식,적음,159.934,0.25,0.5,12.7,74.88,80.0,25.267,46.256,무충전 완주,0,48.74332264957265,0.125,0.375,0.375,0.0,0.125,0.125,0.625,0.25,0.0,33.74332264957265,44.778865969200496,40.47120993589748,42.358486,XGBoost,42.358486,57.358486
59_776,59.0,776,8,건식,많음,159.934,0.875,0.875,22.6625,74.88,80.0,87.208,30.0,중간 충전 후 완주,1,90.0,0.125,0.25,0.5,0.125,0.0,0.0,0.625,0.125,0.25,116.46367521367522,82.1422006719539,102.27702546296277,93.30334,XGBoost,93.30334,90.0
59_777,59.0,777,8,물걸레,보통,159.933,0.5,0.625,13.55,74.88,80.0,43.119,22.416,무충전 완주,0,72.58413461538461,0.0,0.25,0.375,0.125,0.25,0.125,0.5,0.375,0.0,57.58413461538462,59.456913799007175,57.467370014245,58.581985,XGBoost,58.581985,73.581985
59_784,59.0,784,8,물걸레,적음,159.933,0.875,1.25,23.45625,74.88,80.0,46.597,17.772,무충전 완주,0,77.22889957264957,0.125,0.25,0.25,0.125,0.25,0.25,0.25,0.375,0.125,62.228899572649574,73.84666739323205,68.7082353988604,72.21553,XGBoost,72.21553,87.21553
59_791,59.0,791,8,건식,많음,159.933,0.5,1.0,21.75625,74.88,80.0,62.3,30.0,중간 충전 후 완주,1,90.0,0.25,0.25,0.375,0.0,0.125,0.25,0.5,0.125,0.125,83.19978632478633,82.06443037300753,88.63643607549864,88.34453,XGBoost,88.34453,90.0
59_796,59.0,796,8,건식,많음,159.934,0.5,0.5,12.7,74.88,80.0,54.845,30.0,중간 충전 후 완주,1,88.24385683760684,0.0,0.375,0.375,0.125,0.125,0.125,0.625,0.25,0.0,73.24385683760684,64.37488962637536,57.26758814102556,61.016106,XGBoost,61.016106,76.016106
59_797,59.0,797,8,물걸레,적음,159.934,0.625,0.875,19.60625,74.88,80.0,55.699,30.0,중간 충전 후 완주,1,89.3843482905983,0.0,0.125,0.5,0.125,0.25,0.125,0.5,0.25,0.125,74.3843482905983,66.99326446366916,61.3152822293448,63.23403,XGBoost,63.23403,78.23403
59_799,59.0,799,8,물걸레,많음,159.934,0.5,1.0,20.45625,74.88,80.0,63.753,30.0,중간 충전 후 완주,1,90.0,0.25,0.25,0.25,0.125,0.125,0.125,0.375,0.375,0.125,85.14022435897436,84.85781636681216,90.89132389601131,93.224434,XGBoost,93.224434,90.0
59_802,59.0,802,8,건식,적음,159.933,0.375,0.75,15.7,74.88,80.0,37.099,30.456,무충전 완주,0,64.5446047008547,0.25,0.375,0.375,0.0,0.0,0.25,0.5,0.25,0.0,49.5446047008547,51.01480656646524,48.23759793447309,47.32878,XGBoost,47.32878,62.32878
59_803,59.0,803,8,물걸레,많음,159.933,0.125,0.5,12.7,74.88,80.0,50.679,30.0,중간 충전 후 완주,1,82.68028846153847,0.125,0.5,0.125,0.125,0.125,0.125,0.625,0.25,0.0,67.68028846153847,67.67464081220155,64.0224804131054,65.85262,XGBoost,65.85262,80.85262
59_806,59.0,806,8,건식,보통,159.934,0.25,0.375,11.85,74.88,80.0,27.648,43.077,무충전 완주,0,51.92307692307693,0.0,0.25,0.625,0.125,0.0,0.125,0.75,0.125,0.0,36.92307692307693,49.76335874534243,46.968758903133875,46.341923,XGBoost,46.341923,61.341923
59_817,59.0,817,8,건식,많음,159.934,0.25,0.875,16.55,74.88,80.0,46.858,17.423,무충전 완주,0,77.57745726495727,0.125,0.25,0.125,0.125,0.375,0.25,0.375,0.375,0.0,62.57745726495727,68.36654597381177,74.32620637464395,66.51767,XGBoost,66.51767,81.51767
59_820,59.0,820,8,건식,많음,159.936,0.625,1.0,24.8125,74.88,80.0,67.434,30.0,중간 충전 후 완주,1,90.0,0.25,0.125,0.5,0.0,0.125,0.125,0.625,0.0,0.25,90.05608974358975,83.73391960399337,100.2679709757835,96.40733,XGBoost,96.40733,90.0
59_828,59.0,828,8,건식,보통,159.934,0.25,0.75,17.45625,74.88,80.0,39.919,26.689,무충전 완주,0,68.31063034188034,0.125,0.125,0.375,0.25,0.125,0.0,0.5,0.375,0.125,53.31063034188034,61.67524192081301,60.18669723409307,60.74855,XGBoost,60.74855,75.74855
59_830,59.0,830,8,물걸레,많음,159.934,0.375,0.375,11.85,74.88,80.0,54.0,30.0,중간 충전 후 완주,1,87.11538461538461,0.125,0.375,0.375,0.125,0.0,0.125,0.75,0.125,0.0,72.11538461538461,67.4103242963449,66.33164618945861,68.84402,XGBoost,68.84402,83.84402
59_833,59.0,833,8,물걸레,많음,159.934,0.125,0.375,14.90625,74.88,80.0,66.698,30.0,중간 충전 후 완주,1,90.0,0.125,0.125,0.75,0.0,0.0,0.0,0.875,0.0,0.125,89.07318376068376,74.54612288392357,73.15714476495724,83.365074,XGBoost,83.365074,90.0
59_834,59.0,834,8,건식,적음,159.934,0.25,0.75,17.45625,74.88,80.0,42.813,22.824,무충전 완주,0,72.17548076923077,0.125,0.375,0.125,0.125,0.25,0.0,0.5,0.375,0.125,57.17548076923078,54.96136299825051,52.82485309829056,53.226784,XGBoost,53.226784,68.22678
59_838,59.0,838,8,물걸레,적음,159.934,0.75,0.625,13.55,74.88,80.0,48.217,15.607,무충전 완주,0,79.39236111111111,0.0,0.25,0.625,0.0,0.125,0.125,0.5,0.375,0.0,64.39236111111111,55.03857211553639,49.48933404558406,51.49933,XGBoost,51.49933,66.49933
59_840,59.0,840,8,건식,보통,159.934,0.375,0.625,14.85,74.88,80.0,39.089,27.798,무충전 완주,0,67.20219017094018,0.125,0.375,0.375,0.125,0.0,0.25,0.625,0.125,0.0,52.20219017094018,55.5014037862081,49.810496794871895,55.07538,XGBoost,55.07538,70.07538
59_842,59.0,842,8,물걸레,보통,159.935,0.25,1.125,22.60625,74.88,80.0,64.979,30.0,중간 충전 후 완주,1,90.0,0.375,0.125,0.375,0.125,0.0,0.25,0.375,0.25,0.125,86.77751068376068,73.1040845265058,69.04441550925917,71.34571,XGBoost,71.34571,86.34571
59_843,59.0,843,8,물걸레,많음,159.933,0.375,1.125,23.90625,74.88,80.0,65.136,30.0,중간 충전 후 완주,1,90.0,0.375,0.125,0.375,0.0,0.125,0.375,0.5,0.0,0.125,86.98717948717949,89.75270749300653,96.89235220797717,103.22253,XGBoost,103.22253,90.0
59_846,59.0,846,8,물걸레,적음,159.935,0.25,0.75,17.45625,74.88,80.0,40.394,26.055,무충전 완주,0,68.94497863247864,0.125,0.0,0.625,0.25,0.0,0.0,0.5,0.375,0.125,53.94497863247864,60.63742302699537,57.09353632478621,58.56707,XGBoost,58.56707,73.56707
59_849,59.0,849,8,물걸레,적음,159.934,0.375,0.5,11.4,74.88,80.0,41.496,24.584,무충전 완주,0,70.41666666666667,0.0,0.0,0.875,0.0,0.125,0.0,0.5,0.5,0.0,55.41666666666667,50.02515062839271,47.57724136395999,49.543488,XGBoost,49.543488,64.54349
59_851,59.0,851,8,건식,적음,159.933,0.5,0.75,17.0,74.88,80.0,37.694,29.661,무충전 완주,0,65.33920940170941,0.125,0.375,0.25,0.25,0.0,0.375,0.625,0.0,0.0,50.339209401709404,53.09221310709258,50.83774928774938,50.85512,XGBoost,50.85512,65.85512
59_853,59.0,853,8,물걸레,보통,159.935,0.5,0.875,19.60625,74.88,80.0,57.018,30.0,중간 충전 후 완주,1,90.0,0.125,0.0,0.625,0.125,0.125,0.125,0.5,0.25,0.125,76.14583333333333,71.50694755424276,75.86780359686594,73.73646,XGBoost,73.73646,88.73646
59_855,59.0,855,8,건식,보통,159.934,0.75,0.625,13.55,74.88,80.0,36.18,31.682,무충전 완주,0,63.31730769230769,0.0,0.125,0.75,0.0,0.125,0.125,0.5,0.375,0.0,48.31730769230769,55.112211679354644,52.729171118233666,52.6794,XGBoost,52.6794,67.6794
59_86,59.0,86,8,건식,보통,159.934,0.75,0.625,13.55,74.88,80.0,36.216,31.634,무충전 완주,0,63.36538461538462,0.125,0.625,0.125,0.125,0.0,0.125,0.5,0.375,0.0,48.36538461538462,54.42378942217625,49.28129006410265,49.746593,XGBoost,49.746593,64.7466
59_862,59.0,862,8,건식,많음,159.934,0.5,0.25,9.7,74.88,80.0,44.932,19.995,무충전 완주,0,75.00534188034189,0.0,0.5,0.375,0.0,0.125,0.0,0.75,0.25,0.0,60.00534188034189,60.39299823934664,56.13765135327625,56.812965,XGBoost,56.812965,71.812965
59_863,59.0,863,8,물걸레,많음,159.934,0.375,1.125,25.6625,74.88,80.0,75.067,30.0,중간 충전 후 완주,1,90.0,0.25,0.0,0.5,0.125,0.125,0.125,0.5,0.125,0.25,100.24973290598291,88.59255303314012,97.64426638176634,95.5131,XGBoost,95.5131,90.0
59_864,59.0,864,8,물걸레,적음,159.935,0.75,0.875,15.25,74.88,80.0,40.089,26.462,무충전 완주,0,68.53766025641025,0.0,0.375,0.375,0.0,0.25,0.125,0.25,0.625,0.0,53.537660256410255,57.47659965801898,54.46109775641029,54.252594,XGBoost,54.252594,69.252594
59_87,59.0,87,8,물걸레,많음,159.934,0.25,0.125,8.85,74.88,80.0,44.174,21.007,무충전 완주,0,73.99305555555557,0.0,0.375,0.5,0.125,0.0,0.0,0.875,0.125,0.0,58.993055555555564,63.60924666338136,64.36190794159543,60.86703,XGBoost,60.86703,75.867035
59_873,59.0,873,8,물걸레,적음,159.935,0.25,0.375,10.55,74.88,80.0,35.949,31.991,무충전 완주,0,63.0088141025641,0.0,0.0,0.875,0.0,0.125,0.0,0.625,0.375,0.0,48.0088141025641,48.01933080742563,43.97931801994303,47.36794,XGBoost,47.36794,62.36794
59_875,59.0,875,8,건식,많음,159.935,0.375,0.625,16.60625,74.88,80.0,45.138,19.719,무충전 완주,0,75.28044871794873,0.125,0.25,0.625,0.0,0.0,0.0,0.625,0.25,0.125,60.28044871794872,72.66513016048674,77.98462428774931,74.77631,XGBoost,74.77631,89.77631
59_88,59.0,88,8,물걸레,적음,159.935,0.25,0.75,15.7,74.88,80.0,32.183,37.021,무충전 완주,0,57.97943376068376,0.25,0.5,0.125,0.125,0.0,0.25,0.5,0.25,0.0,42.97943376068376,55.35784366706456,49.34697293447301,47.03654,XGBoost,47.03654,62.03654
59_883,59.0,883,8,물걸레,적음,159.934,0.625,0.875,17.85,74.88,80.0,43.257,22.232,무충전 완주,0,72.76842948717947,0.0,0.25,0.375,0.25,0.125,0.375,0.5,0.125,0.0,57.76842948717948,61.68493716310546,62.30245726495741,60.55499,XGBoost,60.55499,75.55499
59_891,59.0,891,8,물걸레,적음,159.934,0.625,0.875,19.60625,74.88,80.0,50.24,30.0,중간 충전 후 완주,1,82.0940170940171,0.125,0.125,0.625,0.0,0.125,0.125,0.5,0.25,0.125,67.0940170940171,66.8890442897268,60.898054665242256,62.04129,XGBoost,62.04129,77.04129
59_893,59.0,893,8,물걸레,보통,159.935,0.75,0.875,15.25,74.88,80.0,42.412,23.36,무충전 완주,0,71.63995726495726,0.125,0.0,0.625,0.0,0.25,0.125,0.25,0.625,0.0,56.63995726495726,61.691325811936565,61.749857549857744,65.1323,XGBoost,65.1323,80.1323
59_898,59.0,898,8,물걸레,적음,159.935,0.375,0.875,19.60625,74.88,80.0,46.711,17.62,무충전 완주,0,77.38114316239316,0.125,0.125,0.375,0.125,0.25,0.125,0.5,0.25,0.125,62.38114316239316,65.33054566578912,54.75256855413103,58.985626,XGBoost,58.985626,73.98563
59_9,59.0,9,8,건식,적음,159.934,0.875,1.25,20.4,74.88,80.0,43.439,21.989,무충전 완주,0,73.01148504273505,0.125,0.0,0.5,0.375,0.0,0.375,0.125,0.5,0.0,58.011485042735046,60.56294711941125,63.31971153846158,60.423046,XGBoost,60.423046,75.42305
59_900,59.0,900,8,물걸레,적음,159.934,0.375,0.75,17.45625,74.88,80.0,45.717,18.947,무충전 완주,0,76.0536858974359,0.125,0.25,0.375,0.125,0.125,0.0,0.5,0.375,0.125,61.0536858974359,62.20901745785277,62.1146456552706,58.67646,XGBoost,58.67646,73.67646
59_902,59.0,902,8,건식,보통,159.935,0.875,0.75,17.0,74.88,80.0,43.61,21.761,무충전 완주,0,73.23985042735043,0.0,0.5,0.125,0.125,0.25,0.375,0.625,0.0,0.0,58.239850427350426,60.715448781182715,61.290170940170924,61.682705,XGBoost,61.682705,76.68271
59_911,59.0,911,8,물걸레,보통,159.933,0.125,0.25,9.7,74.88,80.0,40.78,25.54,무충전 완주,0,69.46047008547009,0.0,0.25,0.625,0.0,0.125,0.0,0.75,0.25,0.0,54.46047008547009,51.89451246688718,50.479126602564,48.885437,XGBoost,48.885437,63.885437
59_916,59.0,916,8,건식,보통,159.934,0.5,0.75,14.4,74.88,80.0,37.995,29.259,무충전 완주,0,65.74118589743588,0.125,0.25,0.5,0.0,0.125,0.125,0.375,0.5,0.0,50.74118589743589,53.83591498860176,51.709018874643874,50.92139,XGBoost,50.92139,65.92139
59_92,59.0,92,8,건식,많음,159.933,0.375,0.25,9.7,74.88,80.0,47.553,16.494,무충전 완주,0,78.50560897435898,0.0,0.375,0.625,0.0,0.0,0.0,0.75,0.25,0.0,63.50560897435897,60.41638821687267,51.59892717236458,56.565727,XGBoost,56.565727,71.56573
59_921,59.0,921,8,건식,적음,159.935,0.625,1.25,26.5125,74.88,80.0,49.114,30.0,중간 충전 후 완주,1,80.59027777777779,0.125,0.125,0.25,0.375,0.125,0.125,0.375,0.25,0.25,65.59027777777779,68.97181099837655,78.52900641025649,72.05908,XGBoost,72.05908,87.05908
59_928,59.0,928,8,물걸레,보통,159.933,0.875,0.875,15.25,74.88,80.0,47.678,16.327,무충전 완주,0,78.67254273504274,0.125,0.25,0.5,0.0,0.125,0.125,0.25,0.625,0.0,63.67254273504274,62.7796830985428,61.58706819800593,62.12285,XGBoost,62.12285,77.12285
59_929,59.0,929,8,물걸레,보통,159.934,0.75,1.25,23.45625,74.88,80.0,57.076,30.0,중간 충전 후 완주,1,90.0,0.375,0.25,0.375,0.0,0.0,0.25,0.25,0.375,0.125,76.2232905982906,77.53547492615533,74.47404736467239,75.185265,XGBoost,75.185265,90.0
59_93,59.0,93,8,건식,많음,159.932,0.5,1.0,21.75625,74.88,80.0,61.295,30.0,중간 충전 후 완주,1,90.0,0.125,0.125,0.5,0.125,0.125,0.25,0.5,0.125,0.125,81.8576388888889,81.77608417107906,85.87549412393166,86.2234,XGBoost,86.2234,90.0
59_931,59.0,931,8,건식,많음,159.934,0.25,0.5,12.7,74.88,80.0,51.547,30.0,중간 충전 후 완주,1,83.83947649572649,0.125,0.5,0.25,0.125,0.0,0.125,0.625,0.25,0.0,68.83947649572649,64.05789309278123,57.3320779914529,59.419643,XGBoost,59.419643,74.41965
59_935,59.0,935,8,건식,적음,159.933,0.25,0.875,16.55,74.88,80.0,39.478,27.278,무충전 완주,0,67.72168803418805,0.25,0.25,0.375,0.125,0.0,0.25,0.375,0.375,0.0,52.72168803418804,50.656539809209676,50.76203703703711,48.24603,XGBoost,48.24603,63.24603
59_936,59.0,936,8,물걸레,적음,159.935,0.5,0.75,21.8125,74.88,80.0,60.918,30.0,중간 충전 후 완주,1,90.0,0.25,0.25,0.5,0.0,0.0,0.0,0.75,0.0,0.25,81.35416666666667,66.10505757377999,69.58323539886031,70.88192,XGBoost,70.88192,85.88192
59_939,59.0,939,8,물걸레,적음,159.934,0.75,1.0,20.45625,74.88,80.0,59.6,30.0,중간 충전 후 완주,1,90.0,0.125,0.25,0.375,0.25,0.0,0.125,0.375,0.375,0.125,79.5940170940171,68.724487422929,64.82088230056983,65.04955,XGBoost,65.04955,80.04955
59_94,59.0,94,8,건식,적음,159.933,0.5,0.5,15.75625,74.88,80.0,36.543,31.198,무충전 완주,0,63.802083333333336,0.125,0.5,0.375,0.0,0.0,0.0,0.75,0.125,0.125,48.802083333333336,55.215976980701086,55.57311698717961,54.31138,XGBoost,54.31138,69.31138
59_942,59.0,942,8,건식,적음,159.934,0.25,1.125,19.55,74.88,80.0,44.404,20.7,무충전 완주,0,74.30021367521368,0.25,0.125,0.25,0.0,0.375,0.375,0.25,0.375,0.0,59.30021367521368,54.66904488071498,52.25601406695147,58.3061,XGBoost,58.3061,73.3061
59_949,59.0,949,8,물걸레,적음,159.934,0.375,0.375,10.55,74.88,80.0,30.125,39.768,무충전 완주,0,55.23103632478633,0.0,0.375,0.5,0.125,0.0,0.0,0.625,0.375,0.0,40.23103632478633,49.89712649472568,44.36237090455843,44.286705,XGBoost,44.286705,59.286705
59_959,59.0,959,8,물걸레,많음,159.933,0.75,1.25,20.4,74.88,80.0,70.138,30.0,중간 충전 후 완주,1,90.0,0.25,0.125,0.375,0.0,0.25,0.375,0.125,0.5,0.0,93.66720085470087,82.63011089501458,85.62422542735028,90.12105,XGBoost,90.12105,90.0
59_96,59.0,96,8,건식,보통,159.933,0.75,1.25,23.45625,74.88,80.0,57.481,30.0,중간 충전 후 완주,1,90.0,0.0,0.25,0.125,0.375,0.25,0.25,0.25,0.375,0.125,76.76415598290599,73.92557596475112,70.41760594729345,68.894684,XGBoost,68.894684,83.894684
59_961,59.0,961,8,건식,많음,159.934,0.75,0.75,15.7,74.88,80.0,54.262,30.0,중간 충전 후 완주,1,87.46527777777779,0.125,0.375,0.25,0.125,0.125,0.25,0.5,0.25,0.0,72.46527777777779,70.6087578583047,70.9365518162393,71.11927,XGBoost,71.11927,86.11927
59_965,59.0,965,8,물걸레,적음,159.935,0.375,1.0,20.45625,74.88,80.0,45.988,18.584,무충전 완주,0,76.4155982905983,0.125,0.0,0.5,0.25,0.125,0.125,0.375,0.375,0.125,61.4155982905983,65.74345344370819,59.52330395299142,64.8435,XGBoost,64.8435,79.8435
59_972,59.0,972,8,물걸레,보통,159.933,0.625,0.75,17.45625,74.88,80.0,47.558,16.488,무충전 완주,0,78.51228632478632,0.125,0.5,0.125,0.0,0.25,0.0,0.5,0.375,0.125,63.512286324786324,68.28234009539257,67.7770032051282,69.713104,XGBoost,69.713104,84.713104
59_988,59.0,988,8,건식,많음,159.934,0.375,0.375,11.85,74.88,80.0,46.142,18.379,무충전 완주,0,76.6212606837607,0.0,0.375,0.5,0.125,0.0,0.125,0.75,0.125,0.0,61.621260683760696,62.845647749615836,54.607612179487035,59.787113,XGBoost,59.787113,74.78711
59_992,59.0,992,8,물걸레,보통,159.934,0.75,0.625,12.25,74.88,80.0,42.452,23.306,무충전 완주,0,71.69337606837607,0.0,0.125,0.75,0.0,0.125,0.0,0.375,0.625,0.0,56.69337606837607,59.286239270873956,59.242908653846186,57.841213,XGBoost,57.841213,72.84122
59_993,59.0,993,8,건식,많음,159.934,0.125,0.5,12.7,74.88,80.0,43.956,21.298,무충전 완주,0,73.70192307692308,0.0,0.125,0.5,0.125,0.25,0.125,0.625,0.25,0.0,58.70192307692308,62.69733915783586,56.3112491096866,57.0876,XGBoost,57.0876,72.0876
69_10,69.0,10,8,건식,많음,187.041,0.75,0.875,18.30625,74.88,80.0,78.691,30.0,중간 충전 후 완주,1,90.0,0.125,0.125,0.625,0.0,0.125,0.0,0.375,0.5,0.125,105.0894764957265,88.35315253893785,101.60292913105413,97.498764,XGBoost,97.498764,90.0
69_1000,69.0,1000,8,건식,많음,187.042,0.0,0.625,14.85,74.88,80.0,57.704,30.0,중간 충전 후 완주,1,90.0,0.25,0.375,0.25,0.125,0.0,0.25,0.625,0.125,0.0,77.06196581196582,77.60959587318126,80.98539663461561,77.53599,XGBoost,77.53599,90.0
69_118,69.0,118,8,건식,보통,187.042,0.75,0.75,14.4,74.88,80.0,43.903,21.368,무충전 완주,0,73.63114316239316,0.0,0.375,0.375,0.125,0.125,0.125,0.375,0.5,0.0,58.631143162393165,66.87483875665974,64.24263265669515,64.225525,XGBoost,64.225525,79.225525
69_128,69.0,128,8,물걸레,적음,187.041,0.5,0.625,13.55,74.88,80.0,45.475,19.269,무충전 완주,0,75.73050213675214,0.0,0.25,0.375,0.25,0.125,0.125,0.5,0.375,0.0,60.73050213675214,63.699955538945076,61.57552083333341,58.68535,XGBoost,58.68535,73.68535
69_131,69.0,131,8,물걸레,보통,187.042,0.25,0.625,13.55,74.88,80.0,44.263,20.888,무충전 완주,0,74.11191239316238,0.125,0.375,0.25,0.0,0.25,0.125,0.5,0.375,0.0,59.11191239316239,67.13586636712293,66.29507656695154,66.89974,XGBoost,66.89974,81.89974
69_138,69.0,138,8,물걸레,적음,187.041,0.25,0.625,13.55,74.88,80.0,38.488,28.6,무충전 완주,0,66.39957264957266,0.125,0.125,0.5,0.125,0.125,0.125,0.5,0.375,0.0,51.399572649572654,62.138260272639265,58.362624643874646,58.773903,XGBoost,58.773903,73.7739
69_141,69.0,141,8,건식,보통,187.043,0.5,0.625,13.55,74.88,80.0,48.649,15.031,무충전 완주,0,79.9692841880342,0.0,0.25,0.625,0.125,0.0,0.125,0.5,0.375,0.0,64.9692841880342,63.822037993041945,58.06039440883184,61.14144,XGBoost,61.14144,76.14144
69_142,69.0,142,8,건식,보통,187.042,0.375,0.625,13.55,74.88,80.0,43.105,22.435,무충전 완주,0,72.56543803418803,0.125,0.125,0.5,0.0,0.25,0.125,0.5,0.375,0.0,57.565438034188034,63.4449939036909,59.20726495726481,58.415768,XGBoost,58.415768,73.41577
69_143,69.0,143,8,물걸레,보통,187.042,0.75,0.875,17.85,74.88,80.0,66.214,30.0,중간 충전 후 완주,1,90.0,0.0,0.375,0.25,0.25,0.125,0.375,0.5,0.125,0.0,88.42681623931624,78.10880144036128,78.18539440883197,77.057106,XGBoost,77.057106,90.0
69_146,69.0,146,8,물걸레,보통,187.042,0.25,0.375,10.55,74.88,80.0,35.893,32.066,무충전 완주,0,62.934027777777786,0.0,0.375,0.375,0.0,0.25,0.0,0.625,0.375,0.0,47.934027777777786,63.80929431303335,60.30060096153845,60.16798,XGBoost,60.16798,75.167984
69_148,69.0,148,8,건식,보통,187.041,0.25,0.625,14.85,74.88,80.0,38.659,28.372,무충전 완주,0,66.62793803418803,0.125,0.125,0.625,0.125,0.0,0.25,0.625,0.125,0.0,51.627938034188034,64.71263446633097,62.64905181623941,62.17816,XGBoost,62.17816,77.17816
69_151,69.0,151,8,물걸레,많음,187.042,0.875,0.625,12.25,74.88,80.0,67.664,30.0,중간 충전 후 완주,1,90.0,0.0,0.25,0.625,0.0,0.125,0.0,0.375,0.625,0.0,90.36324786324788,82.95529484463239,83.51894586894595,86.7597,XGBoost,86.7597,90.0
69_152,69.0,152,8,물걸레,보통,187.04,0.75,1.0,18.7,74.88,80.0,54.295,30.0,중간 충전 후 완주,1,87.5093482905983,0.0,0.125,0.5,0.125,0.25,0.375,0.375,0.25,0.0,72.5093482905983,78.5753259376514,83.58942975427352,78.56296,XGBoost,78.56296,90.0
69_153,69.0,153,8,물걸레,많음,187.042,0.25,0.375,11.85,74.88,80.0,55.006,30.0,중간 충전 후 완주,1,88.45886752136752,0.0,0.0,0.875,0.125,0.0,0.125,0.75,0.125,0.0,73.45886752136752,78.35344936626129,83.12450587606848,82.461235,XGBoost,82.461235,90.0
69_154,69.0,154,8,물걸레,적음,187.042,0.375,0.75,18.75625,74.88,80.0,44.254,20.9,무충전 완주,0,74.09989316239316,0.25,0.25,0.5,0.0,0.0,0.125,0.625,0.125,0.125,59.09989316239316,73.56026002588068,69.40720708689454,68.104836,XGBoost,68.104836,83.104836
69_162,69.0,162,8,물걸레,보통,187.041,0.375,1.125,22.60625,74.88,80.0,72.47,30.0,중간 충전 후 완주,1,90.0,0.25,0.125,0.25,0.25,0.125,0.25,0.375,0.25,0.125,96.7815170940171,84.86250741512356,87.23028846153846,89.62512,XGBoost,89.62512,90.0
69_163,69.0,163,8,물걸레,적음,187.041,0.75,0.875,22.6625,74.88,80.0,72.28,30.0,중간 충전 후 완주,1,90.0,0.125,0.25,0.5,0.125,0.0,0.0,0.625,0.125,0.25,96.52777777777779,79.9860602517605,82.3576566951568,79.413956,XGBoost,79.413956,90.0
69_166,69.0,166,8,건식,보통,187.042,0.75,0.75,14.4,74.88,80.0,43.762,21.557,무충전 완주,0,73.44284188034189,0.0,0.375,0.25,0.125,0.25,0.125,0.375,0.5,0.0,58.44284188034189,66.8112823908645,64.84479611823363,61.53106,XGBoost,61.53106,76.53106
69_167,69.0,167,8,건식,보통,187.04,0.625,0.5,11.4,74.88,80.0,37.642,29.73,무충전 완주,0,65.26976495726495,0.0,0.25,0.75,0.0,0.0,0.0,0.5,0.5,0.0,50.26976495726496,63.35067653775997,60.78459312678058,56.00454,XGBoost,56.00454,71.00454
69_173,69.0,173,8,건식,보통,187.041,0.75,1.375,25.60625,74.88,80.0,50.677,30.0,중간 충전 후 완주,1,82.67761752136752,0.25,0.25,0.125,0.125,0.25,0.375,0.25,0.25,0.125,67.67761752136752,86.82112763268871,92.58888888888899,85.88538,XGBoost,85.88538,90.0
69_178,69.0,178,8,물걸레,적음,187.041,0.375,0.375,10.55,74.88,80.0,48.549,15.164,무충전 완주,0,79.83573717948718,0.0,0.375,0.5,0.0,0.125,0.0,0.625,0.375,0.0,64.83573717948718,59.37646809502646,57.10767227564091,54.234245,XGBoost,54.234245,69.234245
69_182,69.0,182,8,물걸레,적음,187.04,0.25,0.5,11.4,74.88,80.0,39.366,27.428,무충전 완주,0,67.57211538461539,0.0,0.25,0.375,0.0,0.375,0.0,0.5,0.5,0.0,52.572115384615394,59.8612564578376,57.29041132478627,55.705906,XGBoost,55.705906,70.7059
69_185,69.0,185,8,건식,많음,187.041,0.5,1.125,22.60625,74.88,80.0,61.773,30.0,중간 충전 후 완주,1,90.0,0.125,0.25,0.125,0.125,0.375,0.25,0.375,0.25,0.125,82.4959935897436,94.04326600482594,106.90139334045584,106.060974,XGBoost,106.060974,90.0
69_188,69.0,188,8,물걸레,적음,187.042,0.5,0.5,14.0,74.88,80.0,42.192,23.653,무충전 완주,0,71.34615384615384,0.0,0.625,0.125,0.0,0.25,0.25,0.75,0.0,0.0,56.34615384615385,64.29922183371181,57.57407407407405,58.81994,XGBoost,58.81994,73.81994
69_198,69.0,198,8,물걸레,많음,187.041,0.375,0.375,11.85,74.88,80.0,52.339,30.0,중간 충전 후 완주,1,84.89716880341881,0.0,0.25,0.625,0.125,0.0,0.125,0.75,0.125,0.0,69.89716880341881,78.96522870865996,82.96961360398865,78.61853,XGBoost,78.61853,90.0
69_209,69.0,209,8,건식,보통,187.042,0.75,1.125,22.60625,74.88,80.0,80.449,30.0,중간 충전 후 완주,1,90.0,0.25,0.125,0.5,0.125,0.0,0.25,0.375,0.25,0.125,107.43723290598291,81.86145519442425,86.3081241096867,84.16976,XGBoost,84.16976,90.0
69_21,69.0,21,8,건식,많음,187.041,0.75,0.625,13.55,74.88,80.0,62.978,30.0,중간 충전 후 완주,1,90.0,0.125,0.5,0.375,0.0,0.0,0.125,0.5,0.375,0.0,84.10523504273505,77.97379315133195,73.26018073361827,75.7936,XGBoost,75.7936,90.0
69_216,69.0,216,8,물걸레,많음,187.041,0.75,0.875,18.30625,74.88,80.0,76.46,30.0,중간 충전 후 완주,1,90.0,0.0,0.125,0.625,0.25,0.0,0.0,0.375,0.5,0.125,102.11004273504274,94.48250148346466,109.1256232193731,106.66267,XGBoost,106.66267,90.0
69_225,69.0,225,8,물걸레,적음,187.042,0.5,0.375,10.55,74.88,80.0,41.189,24.994,무충전 완주,0,70.00667735042737,0.0,0.5,0.25,0.125,0.125,0.0,0.625,0.375,0.0,55.00667735042736,60.640412074592426,55.338828792735036,53.42842,XGBoost,53.42842,68.42842
69_23,69.0,23,8,물걸레,많음,187.041,0.5,1.0,18.7,74.88,80.0,69.165,30.0,중간 충전 후 완주,1,90.0,0.125,0.0,0.5,0.125,0.25,0.375,0.375,0.25,0.0,92.36778846153848,90.453487721821,102.658640491453,102.53118,XGBoost,102.53118,90.0
69_243,69.0,243,8,건식,많음,187.041,0.625,1.125,22.60625,74.88,80.0,86.157,30.0,중간 충전 후 완주,1,90.0,0.25,0.125,0.5,0.0,0.125,0.25,0.375,0.25,0.125,115.06009615384616,94.49842538774155,105.18106303418813,104.32254,XGBoost,104.32254,90.0
69_247,69.0,247,8,건식,적음,187.041,0.25,0.625,13.55,74.88,80.0,35.564,32.506,무충전 완주,0,62.494658119658126,0.125,0.125,0.5,0.25,0.0,0.125,0.5,0.375,0.0,47.494658119658126,58.0940064402687,55.87788647020431,50.879333,XGBoost,50.879333,65.87933
69_252,69.0,252,8,건식,적음,187.041,0.625,0.5,11.4,74.88,80.0,37.412,30.038,무충전 완주,0,64.96260683760684,0.0,0.25,0.625,0.125,0.0,0.0,0.5,0.5,0.0,49.962606837606835,56.53037376400624,51.640130876068355,49.36357,XGBoost,49.36357,64.36357
69_266,69.0,266,8,건식,적음,187.041,0.625,1.375,24.30625,74.88,80.0,49.835,30.0,중간 충전 후 완주,1,81.55315170940172,0.375,0.125,0.375,0.125,0.0,0.25,0.125,0.5,0.125,66.55315170940172,77.46149878624706,71.2160568019943,72.31107,XGBoost,72.31107,87.31107
69_267,69.0,267,8,물걸레,많음,187.041,0.625,0.625,12.25,74.88,80.0,68.911,30.0,중간 충전 후 완주,1,90.0,0.0,0.25,0.5,0.0,0.25,0.0,0.375,0.625,0.0,92.02857905982907,81.65641112798426,84.28552350427351,84.18796,XGBoost,84.18796,90.0
69_268,69.0,268,8,물걸레,많음,187.042,0.625,1.375,26.90625,74.88,80.0,108.54,30.0,중간 충전 후 완주,2,90.0,0.25,0.125,0.25,0.125,0.25,0.5,0.375,0.0,0.125,144.9519230769231,106.14099020041179,130.53127225783462,129.61523,XGBoost,129.61523,90.0
69_270,69.0,270,8,물걸레,많음,187.041,0.125,0.5,12.7,74.88,80.0,70.943,30.0,중간 충전 후 완주,1,90.0,0.125,0.375,0.25,0.125,0.125,0.125,0.625,0.25,0.0,94.74225427350427,78.28272499387626,82.9011707621081,82.70822,XGBoost,82.70822,90.0
69_284,69.0,284,8,건식,많음,187.041,0.375,0.375,10.55,74.88,80.0,45.592,19.114,무충전 완주,0,75.88675213675214,0.0,0.25,0.5,0.125,0.125,0.0,0.625,0.375,0.0,60.88675213675214,73.06987369722427,68.93737535612546,66.75099,XGBoost,66.75099,81.75099
69_288,69.0,288,8,물걸레,보통,187.041,0.625,1.125,20.85,74.88,80.0,53.14,30.0,중간 충전 후 완주,1,85.96688034188034,0.25,0.25,0.25,0.125,0.125,0.5,0.375,0.125,0.0,70.96688034188034,81.36280329224235,87.20908564814812,86.12,XGBoost,86.12,90.0
69_290,69.0,290,8,건식,많음,187.043,0.25,0.875,15.25,74.88,80.0,59.45,30.0,중간 충전 후 완주,1,90.0,0.125,0.125,0.25,0.375,0.125,0.125,0.25,0.625,0.0,79.3936965811966,76.89685675044859,79.26144497863251,75.14407,XGBoost,75.14407,90.0
69_292,69.0,292,8,물걸레,적음,187.042,0.875,0.625,12.25,74.88,80.0,36.478,31.285,무충전 완주,0,63.715277777777786,0.0,0.0,1.0,0.0,0.0,0.0,0.375,0.625,0.0,48.715277777777786,65.04847565613036,64.28940081908846,62.47377,XGBoost,62.47377,77.47377
69_293,69.0,293,8,물걸레,적음,187.041,0.75,1.125,22.60625,74.88,80.0,67.522,30.0,중간 충전 후 완주,1,90.0,0.125,0.0,0.625,0.125,0.125,0.25,0.375,0.25,0.125,90.17361111111113,82.71371471983235,80.06469462250699,80.98213,XGBoost,80.98213,90.0
69_303,69.0,303,8,물걸레,적음,187.042,0.25,0.875,19.60625,74.88,80.0,46.054,18.496,무충전 완주,0,76.50373931623932,0.125,0.375,0.125,0.125,0.25,0.125,0.5,0.25,0.125,61.503739316239326,74.45650589715137,74.42761306980034,74.60578,XGBoost,74.60578,89.60578
69_307,69.0,307,8,물걸레,적음,187.041,0.25,0.375,10.55,74.88,80.0,43.094,22.45,무충전 완주,0,72.55074786324786,0.0,0.0,0.875,0.125,0.0,0.0,0.625,0.375,0.0,57.550747863247864,59.12967478704098,56.2444622507122,54.347954,XGBoost,54.347954,69.34795
69_314,69.0,314,8,물걸레,보통,187.041,0.5,0.75,15.7,74.88,80.0,53.767,30.0,중간 충전 후 완주,1,86.80422008547009,0.25,0.375,0.375,0.0,0.0,0.25,0.5,0.25,0.0,71.80422008547009,72.7915762453715,72.88090722934481,72.738594,XGBoost,72.738594,87.738594
69_319,69.0,319,8,건식,보통,187.042,0.625,1.0,20.45625,74.88,80.0,57.676,30.0,중간 충전 후 완주,1,90.0,0.25,0.125,0.5,0.125,0.0,0.125,0.375,0.375,0.125,77.02457264957265,78.27638625660978,80.37253828347576,75.69375,XGBoost,75.69375,90.0
69_32,69.0,32,8,물걸레,적음,187.042,0.875,0.75,17.45625,74.88,80.0,59.551,30.0,중간 충전 후 완주,1,90.0,0.125,0.125,0.75,0.0,0.0,0.0,0.5,0.375,0.125,79.52857905982907,74.67847725229618,72.91469462250704,71.05717,XGBoost,71.05717,86.05717
69_324,69.0,324,8,건식,보통,187.041,0.375,0.875,15.25,74.88,80.0,43.14,22.388,무충전 완주,0,72.6121794871795,0.0,0.0,0.5,0.5,0.0,0.125,0.25,0.625,0.0,57.612179487179496,66.05406755678511,59.59802350427349,56.512848,XGBoost,56.512848,71.51285
69_334,69.0,334,8,건식,많음,187.041,0.625,0.5,12.7,74.88,80.0,55.973,30.0,중간 충전 후 완주,1,89.7502670940171,0.125,0.25,0.625,0.0,0.0,0.125,0.625,0.25,0.0,74.7502670940171,76.19051754265294,72.56404914529912,71.76582,XGBoost,71.76582,86.76582
69_336,69.0,336,8,물걸레,적음,187.042,0.375,0.75,17.45625,74.88,80.0,53.783,30.0,중간 충전 후 완주,1,86.82558760683762,0.125,0.25,0.375,0.25,0.0,0.0,0.5,0.375,0.125,71.82558760683762,71.83596893887996,66.22654914529916,64.32091,XGBoost,64.32091,79.32091
69_341,69.0,341,8,물걸레,보통,187.042,0.625,0.375,10.55,74.88,80.0,49.859,30.0,중간 충전 후 완주,1,81.585202991453,0.0,0.375,0.375,0.125,0.125,0.0,0.625,0.375,0.0,66.585202991453,66.52014500674446,60.753574608262085,61.000294,XGBoost,61.000294,76.00029
69_346,69.0,346,8,건식,많음,187.041,1.0,0.875,18.306250000000002,74.88,80.0,52.738,30.0,중간 충전 후 완주,1,85.43002136752136,0.125,0.375,0.375,0.125,0.0,0.0,0.375,0.5,0.125,70.43002136752136,89.65640049712479,99.66987179487181,96.155556,XGBoost,96.155556,90.0
69_35,69.0,35,8,물걸레,적음,187.04,0.375,0.75,18.75625,74.88,80.0,48.486,15.249,무충전 완주,0,79.75160256410255,0.25,0.25,0.375,0.0,0.125,0.125,0.625,0.125,0.125,64.75160256410255,74.74698356816816,66.80736734330485,69.26248,XGBoost,69.26248,84.26248
69_352,69.0,352,8,물걸레,많음,187.041,0.625,0.875,19.60625,74.88,80.0,91.404,30.0,중간 충전 후 완주,1,90.0,0.125,0.125,0.625,0.125,0.0,0.125,0.5,0.25,0.125,122.0673076923077,95.83249006011285,115.21044337606834,107.947556,XGBoost,107.947556,90.0
69_359,69.0,359,8,건식,적음,187.043,0.75,0.875,15.25,74.88,80.0,48.676,14.995,무충전 완주,0,80.00534188034189,0.125,0.125,0.625,0.125,0.0,0.125,0.25,0.625,0.0,65.00534188034189,62.23481821980192,59.15761217948712,56.800358,XGBoost,56.800358,71.800354
69_372,69.0,372,8,물걸레,적음,187.041,1.375,1.125,20.00625,74.88,80.0,59.715,30.0,중간 충전 후 완주,1,90.0,0.125,0.125,0.75,0.0,0.0,0.0,0.125,0.75,0.125,79.74759615384616,80.57751172775127,75.90176282051281,69.49014,XGBoost,69.49014,84.49014
69_377,69.0,377,8,건식,적음,187.042,0.0,0.125,8.85,74.88,80.0,30.875,38.767,무충전 완주,0,56.23263888888889,0.0,0.375,0.5,0.125,0.0,0.0,0.875,0.125,0.0,41.23263888888889,52.10873048900624,44.86480591168081,40.156784,XGBoost,40.156784,55.156784
69_381,69.0,381,8,건식,적음,187.04,0.25,0.75,17.0,74.88,80.0,40.635,25.733,무충전 완주,0,69.26682692307693,0.125,0.0,0.625,0.25,0.0,0.375,0.625,0.0,0.0,54.26682692307693,62.973830343311114,63.47760861823361,61.313076,XGBoost,61.313076,76.31308
69_384,69.0,384,8,건식,보통,187.042,0.125,0.75,14.4,74.88,80.0,43.848,21.442,무충전 완주,0,73.55769230769232,0.0,0.125,0.25,0.5,0.125,0.125,0.375,0.5,0.0,58.557692307692314,63.255755588453695,56.98817218660974,52.94013,XGBoost,52.94013,67.940125
69_386,69.0,386,8,물걸레,적음,187.042,0.625,0.625,12.25,74.88,80.0,49.058,30.0,중간 충전 후 완주,1,80.51549145299145,0.0,0.25,0.5,0.0,0.25,0.0,0.375,0.625,0.0,65.51549145299145,63.46349136139986,56.82573896011408,59.381405,XGBoost,59.381405,74.38141
69_39,69.0,39,8,물걸레,보통,187.04,0.0,0.875,16.55,74.88,80.0,53.329,30.0,중간 충전 후 완주,1,86.2192841880342,0.25,0.125,0.25,0.125,0.25,0.25,0.375,0.375,0.0,71.2192841880342,72.82400842101984,73.70718928062682,70.773544,XGBoost,70.773544,85.773544
69_4,69.0,4,8,건식,보통,187.043,0.125,0.25,9.7,74.88,80.0,41.453,24.641,무충전 완주,0,70.35924145299145,0.0,0.125,0.75,0.125,0.0,0.0,0.75,0.25,0.0,55.35924145299146,56.97495031760225,52.08144141737895,49.38803,XGBoost,49.38803,64.38803
69_402,69.0,402,8,건식,보통,187.041,0.25,0.625,13.55,74.88,80.0,53.0,30.0,중간 충전 후 완주,1,85.77991452991454,0.125,0.125,0.5,0.125,0.125,0.125,0.5,0.375,0.0,70.77991452991454,63.314156747039526,55.676464565526985,58.3464,XGBoost,58.3464,73.346405
69_404,69.0,404,8,물걸레,보통,187.041,0.25,0.25,9.7,74.88,80.0,34.801,33.525,무충전 완주,0,61.47569444444445,0.0,0.375,0.375,0.25,0.0,0.0,0.75,0.25,0.0,46.47569444444445,62.96531691538628,60.81753027065538,57.73342,XGBoost,57.73342,72.73342
69_405,69.0,405,8,건식,보통,187.042,0.125,0.625,17.90625,74.88,80.0,40.662,25.697,무충전 완주,0,69.30288461538461,0.25,0.375,0.375,0.0,0.0,0.125,0.75,0.0,0.125,54.30288461538461,71.29084795338173,76.65081908831901,68.549576,XGBoost,68.549576,83.549576
69_406,69.0,406,8,건식,많음,187.042,0.25,0.875,17.85,74.88,80.0,50.114,30.0,중간 충전 후 완주,1,81.92574786324786,0.125,0.25,0.25,0.125,0.25,0.375,0.5,0.125,0.0,66.92574786324786,81.47536478536358,85.6201544693732,88.29682,XGBoost,88.29682,90.0
69_408,69.0,408,8,물걸레,적음,187.043,0.75,1.375,24.306250000000002,74.88,80.0,54.071,30.0,중간 충전 후 완주,1,87.210202991453,0.125,0.0,0.5,0.125,0.25,0.25,0.125,0.5,0.125,72.210202991453,83.86957636382334,85.52585024928781,79.164925,XGBoost,79.164925,90.0
69_414,69.0,414,8,건식,적음,187.041,0.125,0.625,13.55,74.88,80.0,36.851,30.787,무충전 완주,0,64.21340811965811,0.0,0.0,0.5,0.125,0.375,0.125,0.5,0.375,0.0,49.21340811965812,56.527057846625475,54.551295405983,52.30768,XGBoost,52.30768,67.30768
69_42,69.0,42,8,건식,적음,187.042,0.5,1.125,22.60625,74.88,80.0,59.547,30.0,중간 충전 후 완주,1,90.0,0.375,0.25,0.375,0.0,0.0,0.25,0.375,0.25,0.125,79.52323717948718,75.33944014366251,73.35084134615396,70.70175,XGBoost,70.70175,85.70175
69_426,69.0,426,8,건식,많음,187.042,0.25,0.625,14.85,74.88,80.0,67.935,30.0,중간 충전 후 완주,1,90.0,0.125,0.375,0.25,0.0,0.25,0.25,0.625,0.125,0.0,90.72516025641026,76.65876290101745,80.0600917022794,79.777504,XGBoost,79.777504,90.0
69_427,69.0,427,8,물걸레,보통,187.041,0.25,0.25,9.7,74.88,80.0,52.622,30.0,중간 충전 후 완주,1,85.27510683760684,0.0,0.5,0.375,0.0,0.125,0.0,0.75,0.25,0.0,70.27510683760684,64.03672391363753,61.83229166666695,59.11494,XGBoost,59.11494,74.114944
69_430,69.0,430,8,건식,적음,187.042,0.625,0.375,11.85,74.88,80.0,40.178,26.343,무충전 완주,0,68.65651709401709,0.125,0.625,0.25,0.0,0.0,0.125,0.75,0.125,0.0,53.6565170940171,55.69177775303964,52.960544871794845,49.49185,XGBoost,49.49185,64.49185
69_433,69.0,433,8,물걸레,적음,187.041,0.75,1.0,20.45625,74.88,80.0,52.189,30.0,중간 충전 후 완주,1,84.6968482905983,0.25,0.5,0.125,0.125,0.0,0.125,0.375,0.375,0.125,69.6968482905983,78.8145260351902,75.96365295584047,74.754585,XGBoost,74.754585,89.754585
69_445,69.0,445,8,건식,보통,187.042,0.25,0.625,12.25,74.88,80.0,37.787,29.537,무충전 완주,0,65.46340811965813,0.0,0.375,0.25,0.125,0.25,0.0,0.375,0.625,0.0,50.463408119658126,61.047607509962006,57.03376068376074,57.47838,XGBoost,57.47838,72.47838
69_454,69.0,454,8,물걸레,보통,187.041,0.5,0.875,20.90625,74.88,80.0,72.282,30.0,중간 충전 후 완주,1,90.0,0.125,0.5,0.125,0.0,0.25,0.25,0.625,0.0,0.125,96.53044871794872,83.30631097945133,82.88545673076926,85.01288,XGBoost,85.01288,90.0
69_457,69.0,457,8,건식,보통,187.041,0.625,1.125,21.30625,74.88,80.0,55.715,30.0,중간 충전 후 완주,1,89.40571581196582,0.25,0.25,0.25,0.25,0.0,0.125,0.25,0.5,0.125,74.40571581196582,79.65347336452734,83.39343393874651,79.522125,XGBoost,79.522125,90.0
69_459,69.0,459,8,물걸레,적음,187.041,0.375,0.5,12.7,74.88,80.0,40.129,26.409,무충전 완주,0,68.59107905982907,0.125,0.25,0.625,0.0,0.0,0.125,0.625,0.25,0.0,53.59107905982906,61.669621463419254,57.23485710470082,57.211796,XGBoost,57.211796,72.21179
69_467,69.0,467,8,물걸레,적음,187.041,0.75,1.25,23.45625,74.88,80.0,53.438,30.0,중간 충전 후 완주,1,86.36485042735043,0.25,0.125,0.375,0.25,0.0,0.25,0.25,0.375,0.125,71.36485042735043,83.44065055341389,77.49096777065536,79.27375,XGBoost,79.27375,90.0
69_472,69.0,472,8,물걸레,적음,187.04199999999997,1.0,1.125,19.55,74.88,80.0,53.399,30.0,중간 충전 후 완주,1,86.3127670940171,0.125,0.125,0.5,0.125,0.125,0.375,0.25,0.375,0.0,71.3127670940171,75.31912168802147,79.1038951210825,81.45724,XGBoost,81.45724,90.0
69_475,69.0,475,8,건식,보통,187.041,0.5,0.75,14.4,74.88,80.0,47.707,16.288,무충전 완주,0,78.71127136752136,0.125,0.25,0.5,0.125,0.0,0.125,0.375,0.5,0.0,63.71127136752137,64.76634998030934,59.332719017093886,59.321285,XGBoost,59.321285,74.32129
69_478,69.0,478,8,물걸레,적음,187.041,0.375,0.875,20.90625,74.88,80.0,57.382,30.0,중간 충전 후 완주,1,90.0,0.25,0.375,0.25,0.125,0.0,0.25,0.625,0.0,0.125,76.63194444444444,77.16273041956526,72.72554309116802,77.86708,XGBoost,77.86708,90.0
69_479,69.0,479,8,건식,많음,187.042,0.375,1.125,25.6625,74.88,80.0,97.801,24.447,중간 충전 후 완주,1,90.0,0.375,0.0,0.625,0.0,0.0,0.125,0.5,0.125,0.25,130.61030982905984,93.51039904871655,113.89475160256421,106.982315,XGBoost,106.982315,90.0
69_48,69.0,48,8,물걸레,많음,187.042,0.0,0.375,11.85,74.88,80.0,56.353,30.0,중간 충전 후 완주,1,90.0,0.125,0.125,0.625,0.125,0.0,0.125,0.75,0.125,0.0,75.25774572649573,78.82253633561714,82.99710202991446,75.67624,XGBoost,75.67624,90.0
69_481,69.0,481,8,물걸레,보통,187.041,0.375,0.625,14.85,74.88,80.0,41.953,23.973,무충전 완주,0,71.0269764957265,0.125,0.0,0.75,0.0,0.125,0.25,0.625,0.125,0.0,56.0269764957265,71.499860535315,69.74657229344739,72.580956,XGBoost,72.580956,87.580956
69_484,69.0,484,8,물걸레,적음,187.041,0.375,0.625,17.90625,74.88,80.0,54.492,30.0,중간 충전 후 완주,1,87.7724358974359,0.125,0.25,0.5,0.0,0.125,0.125,0.75,0.0,0.125,72.7724358974359,73.9825805688067,68.73481570512824,71.63505,XGBoost,71.63505,86.63505
69_491,69.0,491,8,물걸레,적음,187.041,0.5,0.25,9.7,74.88,80.0,38.63,28.411,무충전 완주,0,66.58920940170941,0.0,0.5,0.375,0.125,0.0,0.0,0.75,0.25,0.0,51.58920940170941,59.76558476461279,52.92232905982908,51.684265,XGBoost,51.684265,66.684265
69_502,69.0,502,8,건식,많음,187.041,0.875,1.25,22.15625,74.88,80.0,72.859,30.0,중간 충전 후 완주,1,90.0,0.25,0.0,0.75,0.0,0.0,0.125,0.125,0.625,0.125,97.30101495726495,94.89144508240184,111.3288506054135,108.833755,XGBoost,108.833755,90.0
69_508,69.0,508,8,건식,적음,187.042,0.875,1.375,24.30625,74.88,80.0,60.92,30.0,중간 충전 후 완주,1,90.0,0.25,0.0,0.5,0.125,0.125,0.25,0.125,0.5,0.125,81.35683760683762,79.6126227869805,77.67130519943028,77.82563,XGBoost,77.82563,90.0
69_511,69.0,511,8,건식,적음,187.039,0.5,0.375,10.55,74.88,80.0,35.099,33.127,무충전 완주,0,61.87366452991453,0.0,0.5,0.375,0.125,0.0,0.0,0.625,0.375,0.0,46.87366452991453,55.912107614647475,47.96834045584059,47.3229,XGBoost,47.3229,62.3229
69_515,69.0,515,8,물걸레,적음,187.042,0.625,0.625,13.55,74.88,80.0,45.14,19.717,무충전 완주,0,75.28311965811966,0.125,0.375,0.25,0.0,0.25,0.125,0.5,0.375,0.0,60.283119658119666,64.29904788542993,60.44349180911681,60.358498,XGBoost,60.358498,75.3585
69_517,69.0,517,8,건식,많음,187.04,0.25,0.625,13.55,74.88,80.0,55.749,30.0,중간 충전 후 완주,1,89.4511217948718,0.125,0.125,0.5,0.25,0.0,0.125,0.5,0.375,0.0,74.4511217948718,75.16335168408047,74.21354611823372,72.25144,XGBoost,72.25144,87.25144
69_525,69.0,525,8,건식,많음,187.042,1.0,1.125,21.30625,74.88,80.0,72.189,30.0,중간 충전 후 완주,1,90.0,0.125,0.25,0.5,0.125,0.0,0.125,0.25,0.5,0.125,96.40625,94.42600291554905,109.1986704653372,109.47627,XGBoost,109.47627,90.0
69_536,69.0,536,8,물걸레,많음,187.041,0.375,0.625,14.85,74.88,80.0,71.558,30.0,중간 충전 후 완주,1,90.0,0.125,0.25,0.375,0.125,0.125,0.25,0.625,0.125,0.0,95.56356837606839,82.82984230376624,85.76586983618249,88.77248,XGBoost,88.77248,90.0
69_537,69.0,537,8,건식,많음,187.042,0.75,1.25,23.45625,74.88,80.0,86.372,30.0,중간 충전 후 완주,1,90.0,0.25,0.25,0.25,0.125,0.125,0.25,0.25,0.375,0.125,115.34722222222223,95.7570875082175,116.816933760684,113.609505,XGBoost,113.609505,90.0
69_541,69.0,541,8,건식,적음,187.041,0.375,0.75,15.7,74.88,80.0,38.363,28.768,무충전 완주,0,66.23263888888889,0.125,0.125,0.5,0.0,0.25,0.25,0.5,0.25,0.0,51.23263888888889,60.69420716768639,55.218999287749355,54.67668,XGBoost,54.67668,69.67668
69_545,69.0,545,8,물걸레,많음,187.04,0.125,0.25,11.0,74.88,80.0,50.451,30.0,중간 충전 후 완주,1,82.37580128205128,0.125,0.375,0.5,0.0,0.0,0.125,0.875,0.0,0.0,67.37580128205128,76.1894019516944,70.68349804131053,72.36369,XGBoost,72.36369,87.36369
69_555,69.0,555,8,건식,적음,187.041,0.25,0.25,9.7,74.88,80.0,33.961,34.645,무충전 완주,0,60.353899572649574,0.0,0.25,0.625,0.0,0.125,0.0,0.75,0.25,0.0,45.353899572649574,53.363861607469644,43.11469017094018,45.06717,XGBoost,45.06717,60.06717
69_559,69.0,559,8,물걸레,많음,187.042,0.25,0.625,14.85,74.88,80.0,76.348,30.0,중간 충전 후 완주,1,90.0,0.125,0.25,0.5,0.125,0.0,0.25,0.625,0.125,0.0,101.96047008547009,82.47209669328706,89.90379273504296,88.304504,XGBoost,88.304504,90.0
69_562,69.0,562,8,건식,적음,187.041,0.75,0.625,13.55,74.88,80.0,51.416,30.0,중간 충전 후 완주,1,83.66452991452991,0.0,0.375,0.25,0.125,0.25,0.125,0.5,0.375,0.0,68.66452991452991,60.02276379299124,57.002408297720876,56.635406,XGBoost,56.635406,71.63541
69_568,69.0,568,8,건식,보통,187.041,0.5,0.5,11.4,74.88,80.0,42.274,23.545,무충전 완주,0,71.4556623931624,0.0,0.0,0.875,0.0,0.125,0.0,0.5,0.5,0.0,56.4556623931624,62.44222823905879,55.638617343304844,58.055107,XGBoost,58.055107,73.05511
69_569,69.0,569,8,건식,많음,187.041,0.5,0.75,18.75625,74.88,80.0,61.852,30.0,중간 충전 후 완주,1,90.0,0.125,0.125,0.625,0.125,0.0,0.125,0.625,0.125,0.125,82.60149572649573,88.67499143759098,102.28431564577399,96.18632,XGBoost,96.18632,90.0
69_572,69.0,572,8,건식,많음,187.04,0.5,0.5,11.4,74.88,80.0,58.631,30.0,중간 충전 후 완주,1,90.0,0.0,0.25,0.625,0.125,0.0,0.0,0.5,0.5,0.0,78.2999465811966,75.37236247449295,70.74469818376065,67.58175,XGBoost,67.58175,82.58175
69_573,69.0,573,8,건식,보통,187.04,0.375,0.5,11.4,74.88,80.0,40.319,26.156,무충전 완주,0,68.84481837606839,0.0,0.25,0.625,0.125,0.0,0.0,0.5,0.5,0.0,53.84481837606838,61.14518133525357,56.79366542022807,55.904827,XGBoost,55.904827,70.90483
69_578,69.0,578,8,건식,적음,187.042,0.875,0.5,11.4,74.88,80.0,38.616,28.43,무충전 완주,0,66.57051282051282,0.0,0.125,0.875,0.0,0.0,0.0,0.5,0.5,0.0,51.570512820512825,58.11105240978454,53.58155270655297,54.373005,XGBoost,54.373005,69.373
69_580,69.0,580,8,물걸레,많음,187.043,0.25,0.25,9.7,74.88,80.0,53.652,30.0,중간 충전 후 완주,1,86.65064102564102,0.0,0.25,0.5,0.125,0.125,0.0,0.75,0.25,0.0,71.65064102564102,75.09215815503752,68.66256677350421,71.97214,XGBoost,71.97214,86.97214
69_581,69.0,581,8,건식,보통,187.04,0.125,0.625,12.25,74.88,80.0,41.755,24.237,무충전 완주,0,70.76255341880344,0.0,0.125,0.375,0.25,0.25,0.0,0.375,0.625,0.0,55.76255341880343,60.842645609298934,53.37659811253571,55.317455,XGBoost,55.317455,70.31746
69_588,69.0,588,8,물걸레,많음,187.041,0.5,1.125,21.30625,74.88,80.0,91.724,30.0,중간 충전 후 완주,1,90.0,0.25,0.125,0.375,0.125,0.125,0.125,0.25,0.5,0.125,122.49465811965814,96.99721479058181,119.58641826923066,114.10281,XGBoost,114.10281,90.0
69_594,69.0,594,8,물걸레,보통,187.041,0.5,0.625,12.25,74.88,80.0,47.761,16.216,무충전 완주,0,78.78338675213676,0.0,0.0,0.75,0.125,0.125,0.0,0.375,0.625,0.0,63.783386752136764,68.99231176072448,67.41965811965817,64.331894,XGBoost,64.331894,79.331894
69_596,69.0,596,8,건식,많음,187.042,0.625,1.125,18.25,74.88,80.0,62.591,30.0,중간 충전 후 완주,1,90.0,0.125,0.125,0.375,0.375,0.0,0.25,0.125,0.625,0.0,83.58840811965813,84.84871974819112,95.59093067426406,91.402336,XGBoost,91.402336,90.0
69_597,69.0,597,8,물걸레,보통,187.04,0.375,0.625,13.55,74.88,80.0,47.337,16.783,무충전 완주,0,78.21714743589745,0.125,0.0,0.75,0.0,0.125,0.125,0.5,0.375,0.0,63.217147435897445,69.45438623745757,66.95751424501417,66.363235,XGBoost,66.363235,81.363235
69_604,69.0,604,8,건식,적음,187.042,0.375,0.625,13.55,74.88,80.0,47.425,16.665,무충전 완주,0,78.3346688034188,0.0,0.125,0.5,0.25,0.125,0.125,0.5,0.375,0.0,63.3346688034188,57.73527079489414,55.044219417735015,53.20795,XGBoost,53.20795,68.20795
69_614,69.0,614,8,건식,적음,187.041,0.5,0.5,12.7,74.88,80.0,30.895,38.741,무충전 완주,0,56.25934829059829,0.0,0.125,0.625,0.0,0.25,0.125,0.625,0.25,0.0,41.25934829059829,58.131004717927816,52.82406813865148,49.86596,XGBoost,49.86596,64.86596
69_616,69.0,616,8,물걸레,적음,187.042,0.125,0.625,14.85,74.88,80.0,37.123,30.424,무충전 완주,0,64.57665598290598,0.125,0.125,0.5,0.25,0.0,0.25,0.625,0.125,0.0,49.57665598290598,63.872988425941195,61.68077368233623,61.0408,XGBoost,61.0408,76.0408
69_618,69.0,618,8,물걸레,보통,187.04,1.0,1.125,18.25,74.88,80.0,61.671,30.0,중간 충전 후 완주,1,90.0,0.125,0.125,0.625,0.125,0.0,0.25,0.125,0.625,0.0,82.35977564102565,79.36724766595816,82.6691283831908,78.745636,XGBoost,78.745636,90.0
69_622,69.0,622,8,물걸레,보통,187.042,0.125,0.75,15.7,74.88,80.0,56.556,30.0,중간 충전 후 완주,1,90.0,0.25,0.0,0.625,0.125,0.0,0.25,0.5,0.25,0.0,75.52884615384615,69.99561931265885,74.985852920228,71.06468,XGBoost,71.06468,86.06468
69_624,69.0,624,8,물걸레,많음,187.042,0.375,0.375,10.55,74.88,80.0,67.011,30.0,중간 충전 후 완주,1,90.0,0.0,0.375,0.5,0.125,0.0,0.0,0.625,0.375,0.0,89.4911858974359,77.3733293201156,69.65247507122501,72.97129,XGBoost,72.97129,87.97129
69_626,69.0,626,8,건식,많음,187.04,0.75,1.0,23.5125,74.88,80.0,79.635,30.0,중간 충전 후 완주,1,90.0,0.125,0.375,0.375,0.125,0.0,0.0,0.5,0.25,0.25,106.35016025641026,93.94436728037526,107.40945957977225,100.01049,XGBoost,100.01049,90.0
69_627,69.0,627,8,물걸레,보통,187.041,0.5,0.875,19.60625,74.88,80.0,54.933,30.0,중간 충전 후 완주,1,88.36137820512822,0.0,0.125,0.5,0.25,0.125,0.125,0.5,0.25,0.125,73.36137820512822,83.06621620809759,88.14560630341876,85.4856,XGBoost,85.4856,90.0
69_629,69.0,629,8,물걸레,적음,187.041,0.625,1.375,27.3625,74.88,80.0,71.513,30.0,중간 충전 후 완주,1,90.0,0.25,0.125,0.25,0.125,0.25,0.125,0.25,0.375,0.25,95.50347222222223,84.68005290948268,85.73848824786327,82.73759,XGBoost,82.73759,90.0
69_634,69.0,634,8,건식,많음,187.04,0.5,0.75,15.7,74.88,80.0,65.102,30.0,중간 충전 후 완주,1,90.0,0.125,0.5,0.125,0.0,0.25,0.25,0.5,0.25,0.0,86.94177350427351,80.18814160884371,82.96386811490972,79.3389,XGBoost,79.3389,90.0
69_643,69.0,643,8,물걸레,보통,187.04,0.5,0.875,18.30625,74.88,80.0,55.109,30.0,중간 충전 후 완주,1,88.59642094017094,0.125,0.25,0.375,0.125,0.125,0.0,0.375,0.5,0.125,73.59642094017094,79.24184805452656,81.12011217948731,79.761635,XGBoost,79.761635,90.0
69_644,69.0,644,8,물걸레,많음,187.041,0.125,0.5,12.7,74.88,80.0,57.659,30.0,중간 충전 후 완주,1,90.0,0.125,0.375,0.25,0.0,0.25,0.125,0.625,0.25,0.0,77.00186965811966,78.11896555955963,82.49400819088308,82.953735,XGBoost,82.953735,90.0
69_649,69.0,649,8,물걸레,보통,187.041,0.375,0.875,15.25,74.88,80.0,57.362,30.0,중간 충전 후 완주,1,90.0,0.125,0.125,0.5,0.25,0.0,0.125,0.25,0.625,0.0,76.60523504273506,70.86324553529168,69.5981125356126,69.9095,XGBoost,69.9095,84.9095
69_650,69.0,650,8,물걸레,보통,187.042,0.75,1.25,26.5125,74.88,80.0,88.941,30.0,중간 충전 후 완주,1,90.0,0.25,0.25,0.375,0.125,0.0,0.125,0.375,0.25,0.25,118.77804487179489,90.7027488105371,100.73120993589754,93.77837,XGBoost,93.77837,90.0
69_655,69.0,655,8,물걸레,적음,187.041,0.625,1.125,18.25,74.88,80.0,46.67,17.674,무충전 완주,0,77.32638888888889,0.0,0.125,0.25,0.125,0.5,0.25,0.125,0.625,0.0,62.32638888888889,72.19326020837818,70.25493678774939,69.91638,XGBoost,69.91638,84.91638
69_657,69.0,657,8,물걸레,많음,187.042,1.0,1.5,29.5125,74.88,80.0,103.164,17.285,중간 충전 후 완주,1,90.0,0.375,0.125,0.375,0.0,0.125,0.25,0.25,0.25,0.25,137.7724358974359,108.06658914464965,133.28862179487163,135.77652,XGBoost,135.77652,90.0
69_662,69.0,662,8,건식,보통,187.041,0.5,1.125,25.6625,74.88,80.0,70.746,30.0,중간 충전 후 완주,1,90.0,0.125,0.25,0.25,0.25,0.125,0.125,0.5,0.125,0.25,94.47916666666667,83.58798636149507,90.68538105413107,91.100334,XGBoost,91.100334,90.0
69_663,69.0,663,8,물걸레,보통,187.042,0.375,1.25,23.45625,74.88,80.0,70.55,30.0,중간 충전 후 완주,1,90.0,0.375,0.125,0.25,0.25,0.0,0.25,0.25,0.375,0.125,94.21741452991454,85.563761394972,90.09177350427352,87.597275,XGBoost,87.597275,90.0
69_666,69.0,666,8,물걸레,보통,187.042,0.625,0.625,13.55,74.88,80.0,47.743,16.24,무충전 완주,0,78.7593482905983,0.125,0.125,0.75,0.0,0.0,0.125,0.5,0.375,0.0,63.7593482905983,70.31893076350002,69.95633903133908,67.76581,XGBoost,67.76581,82.76581
69_667,69.0,667,8,건식,적음,187.042,0.625,0.75,14.4,74.88,80.0,36.321,31.495,무충전 완주,0,63.50560897435898,0.0,0.375,0.25,0.25,0.125,0.125,0.375,0.5,0.0,48.50560897435898,61.11662650522155,56.830690734805344,53.60834,XGBoost,53.60834,68.60834
69_670,69.0,670,8,건식,적음,187.042,0.25,0.625,17.90625,74.88,80.0,45.99,18.581,무충전 완주,0,76.41826923076924,0.125,0.25,0.5,0.0,0.125,0.125,0.75,0.0,0.125,61.41826923076924,66.8730036897907,65.98078703703706,65.25661,XGBoost,65.25661,80.25661
69_671,69.0,671,8,건식,보통,187.042,0.5,1.25,26.5125,74.88,80.0,74.844,30.0,중간 충전 후 완주,1,90.0,0.25,0.0,0.5,0.25,0.0,0.125,0.375,0.25,0.25,99.95192307692308,84.33187556572472,93.68152599715108,90.86896,XGBoost,90.86896,90.0
69_672,69.0,672,8,물걸레,많음,187.041,0.25,0.5,11.4,74.88,80.0,57.363,30.0,중간 충전 후 완주,1,90.0,0.0,0.125,0.625,0.125,0.125,0.0,0.5,0.5,0.0,76.60657051282051,78.17610425141622,79.66085737179489,76.68909,XGBoost,76.68909,90.0
69_674,69.0,674,8,물걸레,보통,187.04,0.5,0.625,16.60625,74.88,80.0,61.283,30.0,중간 충전 후 완주,1,90.0,0.0,0.5,0.25,0.125,0.125,0.0,0.625,0.25,0.125,81.84161324786325,78.386888087278,78.32540954415965,79.77421,XGBoost,79.77421,90.0
69_681,69.0,681,8,물걸레,적음,187.041,0.375,0.625,12.25,74.88,80.0,33.546,35.201,무충전 완주,0,59.79967948717949,0.0,0.125,0.5,0.125,0.25,0.0,0.375,0.625,0.0,44.79967948717949,62.815909872271746,53.995299145299164,56.20143,XGBoost,56.20143,71.20143
69_682,69.0,682,8,물걸레,보통,187.042,0.375,0.625,17.90625,74.88,80.0,58.772,30.0,중간 충전 후 완주,1,90.0,0.125,0.375,0.375,0.0,0.125,0.125,0.75,0.0,0.125,78.48824786324786,79.16526370979761,76.80404202279206,79.14512,XGBoost,79.14512,90.0
69_688,69.0,688,8,물걸레,보통,187.04,0.5,0.75,15.7,74.88,80.0,49.76,30.0,중간 충전 후 완주,1,81.45299145299145,0.25,0.625,0.125,0.0,0.0,0.25,0.5,0.25,0.0,66.45299145299145,72.92885000889805,75.41676905270671,71.49688,XGBoost,71.49688,86.49688
69_69,69.0,69,8,물걸레,적음,187.042,0.5,0.5,12.7,74.88,80.0,35.057,33.182,무충전 완주,0,61.81757478632479,0.125,0.375,0.5,0.0,0.0,0.125,0.625,0.25,0.0,46.81757478632479,63.0664749649711,60.07418536324785,57.105072,XGBoost,57.105072,72.10507
69_692,69.0,692,8,물걸레,많음,187.041,0.625,0.625,12.25,74.88,80.0,61.757,30.0,중간 충전 후 완주,1,90.0,0.0,0.125,0.75,0.0,0.125,0.0,0.375,0.625,0.0,82.47462606837607,82.20751028698103,86.74637197293453,84.849266,XGBoost,84.849266,90.0
69_693,69.0,693,8,건식,보통,187.041,0.875,1.25,26.5125,74.88,80.0,58.708,30.0,중간 충전 후 완주,1,90.0,0.375,0.25,0.375,0.0,0.0,0.125,0.375,0.25,0.25,78.40277777777777,85.391573867105,96.503044871795,90.546646,XGBoost,90.546646,90.0
69_694,69.0,694,8,물걸레,적음,187.042,0.25,0.375,14.90625,74.88,80.0,38.193,28.994,무충전 완주,0,66.00560897435898,0.125,0.125,0.75,0.0,0.0,0.0,0.875,0.0,0.125,51.00560897435897,67.59438425360409,59.48778490028485,66.702705,XGBoost,66.702705,81.702705
69_697,69.0,697,8,물걸레,적음,187.041,0.25,0.75,14.4,74.88,80.0,40.058,26.503,무충전 완주,0,68.49626068376068,0.125,0.0,0.625,0.125,0.125,0.125,0.375,0.5,0.0,53.49626068376069,63.51098313901797,56.72307247151001,59.400772,XGBoost,59.400772,74.40077
69_701,69.0,701,8,건식,적음,187.041,0.375,0.875,20.90625,74.88,80.0,48.447,15.3,무충전 완주,0,79.69951923076924,0.25,0.25,0.375,0.0,0.125,0.25,0.625,0.0,0.125,64.69951923076924,71.68870080797758,68.45164262820522,68.500114,XGBoost,68.500114,83.500114
69_705,69.0,705,8,물걸레,보통,187.041,0.75,1.25,20.4,74.88,80.0,61.999,30.0,중간 충전 후 완주,1,90.0,0.125,0.0,0.375,0.375,0.125,0.375,0.125,0.5,0.0,82.79780982905983,81.27394567217942,81.89067396723645,79.191956,XGBoost,79.191956,90.0
69_707,69.0,707,8,물걸레,많음,187.042,0.375,0.625,13.55,74.88,80.0,60.666,30.0,중간 충전 후 완주,1,90.0,0.125,0.125,0.625,0.0,0.125,0.125,0.5,0.375,0.0,81.0176282051282,81.70235168704423,82.65506588319093,83.74209,XGBoost,83.74209,90.0
69_709,69.0,709,8,물걸레,많음,187.041,0.25,1.0,17.4,74.88,80.0,69.741,30.0,중간 충전 후 완주,1,90.0,0.125,0.0,0.375,0.25,0.25,0.25,0.25,0.5,0.0,93.13701923076924,86.02260923355124,91.84375000000007,91.60766,XGBoost,91.60766,90.0
69_713,69.0,713,8,건식,적음,187.04,0.125,0.625,13.55,74.88,80.0,29.346,40.81,무충전 완주,0,54.19070512820513,0.125,0.125,0.5,0.125,0.125,0.125,0.5,0.375,0.0,39.19070512820513,56.512075892211435,54.84627594627594,51.4613,XGBoost,51.4613,66.4613
69_717,69.0,717,8,물걸레,적음,187.042,0.625,1.0,17.4,74.88,80.0,50.179,30.0,중간 충전 후 완주,1,82.01255341880342,0.25,0.25,0.375,0.0,0.125,0.25,0.25,0.5,0.0,67.01255341880342,69.89660966901084,68.93385861823367,66.820076,XGBoost,66.820076,81.820076
69_718,69.0,718,8,건식,보통,187.041,0.625,1.0,17.4,74.88,80.0,48.637,15.047,무충전 완주,0,79.95325854700855,0.125,0.25,0.25,0.125,0.25,0.25,0.25,0.5,0.0,64.95325854700855,70.69928596349592,64.28977029914516,66.52541,XGBoost,66.52541,81.52541
69_720,69.0,720,8,물걸레,보통,187.043,0.125,0.75,14.4,74.88,80.0,44.476,20.604,무충전 완주,0,74.39636752136752,0.125,0.0,0.5,0.0,0.375,0.125,0.375,0.5,0.0,59.39636752136752,67.60014093480045,69.80638799857547,69.21325,XGBoost,69.21325,84.21325
69_728,69.0,728,8,건식,적음,187.042,0.875,1.125,24.3625,74.88,80.0,51.465,30.0,중간 충전 후 완주,1,83.72996794871796,0.125,0.125,0.625,0.125,0.0,0.0,0.375,0.375,0.25,68.72996794871796,77.44008458332637,75.66667111823371,73.86067,XGBoost,73.86067,88.86067
69_730,69.0,730,8,물걸레,많음,187.041,0.375,0.375,11.85,74.88,80.0,59.931,30.0,중간 충전 후 완주,1,90.0,0.0,0.25,0.625,0.0,0.125,0.125,0.75,0.125,0.0,80.0360576923077,79.92504379711777,85.11331463675212,80.494675,XGBoost,80.494675,90.0
69_734,69.0,734,8,건식,보통,187.042,0.5,1.125,22.60625,74.88,80.0,64.768,30.0,중간 충전 후 완주,1,90.0,0.25,0.0,0.5,0.25,0.0,0.25,0.375,0.25,0.125,86.4957264957265,81.0339647173902,84.38234953703703,82.33254,XGBoost,82.33254,90.0
69_747,69.0,747,8,물걸레,많음,187.041,0.75,0.625,12.25,74.88,80.0,69.677,30.0,중간 충전 후 완주,1,90.0,0.0,0.25,0.625,0.0,0.125,0.0,0.375,0.625,0.0,93.05154914529916,82.66069825366438,84.14438657407415,84.587944,XGBoost,84.587944,90.0
69_752,69.0,752,8,물걸레,많음,187.041,0.625,1.25,24.75625,74.88,80.0,78.037,30.0,중간 충전 후 완주,1,90.0,0.25,0.25,0.25,0.25,0.0,0.375,0.375,0.125,0.125,104.21607905982908,103.18322142679298,119.68457532051283,118.10234,XGBoost,118.10234,90.0
69_753,69.0,753,8,건식,많음,187.041,0.125,0.25,9.7,74.88,80.0,52.593,30.0,중간 충전 후 완주,1,85.23637820512822,0.0,0.125,0.75,0.125,0.0,0.0,0.75,0.25,0.0,70.23637820512822,69.96386933100695,61.442289886039944,57.359066,XGBoost,57.359066,72.35907
69_76,69.0,76,8,건식,적음,187.042,0.25,0.75,14.4,74.88,80.0,37.617,29.764,무충전 완주,0,65.2363782051282,0.0,0.125,0.25,0.25,0.375,0.125,0.375,0.5,0.0,50.236378205128204,59.142407080381346,56.15575550510449,53.307076,XGBoost,53.307076,68.307076
69_769,69.0,769,8,건식,많음,187.041,0.5,1.0,20.45625,74.88,80.0,86.728,30.0,중간 충전 후 완주,1,90.0,0.125,0.0,0.625,0.25,0.0,0.125,0.375,0.375,0.125,115.82264957264958,91.2662100361719,97.98601762820529,98.082016,XGBoost,98.082016,90.0
69_771,69.0,771,8,건식,적음,187.042,0.375,1.0,20.45625,74.88,80.0,44.727,20.268,무충전 완주,0,74.73157051282051,0.125,0.125,0.375,0.125,0.25,0.125,0.375,0.375,0.125,59.73157051282051,72.1170386879056,64.7912482193732,63.03944,XGBoost,63.03944,78.039444
69_777,69.0,777,8,물걸레,많음,187.041,0.5,0.625,16.60625,74.88,80.0,63.587,30.0,중간 충전 후 완주,1,90.0,0.0,0.125,0.625,0.25,0.0,0.0,0.625,0.25,0.125,84.91853632478633,90.83067981734419,102.55495014245018,98.97921,XGBoost,98.97921,90.0
69_779,69.0,779,8,물걸레,적음,187.042,0.125,0.75,17.0,74.88,80.0,37.219,30.295,무충전 완주,0,64.70486111111111,0.25,0.25,0.375,0.0,0.125,0.375,0.625,0.0,0.0,49.704861111111114,66.63069819863873,65.04128828347574,69.84541,XGBoost,69.84541,84.84541
69_784,69.0,784,8,건식,보통,187.04,0.5,1.5,27.75625,74.88,80.0,59.489,30.0,중간 충전 후 완주,1,90.0,0.375,0.125,0.125,0.125,0.25,0.5,0.25,0.125,0.125,79.44577991452991,87.75964584948545,90.31732549857551,86.66762,XGBoost,86.66762,90.0
69_785,69.0,785,8,물걸레,많음,187.041,0.375,0.75,15.7,74.88,80.0,58.385,30.0,중간 충전 후 완주,1,90.0,0.25,0.375,0.375,0.0,0.0,0.25,0.5,0.25,0.0,77.97142094017094,83.82259718131408,88.98777599715093,91.070816,XGBoost,91.070816,90.0
69_793,69.0,793,8,물걸레,보통,187.041,0.5,0.875,16.55,74.88,80.0,55.212,30.0,중간 충전 후 완주,1,88.73397435897436,0.0,0.5,0.0,0.125,0.375,0.25,0.375,0.375,0.0,73.73397435897436,74.63256998194802,77.7636351495727,73.79711,XGBoost,73.79711,88.79711
69_795,69.0,795,8,물걸레,적음,187.041,0.625,1.875,37.71875,74.88,80.0,61.417,30.0,중간 충전 후 완주,1,90.0,0.625,0.0,0.25,0.125,0.0,0.375,0.25,0.0,0.375,82.02056623931625,97.91271310653846,126.16830484330487,122.50637,XGBoost,122.50637,90.0
69_797,69.0,797,8,건식,적음,187.041,0.25,0.75,14.4,74.88,80.0,35.94,32.003,무충전 완주,0,62.996794871794876,0.125,0.0,0.625,0.125,0.125,0.125,0.375,0.5,0.0,47.996794871794876,58.17939534955633,54.97809383903139,52.533325,XGBoost,52.533325,67.533325
69_809,69.0,809,8,물걸레,적음,187.042,0.875,1.375,24.30625,74.88,80.0,66.992,30.0,중간 충전 후 완주,1,90.0,0.125,0.0,0.5,0.25,0.125,0.25,0.125,0.5,0.125,89.46581196581198,85.57821229719067,80.81450765669513,78.993546,XGBoost,78.993546,90.0
69_81,69.0,81,8,물걸레,많음,187.041,0.5,0.5,11.4,74.88,80.0,59.392,30.0,중간 충전 후 완주,1,90.0,0.0,0.125,0.625,0.0,0.25,0.0,0.5,0.5,0.0,79.31623931623932,80.08493049762012,86.02537393162389,78.67551,XGBoost,78.67551,90.0
69_816,69.0,816,8,건식,보통,187.04,0.875,1.125,24.3625,74.88,80.0,74.724,30.0,중간 충전 후 완주,1,90.0,0.25,0.375,0.25,0.0,0.125,0.0,0.375,0.375,0.25,99.79166666666669,82.2105063987971,91.84572649572664,88.58609,XGBoost,88.58609,90.0
69_817,69.0,817,8,건식,보통,187.041,0.625,0.875,15.25,74.88,80.0,59.464,30.0,중간 충전 후 완주,1,90.0,0.125,0.125,0.625,0.125,0.0,0.125,0.25,0.625,0.0,79.41239316239317,66.61357842556018,62.19445779914526,61.416424,XGBoost,61.416424,76.41643
69_819,69.0,819,8,물걸레,많음,187.042,0.75,1.5,27.75625,74.88,80.0,81.202,30.0,중간 충전 후 완주,1,90.0,0.5,0.125,0.25,0.0,0.125,0.5,0.25,0.125,0.125,108.44284188034187,106.86265702629342,132.50148682336163,131.85028,XGBoost,131.85028,90.0
69_821,69.0,821,8,물걸레,보통,187.041,0.25,0.75,14.4,74.88,80.0,46.638,17.716,무충전 완주,0,77.28365384615385,0.125,0.375,0.25,0.25,0.0,0.125,0.375,0.5,0.0,62.283653846153854,68.99469947785025,69.23534099002842,68.84284,XGBoost,68.84284,83.84284
69_826,69.0,826,8,물걸레,많음,187.041,0.375,1.0,18.7,74.88,80.0,73.983,30.0,중간 충전 후 완주,1,90.0,0.375,0.25,0.375,0.0,0.0,0.375,0.375,0.25,0.0,98.80208333333334,89.12877186768611,92.58538105413098,95.7629,XGBoost,95.7629,90.0
69_83,69.0,83,8,건식,많음,187.04,0.25,0.625,13.55,74.88,80.0,67.223,30.0,중간 충전 후 완주,1,90.0,0.125,0.125,0.625,0.125,0.0,0.125,0.5,0.375,0.0,89.77430555555556,75.29626120606453,73.14621171652428,72.4049,XGBoost,72.4049,87.4049
69_833,69.0,833,8,물걸레,많음,187.041,0.25,0.875,19.60625,74.88,80.0,87.681,30.0,중간 충전 후 완주,1,90.0,0.125,0.25,0.25,0.25,0.125,0.125,0.5,0.25,0.125,117.09535256410257,93.95807723301745,94.45175540123456,99.63902,XGBoost,99.63902,90.0
69_84,69.0,84,8,건식,많음,187.041,0.125,0.625,14.85,74.88,80.0,57.145,30.0,중간 충전 후 완주,1,90.0,0.125,0.0,0.625,0.25,0.0,0.25,0.625,0.125,0.0,76.31543803418805,76.75563801525456,84.97619301994318,77.05846,XGBoost,77.05846,90.0
69_841,69.0,841,8,물걸레,적음,187.041,1.0,0.75,13.100000000000001,74.88,80.0,51.499,30.0,중간 충전 후 완주,1,83.77537393162395,0.0,0.25,0.5,0.125,0.125,0.0,0.25,0.75,0.0,68.77537393162395,66.11585659341962,63.04314013532784,61.190697,XGBoost,61.190697,76.1907
69_842,69.0,842,8,건식,많음,187.041,0.625,0.75,17.45625,74.88,80.0,59.435,30.0,중간 충전 후 완주,1,90.0,0.125,0.25,0.5,0.125,0.0,0.0,0.5,0.375,0.125,79.37366452991454,86.90279611850912,92.50798462725542,91.387505,XGBoost,91.387505,90.0
69_843,69.0,843,8,건식,보통,187.041,0.25,0.75,13.100000000000001,74.88,80.0,35.421,32.696,무충전 완주,0,62.3036858974359,0.0,0.125,0.25,0.375,0.25,0.0,0.25,0.75,0.0,47.3036858974359,63.479312455243594,55.07996349715105,54.611214,XGBoost,54.611214,69.61121
69_848,69.0,848,8,건식,보통,187.042,0.5,0.5,12.7,74.88,80.0,53.507,30.0,중간 충전 후 완주,1,86.45699786324786,0.125,0.125,0.75,0.0,0.0,0.125,0.625,0.25,0.0,71.45699786324786,63.16143214097815,57.47033920940164,56.59616,XGBoost,56.59616,71.59616
69_863,69.0,863,8,건식,보통,187.041,0.625,1.25,22.15625,74.88,80.0,47.827,16.128,무충전 완주,0,78.87152777777777,0.125,0.0,0.375,0.375,0.125,0.125,0.125,0.625,0.125,63.87152777777778,81.38484660754449,80.9699163105413,77.63616,XGBoost,77.63616,90.0
69_865,69.0,865,8,물걸레,적음,187.042,0.375,0.75,14.4,74.88,80.0,46.498,17.903,무충전 완주,0,77.09668803418802,0.125,0.25,0.25,0.25,0.125,0.125,0.375,0.5,0.0,62.09668803418803,64.75360950639332,62.019021100427395,58.068855,XGBoost,58.068855,73.068855
69_868,69.0,868,8,건식,많음,187.042,0.25,0.75,17.45625,74.88,80.0,61.488,30.0,중간 충전 후 완주,1,90.0,0.125,0.125,0.375,0.125,0.25,0.0,0.5,0.375,0.125,82.11538461538463,83.60377557079792,84.73181416191852,85.034386,XGBoost,85.034386,90.0
69_870,69.0,870,8,물걸레,보통,187.042,0.5,1.375,24.30625,74.88,80.0,71.737,30.0,중간 충전 후 완주,1,90.0,0.375,0.125,0.375,0.0,0.125,0.25,0.125,0.5,0.125,95.80261752136752,87.35882231570149,87.89684829059837,86.23891,XGBoost,86.23891,90.0
69_875,69.0,875,8,건식,보통,187.04,0.625,0.875,19.60625,74.88,80.0,51.713,30.0,중간 충전 후 완주,1,84.06116452991454,0.125,0.25,0.5,0.125,0.0,0.125,0.5,0.25,0.125,69.06116452991454,77.7972800182719,78.35272881054132,72.72191,XGBoost,72.72191,87.72191
69_884,69.0,884,8,건식,많음,187.042,1.125,1.25,20.4,74.88,80.0,82.691,30.0,중간 충전 후 완주,1,90.0,0.0,0.0,0.625,0.25,0.125,0.375,0.125,0.5,0.0,110.43135683760686,90.71488743373948,104.59909633190877,102.229324,XGBoost,102.229324,90.0
69_891,69.0,891,8,건식,많음,187.043,0.625,1.0,21.75625,74.88,80.0,94.145,29.329,중간 충전 후 완주,1,90.0,0.125,0.375,0.125,0.25,0.125,0.25,0.5,0.125,0.125,125.72783119658119,93.2456591321248,101.68010594729354,104.1706,XGBoost,104.1706,90.0
69_895,69.0,895,8,건식,적음,187.041,0.125,0.375,11.85,74.88,80.0,38.891,28.063,무충전 완주,0,66.93776709401709,0.125,0.125,0.75,0.0,0.0,0.125,0.75,0.125,0.0,51.9377670940171,54.058934874214046,48.83225160256421,48.364788,XGBoost,48.364788,63.364788
69_896,69.0,896,8,물걸레,많음,187.041,0.625,1.125,18.25,74.88,80.0,80.817,30.0,중간 충전 후 완주,1,90.0,0.125,0.125,0.25,0.25,0.25,0.25,0.125,0.625,0.0,107.9286858974359,89.89978813494139,102.44907852564107,100.75997,XGBoost,100.75997,90.0
69_898,69.0,898,8,건식,적음,187.041,0.375,1.25,23.45625,74.88,80.0,49.488,30.0,중간 충전 후 완주,1,81.08974358974359,0.25,0.125,0.25,0.25,0.125,0.25,0.25,0.375,0.125,66.08974358974359,76.62198966153517,72.43538105413108,74.47809,XGBoost,74.47809,89.47809
69_9,69.0,9,8,물걸레,보통,187.043,0.625,0.875,17.85,74.88,80.0,63.767,30.0,중간 충전 후 완주,1,90.0,0.125,0.375,0.25,0.25,0.0,0.375,0.5,0.125,0.0,85.15892094017094,75.86057006437323,78.34807692307685,73.80167,XGBoost,73.80167,88.80167
69_910,69.0,910,8,건식,적음,187.042,0.5,0.5,11.4,74.88,80.0,37.611,29.772,무충전 완주,0,65.22836538461539,0.0,0.25,0.625,0.0,0.125,0.0,0.5,0.5,0.0,50.22836538461538,55.712199762909705,51.8601807336182,50.30032,XGBoost,50.30032,65.30032
69_914,69.0,914,8,물걸레,많음,187.041,0.5,0.875,17.85,74.88,80.0,63.725,30.0,중간 충전 후 완주,1,90.0,0.0,0.25,0.25,0.25,0.25,0.375,0.5,0.125,0.0,85.1028311965812,88.5698744412276,98.66045079534662,99.39807,XGBoost,99.39807,90.0
69_920,69.0,920,8,물걸레,많음,187.042,1.125,1.375,27.3625,74.88,80.0,106.369,30.0,중간 충전 후 완주,2,90.0,0.25,0.125,0.5,0.125,0.0,0.125,0.25,0.375,0.25,142.05261752136752,105.66186427011405,139.58575943732203,139.21663,XGBoost,139.21663,90.0
69_925,69.0,925,8,물걸레,적음,187.041,0.5,0.875,16.55,74.88,80.0,48.47,15.27,무충전 완주,0,79.73023504273505,0.125,0.25,0.25,0.0,0.375,0.25,0.375,0.375,0.0,64.73023504273505,68.65729374449324,68.63082710113966,65.70743,XGBoost,65.70743,80.70743
69_931,69.0,931,8,물걸레,많음,187.042,0.5,1.25,23.45625,74.88,80.0,94.262,29.173,중간 충전 후 완주,1,90.0,0.25,0.125,0.25,0.375,0.0,0.25,0.25,0.375,0.125,125.8840811965812,100.19183166445444,124.29028668091172,120.62308,XGBoost,120.62308,90.0
69_932,69.0,932,8,건식,많음,187.042,0.5,0.375,11.85,74.88,80.0,53.579,30.0,중간 충전 후 완주,1,86.55315170940172,0.0,0.25,0.625,0.0,0.125,0.125,0.75,0.125,0.0,71.55315170940172,74.88805259862231,67.83935185185169,69.25825,XGBoost,69.25825,84.25825
69_937,69.0,937,8,건식,보통,187.041,0.5,0.5,11.4,74.88,80.0,38.05,29.186,무충전 완주,0,65.81463675213675,0.0,0.25,0.625,0.0,0.125,0.0,0.5,0.5,0.0,50.81463675213676,62.39959301467757,55.30781695156693,55.67332,XGBoost,55.67332,70.673325
69_955,69.0,955,8,물걸레,적음,187.041,0.875,1.75,32.5125,74.88,80.0,74.53,30.0,중간 충전 후 완주,1,90.0,0.375,0.125,0.125,0.125,0.25,0.375,0.125,0.25,0.25,99.53258547008548,94.49070968136348,107.03658297720808,102.90077,XGBoost,102.90077,90.0
69_959,69.0,959,8,건식,적음,187.04,0.125,0.375,10.55,74.88,80.0,36.973,30.623,무충전 완주,0,64.37633547008548,0.0,0.0,0.75,0.0,0.25,0.0,0.625,0.375,0.0,49.37633547008547,53.043062015995815,47.03793180199429,46.09931,XGBoost,46.09931,61.09931
69_963,69.0,963,8,건식,적음,187.041,0.625,1.25,26.5125,74.88,80.0,54.02,30.0,중간 충전 후 완주,1,87.14209401709402,0.375,0.375,0.125,0.125,0.0,0.125,0.375,0.25,0.25,72.14209401709402,77.78085131132234,74.54707086894578,69.64875,XGBoost,69.64875,84.64875
69_974,69.0,974,8,물걸레,많음,187.041,0.375,0.25,9.7,74.88,80.0,51.131,30.0,중간 충전 후 완주,1,83.28392094017094,0.0,0.5,0.5,0.0,0.0,0.0,0.75,0.25,0.0,68.28392094017094,77.43699948640133,70.86358618233625,72.717606,XGBoost,72.717606,87.717606
69_986,69.0,986,8,건식,많음,187.041,0.75,1.375,27.3625,74.88,80.0,89.316,30.0,중간 충전 후 완주,1,90.0,0.25,0.0,0.5,0.125,0.125,0.125,0.25,0.375,0.25,119.27884615384616,99.27754256883918,138.61264245014254,125.964775,XGBoost,125.964775,90.0
69_989,69.0,989,8,건식,적음,187.042,0.375,0.625,16.60625,74.88,80.0,42.169,23.684,무충전 완주,0,71.31543803418803,0.125,0.25,0.5,0.125,0.0,0.0,0.625,0.25,0.125,56.315438034188034,66.40945993999054,59.81023860398866,59.920845,XGBoost,59.920845,74.920845
69_99,69.0,99,8,건식,많음,187.041,0.375,1.25,20.4,74.88,80.0,82.611,30.0,중간 충전 후 완주,1,90.0,0.25,0.0,0.375,0.125,0.25,0.375,0.125,0.5,0.0,110.32451923076924,85.45971909635276,90.05560007122516,88.07101,XGBoost,88.07101,90.0
69_995,69.0,995,8,건식,많음,187.041,0.25,0.25,9.7,74.88,80.0,53.993,30.0,중간 충전 후 완주,1,87.10603632478633,0.0,0.625,0.25,0.125,0.0,0.0,0.75,0.25,0.0,72.10603632478633,71.4766789838929,63.85910345441595,63.271423,XGBoost,63.271423,78.27142
69_999,69.0,999,8,건식,많음,187.041,0.75,1.25,20.4,74.88,80.0,72.955,30.0,중간 충전 후 완주,1,90.0,0.125,0.125,0.25,0.125,0.375,0.375,0.125,0.5,0.0,97.42922008547009,88.22262243948487,100.674126009022,97.939354,XGBoost,97.939354,90.0
72_113,72.0,113,8,물걸레,적음,195.174,0.25,0.25,9.7,74.88,80.0,35.395,32.731,무충전 완주,0,62.26896367521368,0.0,0.375,0.5,0.0,0.125,0.0,0.75,0.25,0.0,47.26896367521368,61.74221636284143,47.59881254451587,48.363148,XGBoost,48.363148,63.363148
72_116,72.0,116,8,물걸레,많음,195.173,0.25,0.375,10.55,74.88,80.0,71.811,30.0,중간 충전 후 완주,1,90.0,0.0,0.125,0.625,0.125,0.125,0.0,0.625,0.375,0.0,95.90144230769232,80.07269256323482,74.73413461538463,77.59584,XGBoost,77.59584,90.0
72_125,72.0,125,8,건식,적음,195.173,0.375,0.5,12.7,74.88,80.0,42.815,22.821,무충전 완주,0,72.17815170940172,0.0,0.125,0.75,0.125,0.0,0.125,0.625,0.25,0.0,57.17815170940172,60.241346572903446,54.53506165420237,55.028557,XGBoost,55.028557,70.02856
72_127,72.0,127,8,물걸레,적음,195.173,0.625,1.0,17.4,74.88,80.0,54.44,30.0,중간 충전 후 완주,1,87.70299145299145,0.125,0.25,0.25,0.25,0.125,0.25,0.25,0.5,0.0,72.70299145299145,73.82560442168796,73.69881143162388,69.55571,XGBoost,69.55571,84.55571
72_130,72.0,130,8,건식,보통,195.175,0.5,1.0,17.4,74.88,80.0,53.194,30.0,중간 충전 후 완주,1,86.03899572649574,0.125,0.125,0.375,0.0,0.375,0.25,0.25,0.5,0.0,71.03899572649574,72.97051415269075,71.43189473528015,71.72092,XGBoost,71.72092,86.72092
72_132,72.0,132,8,건식,보통,195.174,0.625,0.75,15.7,74.88,80.0,56.189,30.0,중간 충전 후 완주,1,90.0,0.0,0.25,0.5,0.0,0.25,0.25,0.5,0.25,0.0,75.03872863247864,71.96438079793894,64.35319177350418,68.452286,XGBoost,68.452286,83.452286
72_133,72.0,133,8,물걸레,적음,195.173,0.375,0.75,14.4,74.88,80.0,47.747,16.235,무충전 완주,0,78.76469017094018,0.125,0.125,0.625,0.125,0.0,0.125,0.375,0.5,0.0,63.76469017094018,67.50883362800688,56.33983685007113,60.003483,XGBoost,60.003483,75.00348
72_136,72.0,136,8,물걸레,적음,195.174,0.375,0.625,12.25,74.88,80.0,47.733,16.253,무충전 완주,0,78.74599358974359,0.0,0.125,0.5,0.375,0.0,0.0,0.375,0.625,0.0,63.74599358974359,65.08793879623131,55.59960047186614,54.838615,XGBoost,54.838615,69.838615
72_137,72.0,137,8,건식,적음,195.173,0.5,1.25,24.75625,74.88,80.0,56.262,30.0,중간 충전 후 완주,1,90.0,0.375,0.25,0.25,0.0,0.125,0.375,0.375,0.125,0.125,75.13621794871796,82.04746228122595,74.42277866809117,75.4932,XGBoost,75.4932,90.0
72_142,72.0,142,8,건식,적음,195.173,0.5,0.375,10.55,74.88,80.0,30.347,39.472,무충전 완주,0,55.52751068376069,0.0,0.375,0.5,0.125,0.0,0.0,0.625,0.375,0.0,40.52751068376069,58.82160081702925,54.535376602564206,52.5116,XGBoost,52.5116,67.5116
72_143,72.0,143,8,건식,많음,195.174,0.5,0.25,9.7,74.88,80.0,62.857,30.0,중간 충전 후 완주,1,90.0,0.0,0.5,0.5,0.0,0.0,0.0,0.75,0.25,0.0,83.94364316239317,75.6480018539144,68.29195601851853,66.251274,XGBoost,66.251274,81.251274
72_144,72.0,144,8,물걸레,많음,195.173,0.75,1.125,18.25,74.88,80.0,69.96,30.0,중간 충전 후 완주,1,90.0,0.0,0.125,0.375,0.25,0.25,0.25,0.125,0.625,0.0,93.42948717948718,93.26562399978015,100.27750178062675,105.845436,XGBoost,105.845436,90.0
72_156,72.0,156,8,물걸레,적음,195.175,0.375,0.875,15.25,74.88,80.0,47.117,17.076,무충전 완주,0,77.92334401709402,0.0,0.125,0.375,0.5,0.0,0.125,0.25,0.625,0.0,62.92334401709402,68.86860358316349,59.35212562321935,62.04938,XGBoost,62.04938,77.04938
72_16,72.0,16,8,물걸레,보통,195.173,0.375,0.5,11.4,74.88,80.0,38.891,28.063,무충전 완주,0,66.93776709401709,0.0,0.125,0.75,0.125,0.0,0.0,0.5,0.5,0.0,51.9377670940171,69.56617131500477,62.01518874643871,66.67158,XGBoost,66.67158,81.67158
72_172,72.0,172,8,건식,적음,195.173,0.875,1.25,23.45625,74.88,80.0,53.673,30.0,중간 충전 후 완주,1,86.6786858974359,0.125,0.375,0.0,0.125,0.375,0.25,0.25,0.375,0.125,71.6786858974359,81.56562798975894,83.07157229344732,81.2681,XGBoost,81.2681,90.0
72_186,72.0,186,8,건식,많음,195.174,0.875,0.625,12.25,74.88,80.0,64.403,30.0,중간 충전 후 완주,1,90.0,0.0,0.25,0.625,0.0,0.125,0.0,0.375,0.625,0.0,86.00827991452992,80.87170062117742,74.83658297720794,79.39845,XGBoost,79.39845,90.0
72_189,72.0,189,8,건식,많음,195.174,0.625,0.5,11.4,74.88,80.0,51.401,30.0,중간 충전 후 완주,1,83.64449786324786,0.0,0.375,0.625,0.0,0.0,0.0,0.5,0.5,0.0,68.64449786324786,78.84663555335334,72.48395655270647,72.479195,XGBoost,72.479195,87.479195
72_199,72.0,199,8,물걸레,많음,195.175,0.5,0.625,17.90625,74.88,80.0,80.62,30.0,중간 충전 후 완주,1,90.0,0.0,0.375,0.375,0.25,0.0,0.125,0.75,0.0,0.125,107.6655982905983,96.13471605942846,106.01593660968643,108.22992,XGBoost,108.22992,90.0
72_2,72.0,2,8,건식,보통,195.174,0.875,0.75,14.4,74.88,80.0,54.668,30.0,중간 충전 후 완주,1,88.00747863247864,0.0,0.125,0.75,0.125,0.0,0.125,0.375,0.5,0.0,73.00747863247864,70.93664208222229,66.30330306267807,70.03062,XGBoost,70.03062,85.03062
72_200,72.0,200,8,건식,보통,195.174,1.125,1.0,17.4,74.88,80.0,55.189,30.0,중간 충전 후 완주,1,88.70325854700856,0.0,0.25,0.5,0.25,0.0,0.25,0.25,0.5,0.0,73.70325854700856,76.42650730942779,74.81294812440652,77.84473,XGBoost,77.84473,90.0
72_203,72.0,203,8,물걸레,보통,195.174,0.75,0.375,10.55,74.88,80.0,38.738,28.267,무충전 완주,0,66.73344017094017,0.0,0.375,0.625,0.0,0.0,0.0,0.625,0.375,0.0,51.73344017094017,69.5486481071354,61.01314547720803,64.47671,XGBoost,64.47671,79.47671
72_213,72.0,213,8,건식,적음,195.175,0.875,0.875,19.60625,74.88,80.0,56.155,30.0,중간 충전 후 완주,1,89.99332264957266,0.25,0.25,0.5,0.0,0.0,0.125,0.5,0.25,0.125,74.99332264957266,75.43664631647084,69.26345708689472,69.06237,XGBoost,69.06237,84.06237
72_217,72.0,217,8,건식,많음,195.172,0.5,1.25,27.8125,74.88,80.0,105.511,30.0,중간 충전 후 완주,2,90.0,0.25,0.25,0.25,0.0,0.25,0.25,0.5,0.0,0.25,140.9067841880342,101.30044281511236,120.09565527065521,128.35,XGBoost,128.35,90.0
72_218,72.0,218,8,건식,많음,195.172,0.5,0.375,11.85,74.88,80.0,46.613,17.75,무충전 완주,0,77.25026709401709,0.0,0.5,0.375,0.125,0.0,0.125,0.75,0.125,0.0,62.2502670940171,78.61698835037814,70.84374109686603,69.87499,XGBoost,69.87499,84.87499
72_22,72.0,22,8,물걸레,적음,195.176,0.75,1.25,23.45625,74.88,80.0,75.586,30.0,중간 충전 후 완주,1,90.0,0.25,0.125,0.25,0.125,0.25,0.25,0.25,0.375,0.125,100.94284188034189,85.68848876508724,90.33228276353263,89.48101,XGBoost,89.48101,90.0
72_229,72.0,229,8,건식,많음,195.173,0.875,1.375,22.55,74.88,80.0,80.887,30.0,중간 충전 후 완주,1,90.0,0.375,0.0,0.5,0.0,0.125,0.5,0.125,0.375,0.0,108.02216880341882,94.50254009512238,111.27086894586908,117.056816,XGBoost,117.056816,90.0
72_236,72.0,236,8,건식,많음,195.175,0.75,0.375,10.55,74.88,80.0,54.947,30.0,중간 충전 후 완주,1,88.38007478632478,0.0,0.5,0.375,0.125,0.0,0.0,0.625,0.375,0.0,73.38007478632478,77.63559975595857,73.12605947293456,73.00471,XGBoost,73.00471,88.00471
72_241,72.0,241,8,건식,많음,195.175,0.25,0.625,13.55,74.88,80.0,60.039,30.0,중간 충전 후 완주,1,90.0,0.0,0.125,0.5,0.0,0.375,0.125,0.5,0.375,0.0,80.18028846153847,78.01434170416613,72.72742610398865,74.25769,XGBoost,74.25769,89.25769
72_244,72.0,244,8,건식,적음,195.175,0.375,0.625,13.55,74.88,80.0,41.766,24.222,무충전 완주,0,70.77724358974359,0.0,0.125,0.5,0.125,0.25,0.125,0.5,0.375,0.0,55.777243589743584,60.639595938678255,53.14836204594009,53.017986,XGBoost,53.017986,68.01799
72_247,72.0,247,8,건식,적음,195.174,0.375,0.75,14.4,74.88,80.0,42.622,23.079,무충전 완주,0,71.92040598290598,0.0,0.25,0.375,0.0,0.375,0.125,0.375,0.5,0.0,56.92040598290598,61.98583313426324,54.09350182514239,54.548103,XGBoost,54.548103,69.5481
72_252,72.0,252,8,건식,적음,195.17399999999998,0.375,0.5,12.7,74.88,80.0,37.949,29.32,무충전 완주,0,65.67975427350427,0.0,0.25,0.625,0.0,0.125,0.125,0.625,0.25,0.0,50.67975427350427,59.87636053849571,54.10549100783474,53.728127,XGBoost,53.728127,68.72813
72_254,72.0,254,8,물걸레,적음,195.174,0.5,1.125,22.60625,74.88,80.0,61.055,30.0,중간 충전 후 완주,1,90.0,0.25,0.125,0.375,0.25,0.0,0.25,0.375,0.25,0.125,81.53712606837608,84.44143131008593,88.55232371794855,85.3035,XGBoost,85.3035,90.0
72_255,72.0,255,8,건식,보통,195.173,0.375,0.625,13.55,74.88,80.0,53.026,30.0,중간 충전 후 완주,1,85.81463675213676,0.125,0.25,0.5,0.0,0.125,0.125,0.5,0.375,0.0,70.81463675213676,67.14824780171364,60.00897881054128,60.98566,XGBoost,60.98566,75.98566
72_262,72.0,262,8,건식,보통,195.173,0.625,1.0,20.45625,74.88,80.0,72.512,30.0,중간 충전 후 완주,1,90.0,0.125,0.375,0.25,0.25,0.0,0.125,0.375,0.375,0.125,96.83760683760684,82.06254271638426,78.22004095441604,79.14019,XGBoost,79.14019,90.0
72_283,72.0,283,8,물걸레,보통,195.173,0.5,0.875,19.60625,74.88,80.0,63.231,30.0,중간 충전 후 완주,1,90.0,0.25,0.375,0.375,0.0,0.0,0.125,0.5,0.25,0.125,84.44310897435898,84.17666554175224,73.70482995014248,79.23712,XGBoost,79.23712,90.0
72_290,72.0,290,8,물걸레,적음,195.174,0.625,0.5,11.4,74.88,80.0,43.876,21.405,무충전 완주,0,73.59508547008548,0.0,0.375,0.625,0.0,0.0,0.0,0.5,0.5,0.0,58.59508547008547,66.16521256413654,61.7600160256411,60.200394,XGBoost,60.200394,75.20039
72_297,72.0,297,8,물걸레,적음,195.172,0.25,0.5,15.75625,74.88,80.0,48.806,30.0,중간 충전 후 완주,1,80.17895299145299,0.125,0.125,0.625,0.0,0.125,0.0,0.75,0.125,0.125,65.17895299145299,73.38050661608635,63.79879362535612,64.1773,XGBoost,64.1773,79.1773
72_298,72.0,298,8,건식,보통,195.175,0.875,1.0,20.45625,74.88,80.0,81.379,30.0,중간 충전 후 완주,1,90.0,0.25,0.5,0.25,0.0,0.0,0.125,0.375,0.375,0.125,108.6792200854701,81.8962134968579,80.6132968304844,81.47307,XGBoost,81.47307,90.0
72_3,72.0,3,8,물걸레,보통,195.174,0.375,0.625,12.25,74.88,80.0,49.974,30.0,중간 충전 후 완주,1,81.73878205128206,0.0,0.25,0.5,0.125,0.125,0.0,0.375,0.625,0.0,66.73878205128206,70.4196810127956,63.70349002848999,65.17718,XGBoost,65.17718,80.17718
72_301,72.0,301,8,건식,많음,195.173,0.5,0.625,16.60625,74.88,80.0,62.975,30.0,중간 충전 후 완주,1,90.0,0.125,0.25,0.625,0.0,0.0,0.0,0.625,0.25,0.125,84.10122863247864,87.33421385066521,85.66536458333337,91.47109,XGBoost,91.47109,90.0
72_315,72.0,315,8,건식,적음,195.173,0.875,1.5,29.5125,74.88,80.0,51.752,30.0,중간 충전 후 완주,1,84.11324786324788,0.5,0.125,0.375,0.0,0.0,0.25,0.25,0.25,0.25,69.11324786324788,87.20514526511636,90.06095975783468,87.06553,XGBoost,87.06553,90.0
72_318,72.0,318,8,건식,적음,195.173,0.375,0.5,12.7,74.88,80.0,47.992,15.908,무충전 완주,0,79.09188034188034,0.125,0.375,0.375,0.0,0.125,0.125,0.625,0.25,0.0,64.09188034188034,60.39161519424745,57.204651664886136,53.61162,XGBoost,53.61162,68.61162
72_321,72.0,321,8,건식,많음,195.173,0.625,0.875,19.60625,74.88,80.0,88.414,30.0,중간 충전 후 완주,1,90.0,0.125,0.125,0.5,0.125,0.125,0.125,0.5,0.25,0.125,118.07425213675215,93.4522268803572,95.91392004985754,102.61615,XGBoost,102.61615,90.0
72_322,72.0,322,8,건식,적음,195.17399999999998,0.125,0.5,12.7,74.88,80.0,46.641,17.713,무충전 완주,0,77.28766025641026,0.0,0.25,0.375,0.125,0.25,0.125,0.625,0.25,0.0,62.28766025641026,58.49777090246488,55.505353009259224,55.158394,XGBoost,55.158394,70.158394
72_324,72.0,324,8,물걸레,많음,195.175,0.375,0.375,10.55,74.88,80.0,71.559,30.0,중간 충전 후 완주,1,90.0,0.0,0.375,0.375,0.125,0.125,0.0,0.625,0.375,0.0,95.56490384615385,80.14474494191566,71.05128205128204,74.19242,XGBoost,74.19242,89.19242
72_327,72.0,327,8,물걸레,적음,195.174,0.375,0.75,18.75625,74.88,80.0,55.542,30.0,중간 충전 후 완주,1,89.17467948717949,0.125,0.375,0.25,0.125,0.125,0.125,0.625,0.125,0.125,74.17467948717949,77.1242687441446,73.11514423076926,69.507935,XGBoost,69.507935,84.507935
72_331,72.0,331,8,물걸레,많음,195.174,0.625,1.0,23.5125,74.88,80.0,112.572,30.0,중간 충전 후 완주,2,90.0,0.25,0.25,0.5,0.0,0.0,0.0,0.5,0.25,0.25,150.33653846153848,101.31005356310533,114.93382745726497,122.310684,XGBoost,122.310684,90.0
72_337,72.0,337,8,물걸레,많음,195.174,0.75,1.125,22.60625,74.88,80.0,82.777,30.0,중간 충전 후 완주,1,90.0,0.25,0.125,0.5,0.0,0.125,0.25,0.375,0.25,0.125,110.54620726495727,103.3726033341779,112.06211271367523,119.61378,XGBoost,119.61378,90.0
72_344,72.0,344,8,건식,적음,195.173,0.25,0.5,12.7,74.88,80.0,39.812,26.832,무충전 완주,0,68.16773504273505,0.125,0.25,0.625,0.0,0.0,0.125,0.625,0.25,0.0,53.167735042735046,59.11152166109218,55.93567040598301,54.08745,XGBoost,54.08745,69.08745
72_351,72.0,351,8,건식,보통,195.174,0.375,1.0,17.4,74.88,80.0,46.811,17.486,무충전 완주,0,77.51469017094018,0.25,0.0,0.625,0.0,0.125,0.25,0.25,0.5,0.0,62.51469017094018,71.4000873210077,71.66607460826202,69.91889,XGBoost,69.91889,84.91889
72_352,72.0,352,8,물걸레,적음,195.175,0.5,0.75,14.4,74.88,80.0,37.404,30.048,무충전 완주,0,64.95192307692308,0.0,0.125,0.5,0.125,0.25,0.125,0.375,0.5,0.0,49.95192307692308,68.92066908397459,61.09072293447299,61.931488,XGBoost,61.931488,76.93149
72_354,72.0,354,8,건식,적음,195.174,0.75,0.625,13.55,74.88,80.0,41.463,24.628,무충전 완주,0,70.37259615384616,0.125,0.375,0.5,0.0,0.0,0.125,0.5,0.375,0.0,55.37259615384615,62.81707197243938,57.3887464387466,58.848953,XGBoost,58.848953,73.84895
72_357,72.0,357,8,물걸레,보통,195.174,0.375,0.75,15.7,74.88,80.0,53.919,30.0,중간 충전 후 완주,1,87.00721153846153,0.125,0.0,0.75,0.0,0.125,0.25,0.5,0.25,0.0,72.00721153846153,74.79577584482757,71.23849269943032,73.72238,XGBoost,73.72238,88.72238
72_358,72.0,358,8,물걸레,많음,195.174,0.375,0.625,12.25,74.88,80.0,62.135,30.0,중간 충전 후 완주,1,90.0,0.0,0.125,0.5,0.125,0.25,0.0,0.375,0.625,0.0,82.97943376068376,82.7734307062765,87.98642272079778,83.97852,XGBoost,83.97852,90.0
72_368,72.0,368,8,건식,적음,195.172,0.375,0.75,14.4,74.88,80.0,34.761,33.577,무충전 완주,0,61.42227564102564,0.0,0.25,0.25,0.125,0.375,0.125,0.375,0.5,0.0,46.42227564102564,63.33631611086734,57.5885671147911,54.21735,XGBoost,54.21735,69.21735
72_369,72.0,369,8,건식,보통,195.174,0.25,0.5,12.7,74.88,80.0,45.524,19.204,무충전 완주,0,75.79594017094018,0.125,0.125,0.75,0.0,0.0,0.125,0.625,0.25,0.0,60.79594017094018,64.33684002646432,61.61763265669514,58.718067,XGBoost,58.718067,73.71806
72_379,72.0,379,8,물걸레,많음,195.176,0.5,0.75,15.7,74.88,80.0,64.601,30.0,중간 충전 후 완주,1,90.0,0.125,0.375,0.375,0.125,0.0,0.25,0.5,0.25,0.0,86.272702991453,88.7629456060017,92.94598468660985,91.171135,XGBoost,91.171135,90.0
72_388,72.0,388,8,물걸레,적음,195.174,0.25,0.25,9.7,74.88,80.0,47.793,16.174,무충전 완주,0,78.8261217948718,0.0,0.125,0.875,0.0,0.0,0.0,0.75,0.25,0.0,63.826121794871796,60.957946020748906,47.04489850427369,47.758762,XGBoost,47.758762,62.758762
72_396,72.0,396,8,건식,보통,195.174,0.5,1.25,27.8125,74.88,80.0,98.706,23.238,중간 충전 후 완주,1,90.0,0.375,0.125,0.375,0.125,0.0,0.25,0.5,0.0,0.25,131.81891025641025,89.14993308455747,94.518113425926,99.75733,XGBoost,99.75733,90.0
72_405,72.0,405,8,물걸레,보통,195.173,0.375,1.0,18.7,74.88,80.0,61.744,30.0,중간 충전 후 완주,1,90.0,0.125,0.375,0.125,0.125,0.25,0.375,0.375,0.25,0.0,82.45726495726497,79.41034731201651,80.6089921652422,79.16134,XGBoost,79.16134,90.0
72_413,72.0,413,8,건식,많음,195.174,0.625,1.0,23.5125,74.88,80.0,78.517,30.0,중간 충전 후 완주,1,90.0,0.25,0.125,0.625,0.0,0.0,0.0,0.5,0.25,0.25,104.85710470085469,95.99978338583429,104.85604522792036,106.7435,XGBoost,106.7435,90.0
72_417,72.0,417,8,건식,많음,195.174,0.625,0.25,9.7,74.88,80.0,50.227,30.0,중간 충전 후 완주,1,82.07665598290599,0.0,0.5,0.5,0.0,0.0,0.0,0.75,0.25,0.0,67.07665598290599,74.9989329100139,67.40510594729348,67.77136,XGBoost,67.77136,82.77136
72_434,72.0,434,8,물걸레,적음,195.173,0.5,1.125,21.30625,74.88,80.0,59.595,30.0,중간 충전 후 완주,1,90.0,0.25,0.0,0.625,0.125,0.0,0.125,0.25,0.5,0.125,79.58733974358975,81.42660962362692,76.21010060541312,76.52533,XGBoost,76.52533,90.0
72_443,72.0,443,8,건식,보통,195.175,0.5,0.375,10.55,74.88,80.0,41.189,24.993,무충전 완주,0,70.00667735042737,0.0,0.375,0.5,0.0,0.125,0.0,0.625,0.375,0.0,55.00667735042736,63.91504573849367,53.91672898860385,58.832706,XGBoost,58.832706,73.8327
72_457,72.0,457,8,건식,많음,195.173,0.75,0.5,11.4,74.88,80.0,61.684,30.0,중간 충전 후 완주,1,90.0,0.0,0.25,0.75,0.0,0.0,0.0,0.5,0.5,0.0,82.37713675213676,79.52236773232201,70.00014690170939,73.079025,XGBoost,73.079025,88.079025
72_467,72.0,467,8,건식,적음,195.173,0.625,0.875,16.55,74.88,80.0,42.787,22.859,무충전 완주,0,72.14075854700855,0.125,0.0,0.75,0.125,0.0,0.25,0.375,0.375,0.0,57.14075854700855,67.84793767120966,64.59420851139606,62.324585,XGBoost,62.324585,77.324585
72_473,72.0,473,8,물걸레,많음,195.174,0.5,0.5,15.75625,74.88,80.0,67.905,30.0,중간 충전 후 완주,1,90.0,0.125,0.125,0.75,0.0,0.0,0.0,0.75,0.125,0.125,90.68509615384616,92.0462669424924,95.79063835470065,94.86133,XGBoost,94.86133,90.0
72_474,72.0,474,8,건식,많음,195.174,0.625,0.75,17.45625,74.88,80.0,76.612,30.0,중간 충전 후 완주,1,90.0,0.125,0.375,0.375,0.0,0.125,0.0,0.5,0.375,0.125,102.3130341880342,89.78580365010262,98.6026200651201,96.21687,XGBoost,96.21687,90.0
72_48,72.0,48,8,물걸레,적음,195.173,0.5,0.625,13.55,74.88,80.0,52.891,30.0,중간 충전 후 완주,1,85.6343482905983,0.125,0.375,0.375,0.0,0.125,0.125,0.5,0.375,0.0,70.6343482905983,67.54911381677115,65.91371594551285,61.46999,XGBoost,61.46999,76.469986
72_484,72.0,484,8,건식,보통,195.173,0.625,1.125,21.30625,74.88,80.0,77.233,30.0,중간 충전 후 완주,1,90.0,0.125,0.375,0.125,0.25,0.125,0.125,0.25,0.5,0.125,103.14236111111113,83.35039160477531,83.61844729344737,86.524605,XGBoost,86.524605,90.0
72_487,72.0,487,8,물걸레,많음,195.174,0.25,0.875,16.55,74.88,80.0,74.49,30.0,중간 충전 후 완주,1,90.0,0.25,0.25,0.375,0.125,0.0,0.25,0.375,0.375,0.0,99.47916666666666,87.65598952493553,90.64269052706533,91.92283,XGBoost,91.92283,90.0
72_497,72.0,497,8,물걸레,많음,195.175,0.625,1.5,26.45625,74.88,80.0,98.956,22.905,중간 충전 후 완주,1,90.0,0.25,0.0,0.375,0.375,0.0,0.375,0.125,0.375,0.125,132.15277777777777,107.79347129549035,146.17461716524224,151.34196,XGBoost,151.34196,90.0
72_503,72.0,503,8,건식,보통,195.176,0.5,0.625,13.55,74.88,80.0,36.103,31.786,무충전 완주,0,63.2144764957265,0.0,0.125,0.625,0.125,0.125,0.125,0.5,0.375,0.0,48.2144764957265,66.61477122703624,60.03676103988596,60.374863,XGBoost,60.374863,75.37486
72_510,72.0,510,8,건식,보통,195.173,0.625,1.375,24.30625,74.88,80.0,54.414,30.0,중간 충전 후 완주,1,87.66826923076923,0.25,0.125,0.25,0.0,0.375,0.25,0.125,0.5,0.125,72.66826923076923,87.22679051193025,93.75914351851858,89.335495,XGBoost,89.335495,90.0
72_515,72.0,515,8,물걸레,적음,195.173,1.0,0.875,18.306250000000002,74.88,80.0,41.608,24.434,무충전 완주,0,70.56623931623932,0.0,0.25,0.5,0.125,0.125,0.0,0.375,0.5,0.125,55.56623931623932,80.24830579152626,75.18491363960108,74.81657,XGBoost,74.81657,89.81657
72_518,72.0,518,8,물걸레,많음,195.174,0.625,0.875,15.25,74.88,80.0,70.141,30.0,중간 충전 후 완주,1,90.0,0.125,0.25,0.375,0.125,0.125,0.125,0.25,0.625,0.0,93.67120726495727,87.32436526222226,95.02664707977219,96.367645,XGBoost,96.367645,90.0
72_520,72.0,520,8,건식,보통,195.174,0.5,0.875,18.30625,74.88,80.0,57.809,30.0,중간 충전 후 완주,1,90.0,0.125,0.25,0.25,0.0,0.375,0.0,0.375,0.5,0.125,77.20219017094017,76.33800746464055,72.81766381766376,72.42018,XGBoost,72.42018,87.42018
72_523,72.0,523,8,물걸레,보통,195.175,0.125,0.625,13.55,74.88,80.0,53.075,30.0,중간 충전 후 완주,1,85.8800747863248,0.125,0.375,0.125,0.25,0.125,0.125,0.5,0.375,0.0,70.8800747863248,69.7602952786823,65.67907763532774,66.73752,XGBoost,66.73752,81.73752
72_525,72.0,525,8,건식,많음,195.174,0.25,0.125,8.85,74.88,80.0,48.321,15.469,무충전 완주,0,79.53125,0.0,0.75,0.125,0.0,0.125,0.0,0.875,0.125,0.0,64.53125,71.88470673852386,63.77128294159529,60.36161,XGBoost,60.36161,75.36161
72_53,72.0,53,8,물걸레,보통,195.173,0.5,1.0,20.45625,74.88,80.0,66.034,30.0,중간 충전 후 완주,1,90.0,0.125,0.125,0.375,0.125,0.25,0.125,0.375,0.375,0.125,88.18643162393164,86.50183176073585,92.14171118233632,89.58736,XGBoost,89.58736,90.0
72_535,72.0,535,8,물걸레,적음,195.174,0.375,1.0,17.4,74.88,80.0,63.689,30.0,중간 충전 후 완주,1,90.0,0.125,0.125,0.25,0.25,0.25,0.25,0.25,0.5,0.0,85.05475427350427,71.53087099965505,64.66591880341869,65.8976,XGBoost,65.8976,80.8976
72_538,72.0,538,8,물걸레,보통,195.174,0.25,0.625,13.55,74.88,80.0,50.177,30.0,중간 충전 후 완주,1,82.00988247863249,0.125,0.125,0.625,0.0,0.125,0.125,0.5,0.375,0.0,67.00988247863249,70.72316411381155,68.60593839031337,68.11137,XGBoost,68.11137,83.11137
72_545,72.0,545,8,물걸레,보통,195.172,0.125,0.625,13.55,74.88,80.0,51.753,30.0,중간 충전 후 완주,1,84.11458333333333,0.125,0.25,0.375,0.0,0.25,0.125,0.5,0.375,0.0,69.11458333333333,70.29048994226,68.1716969373219,68.81705,XGBoost,68.81705,83.81705
72_55,72.0,55,8,건식,보통,195.172,0.875,1.0,19.15625,74.88,80.0,53.114,30.0,중간 충전 후 완주,1,85.93215811965811,0.125,0.0,0.75,0.125,0.0,0.0,0.25,0.625,0.125,70.93215811965811,81.1629419348288,80.70706463675225,74.29635,XGBoost,74.29635,89.29635
72_551,72.0,551,8,건식,많음,195.173,0.375,0.875,19.60625,74.88,80.0,70.459,30.0,중간 충전 후 완주,1,90.0,0.125,0.125,0.375,0.125,0.25,0.125,0.5,0.25,0.125,94.09588675213676,91.08297224353598,93.28803952991447,89.055664,XGBoost,89.055664,90.0
72_556,72.0,556,8,물걸레,적음,195.173,0.5,1.0,21.75625,74.88,80.0,63.773,30.0,중간 충전 후 완주,1,90.0,0.125,0.25,0.25,0.375,0.0,0.25,0.5,0.125,0.125,85.16693376068378,82.75904462958727,83.78151264245011,84.82481,XGBoost,84.82481,90.0
72_56,72.0,56,8,건식,적음,195.172,0.375,0.625,16.60625,74.88,80.0,41.917,24.02,무충전 완주,0,70.97889957264957,0.125,0.625,0.125,0.125,0.0,0.0,0.625,0.25,0.125,55.978899572649574,68.82974412246467,63.11654202279207,64.50357,XGBoost,64.50357,79.50357
72_565,72.0,565,8,건식,보통,195.174,0.5,0.625,16.60625,74.88,80.0,56.566,30.0,중간 충전 후 완주,1,90.0,0.125,0.125,0.625,0.0,0.125,0.0,0.625,0.25,0.125,75.54220085470085,75.37342700383265,73.39873575498581,71.24035,XGBoost,71.24035,86.24035
72_574,72.0,574,8,건식,보통,195.173,0.625,1.25,26.5125,74.88,80.0,75.191,30.0,중간 충전 후 완주,1,90.0,0.25,0.25,0.25,0.25,0.0,0.125,0.375,0.25,0.25,100.41533119658122,87.06807395135564,105.6021768162393,105.1781,XGBoost,105.1781,90.0
72_575,72.0,575,8,물걸레,보통,195.174,0.5,0.875,18.306250000000002,74.88,80.0,67.953,30.0,중간 충전 후 완주,1,90.0,0.125,0.0,0.625,0.0,0.25,0.0,0.375,0.5,0.125,90.74919871794873,83.13247395755857,81.48045910493822,81.5236,XGBoost,81.5236,90.0
72_576,72.0,576,8,물걸레,적음,195.174,1.0,1.625,30.3625,74.88,80.0,79.325,30.0,중간 충전 후 완주,1,90.0,0.375,0.0,0.5,0.0,0.125,0.25,0.125,0.375,0.25,105.93616452991455,94.6742947983548,95.4641292735042,104.8673,XGBoost,104.8673,90.0
72_58,72.0,58,8,건식,많음,195.175,0.25,1.125,21.30625,74.88,80.0,78.8,30.0,중간 충전 후 완주,1,90.0,0.25,0.0,0.375,0.25,0.125,0.125,0.25,0.5,0.125,105.23504273504274,92.36962500099916,99.90101495726515,107.34649,XGBoost,107.34649,90.0
72_584,72.0,584,8,건식,적음,195.174,0.5,1.0,17.4,74.88,80.0,35.804,32.185,무충전 완주,0,62.81517094017095,0.125,0.125,0.25,0.375,0.125,0.25,0.25,0.5,0.0,47.81517094017095,67.72801015565295,59.89199608262095,61.029415,XGBoost,61.029415,76.02942
72_589,72.0,589,8,건식,많음,195.174,0.25,1.5,26.45625,74.88,80.0,79.614,30.0,중간 충전 후 완주,1,90.0,0.375,0.0,0.125,0.375,0.125,0.375,0.125,0.375,0.125,106.3221153846154,100.15469555828133,131.100093482906,120.38591,XGBoost,120.38591,90.0
72_60,72.0,60,8,물걸레,보통,195.176,0.25,0.625,13.55,74.88,80.0,56.319,30.0,중간 충전 후 완주,1,90.0,0.0,0.25,0.375,0.125,0.25,0.125,0.5,0.375,0.0,75.21233974358975,70.6793612902587,65.65207443019945,63.99431,XGBoost,63.99431,78.99431
72_602,72.0,602,8,건식,많음,195.173,0.5,0.5,11.4,74.88,80.0,61.625,30.0,중간 충전 후 완주,1,90.0,0.0,0.25,0.625,0.0,0.125,0.0,0.5,0.5,0.0,82.29834401709402,78.27668761827525,67.25116631054131,70.62195,XGBoost,70.62195,85.62195
72_606,72.0,606,8,물걸레,보통,195.174,0.625,1.125,25.6625,74.88,80.0,63.389,30.0,중간 충전 후 완주,1,90.0,0.25,0.25,0.375,0.125,0.0,0.125,0.5,0.125,0.25,84.65411324786326,92.12483154348175,104.47471509971554,106.796326,XGBoost,106.796326,90.0
72_609,72.0,609,8,건식,적음,195.174,0.625,0.75,15.7,74.88,80.0,51.712,30.0,중간 충전 후 완주,1,84.05982905982907,0.125,0.375,0.375,0.0,0.125,0.25,0.5,0.25,0.0,69.05982905982907,66.08891115822897,59.42012152777786,60.672897,XGBoost,60.672897,75.6729
72_614,72.0,614,8,물걸레,많음,195.173,0.375,0.625,17.90625,74.88,80.0,81.003,30.0,중간 충전 후 완주,1,90.0,0.25,0.625,0.125,0.0,0.0,0.125,0.75,0.0,0.125,108.17708333333333,93.58581526771366,95.59726377018045,96.1311,XGBoost,96.1311,90.0
72_622,72.0,622,8,물걸레,보통,195.175,0.625,1.125,21.30625,74.88,80.0,77.194,30.0,중간 충전 후 완주,1,90.0,0.25,0.25,0.25,0.0,0.25,0.125,0.25,0.5,0.125,103.0902777777778,87.54571787555051,88.21259348290579,89.53514,XGBoost,89.53514,90.0
72_627,72.0,627,8,물걸레,적음,195.172,0.5,0.5,12.7,74.88,80.0,49.601,30.0,중간 충전 후 완주,1,81.2406517094017,0.125,0.25,0.625,0.0,0.0,0.125,0.625,0.25,0.0,66.2406517094017,66.69560411898212,61.085214342948746,60.753563,XGBoost,60.753563,75.75356
72_629,72.0,629,8,물걸레,많음,195.173,0.75,1.0,19.15625,74.88,80.0,96.395,26.325,중간 충전 후 완주,1,90.0,0.125,0.125,0.5,0.125,0.125,0.0,0.25,0.625,0.125,128.73263888888889,98.15122962660843,108.28157941595447,110.92866,XGBoost,110.92866,90.0
72_635,72.0,635,8,건식,적음,195.173,0.75,0.75,18.75625,74.88,80.0,48.711,14.949,무충전 완주,0,80.05208333333333,0.125,0.375,0.375,0.0,0.125,0.125,0.625,0.125,0.125,65.05208333333333,73.52901620119299,67.17866809116815,73.06985,XGBoost,73.06985,88.06985
72_637,72.0,637,8,건식,적음,195.173,0.625,1.375,28.6625,74.88,80.0,76.93,30.0,중간 충전 후 완주,1,90.0,0.375,0.125,0.25,0.0,0.25,0.25,0.375,0.125,0.25,102.7377136752137,85.31141477381885,84.8535968660967,82.34294,XGBoost,82.34294,90.0
72_643,72.0,643,8,건식,많음,195.175,0.75,1.5,29.5125,74.88,80.0,93.23,30.0,중간 충전 후 완주,1,90.0,0.25,0.0,0.375,0.0,0.375,0.25,0.25,0.25,0.25,124.50587606837608,105.28207830836996,139.34033564814828,144.45502,XGBoost,144.45502,90.0
72_646,72.0,646,8,물걸레,적음,195.173,0.875,1.0,20.45625,74.88,80.0,56.592,30.0,중간 충전 후 완주,1,90.0,0.125,0.125,0.625,0.125,0.0,0.125,0.375,0.375,0.125,75.57692307692308,83.36788925937527,75.33723735754981,81.22376,XGBoost,81.22376,90.0
72_65,72.0,65,8,건식,보통,195.172,0.5,0.5,11.4,74.88,80.0,43.949,21.307,무충전 완주,0,73.6925747863248,0.0,0.125,0.625,0.25,0.0,0.0,0.5,0.5,0.0,58.69257478632479,65.64655050260974,59.39170227920222,60.323032,XGBoost,60.323032,75.32303
72_654,72.0,654,8,물걸레,보통,195.17399999999998,0.5,0.625,16.60625,74.88,80.0,58.666,30.0,중간 충전 후 완주,1,90.0,0.125,0.125,0.75,0.0,0.0,0.0,0.625,0.25,0.125,78.34668803418803,81.00168374960043,74.73623575498569,78.080505,XGBoost,78.080505,90.0
72_655,72.0,655,8,물걸레,많음,195.173,0.25,0.625,14.85,74.88,80.0,73.773,30.0,중간 충전 후 완주,1,90.0,0.125,0.25,0.5,0.0,0.125,0.25,0.625,0.125,0.0,98.52163461538461,85.73623981288307,93.1116898148149,94.24231,XGBoost,94.24231,90.0
72_671,72.0,671,8,물걸레,많음,195.174,0.875,0.875,16.55,74.88,80.0,69.46,30.0,중간 충전 후 완주,1,90.0,0.0,0.125,0.625,0.125,0.125,0.25,0.375,0.375,0.0,92.76175213675214,92.1774504929275,96.51695601851851,107.48008,XGBoost,107.48008,90.0
72_674,72.0,674,8,물걸레,보통,195.175,1.0,0.875,18.30625,74.88,80.0,60.518,30.0,중간 충전 후 완주,1,90.0,0.125,0.125,0.75,0.0,0.0,0.0,0.375,0.5,0.125,80.81997863247864,84.95638240454463,77.48513176638168,79.68753,XGBoost,79.68753,90.0
72_676,72.0,676,8,건식,보통,195.172,0.5,0.75,18.75625,74.88,80.0,53.181,30.0,중간 충전 후 완주,1,86.02163461538463,0.125,0.0,0.75,0.125,0.0,0.125,0.625,0.125,0.125,71.02163461538463,79.2619979755996,82.6089877136751,80.485855,XGBoost,80.485855,90.0
72_681,72.0,681,8,건식,적음,195.174,0.375,1.125,19.55,74.88,80.0,39.076,27.815,무충전 완주,0,67.18482905982907,0.25,0.125,0.375,0.25,0.0,0.375,0.25,0.375,0.0,52.18482905982906,69.60249842001551,65.3520877849002,72.999115,XGBoost,72.999115,87.999115
72_69,72.0,69,8,물걸레,보통,195.174,0.75,1.25,22.15625,74.88,80.0,66.168,30.0,중간 충전 후 완주,1,90.0,0.25,0.0,0.5,0.125,0.125,0.125,0.125,0.625,0.125,88.36538461538464,89.52481976471091,89.28846599002861,90.96605,XGBoost,90.96605,90.0
72_691,72.0,691,8,건식,적음,195.174,0.5,1.375,24.30625,74.88,80.0,48.982,30.0,중간 충전 후 완주,1,80.41399572649573,0.25,0.125,0.125,0.375,0.125,0.25,0.125,0.5,0.125,65.41399572649573,81.38307555071391,76.81349269943013,77.48632,XGBoost,77.48632,90.0
72_697,72.0,697,8,물걸레,적음,195.173,0.25,0.625,16.60625,74.88,80.0,42.121,23.748,무충전 완주,0,71.25133547008548,0.125,0.0,0.625,0.25,0.0,0.0,0.625,0.25,0.125,56.25133547008547,74.60417040688804,69.4702368233618,69.89997,XGBoost,69.89997,84.89997
72_709,72.0,709,8,물걸레,많음,195.174,0.875,1.125,21.30625,74.88,80.0,99.444,22.253,중간 충전 후 완주,1,90.0,0.125,0.125,0.5,0.0,0.25,0.125,0.25,0.5,0.125,132.80448717948718,101.85885532321305,114.23724626068378,122.02261,XGBoost,122.02261,90.0
72_711,72.0,711,8,물걸레,적음,195.173,0.375,0.625,13.55,74.88,80.0,46.739,17.582,무충전 완주,0,77.41853632478632,0.0,0.0,0.625,0.125,0.25,0.125,0.5,0.375,0.0,62.418536324786324,67.47589383891686,59.36702962835784,61.29213,XGBoost,61.29213,76.29213
72_716,72.0,716,8,건식,보통,195.173,0.5,1.25,23.45625,74.88,80.0,62.039,30.0,중간 충전 후 완주,1,90.0,0.375,0.125,0.375,0.125,0.0,0.25,0.25,0.375,0.125,82.85122863247864,85.39106578305547,92.27621082621079,90.766594,XGBoost,90.766594,90.0
72_717,72.0,717,8,물걸레,많음,195.172,0.875,0.875,15.25,74.88,80.0,73.939,30.0,중간 충전 후 완주,1,90.0,0.0,0.25,0.5,0.125,0.125,0.125,0.25,0.625,0.0,98.74332264957265,90.29056757078543,96.07386039886022,100.113266,XGBoost,100.113266,90.0
72_720,72.0,720,8,건식,보통,195.174,0.25,0.5,12.7,74.88,80.0,37.904,29.38,무충전 완주,0,65.61965811965813,0.0,0.125,0.5,0.0,0.375,0.125,0.625,0.25,0.0,50.619658119658126,64.21374440029481,61.285358796296244,58.960777,XGBoost,58.960777,73.96078
72_724,72.0,724,8,물걸레,많음,195.174,0.5,0.875,16.55,74.88,80.0,76.256,30.0,중간 충전 후 완주,1,90.0,0.0,0.125,0.5,0.125,0.25,0.25,0.375,0.375,0.0,101.83760683760686,89.56680286773783,94.12864138176637,96.76222,XGBoost,96.76222,90.0
72_727,72.0,727,8,물걸레,많음,195.173,0.625,0.75,15.7,74.88,80.0,66.962,30.0,중간 충전 후 완주,1,90.0,0.125,0.125,0.625,0.0,0.125,0.25,0.5,0.25,0.0,89.42574786324788,89.42294134815077,97.69637197293424,101.03437,XGBoost,101.03437,90.0
72_729,72.0,729,8,물걸레,보통,195.173,0.5,0.625,16.60625,74.88,80.0,67.264,30.0,중간 충전 후 완주,1,90.0,0.125,0.25,0.5,0.125,0.0,0.0,0.625,0.25,0.125,89.82905982905983,80.79425301282077,78.83751780626771,82.152954,XGBoost,82.152954,90.0
72_737,72.0,737,8,건식,보통,195.175,1.0,1.25,22.15625,74.88,80.0,78.694,30.0,중간 충전 후 완주,1,90.0,0.125,0.0,0.625,0.125,0.125,0.125,0.125,0.625,0.125,105.09348290598292,85.72924538782198,89.36300302706576,87.56134,XGBoost,87.56134,90.0
72_738,72.0,738,8,건식,적음,195.172,0.875,0.875,18.306250000000002,74.88,80.0,48.978,30.0,중간 충전 후 완주,1,80.40865384615385,0.0,0.125,0.625,0.25,0.0,0.0,0.375,0.5,0.125,65.40865384615385,74.8071984576075,73.5664752492878,70.81859,XGBoost,70.81859,85.81859
72_752,72.0,752,8,물걸레,많음,195.174,0.375,0.5,12.7,74.88,80.0,64.864,30.0,중간 충전 후 완주,1,90.0,0.0,0.625,0.125,0.0,0.25,0.125,0.625,0.25,0.0,86.62393162393164,82.86033731375782,82.17359330484322,83.26922,XGBoost,83.26922,90.0
72_756,72.0,756,8,물걸레,보통,195.173,0.125,0.375,11.85,74.88,80.0,50.627,30.0,중간 충전 후 완주,1,82.61084401709402,0.125,0.0,0.875,0.0,0.0,0.125,0.75,0.125,0.0,67.61084401709402,68.04374358296047,70.1255608974359,65.38942,XGBoost,65.38942,80.38942
72_757,72.0,757,8,물걸레,보통,195.174,0.375,0.25,11.0,74.88,80.0,55.08,30.0,중간 충전 후 완주,1,88.5576923076923,0.0,0.625,0.25,0.125,0.0,0.125,0.875,0.0,0.0,73.5576923076923,67.9888541584098,56.26425391737881,55.76249,XGBoost,55.76249,70.76249
72_758,72.0,758,8,건식,적음,195.174,0.875,1.75,34.26875,74.88,80.0,79.853,30.0,중간 충전 후 완주,1,90.0,0.375,0.125,0.25,0.0,0.25,0.125,0.125,0.375,0.375,106.64129273504273,91.8481257098642,106.68556801994309,103.43634,XGBoost,103.43634,90.0
72_765,72.0,765,8,건식,많음,195.173,0.625,0.625,12.25,74.88,80.0,51.859,30.0,중간 충전 후 완주,1,84.25614316239317,0.0,0.25,0.5,0.125,0.125,0.0,0.375,0.625,0.0,69.25614316239317,79.9696889293514,78.67815170940156,78.440315,XGBoost,78.440315,90.0
72_766,72.0,766,8,건식,많음,195.175,0.375,0.375,11.85,74.88,80.0,56.963,30.0,중간 충전 후 완주,1,90.0,0.0,0.5,0.375,0.0,0.125,0.125,0.75,0.125,0.0,76.07238247863248,76.31542185069526,72.85754540598293,72.2599,XGBoost,72.2599,87.2599
72_780,72.0,780,8,건식,적음,195.175,0.125,0.75,14.4,74.88,80.0,41.271,24.883,무충전 완주,0,70.1161858974359,0.125,0.25,0.25,0.375,0.0,0.125,0.375,0.5,0.0,55.1161858974359,60.58128004882853,54.638394764957226,51.12794,XGBoost,51.12794,66.127945
72_79,72.0,79,8,건식,적음,195.173,0.375,0.375,10.55,74.88,80.0,33.529,35.223,무충전 완주,0,59.7769764957265,0.0,0.5,0.375,0.125,0.0,0.0,0.625,0.375,0.0,44.7769764957265,58.55889021647199,50.60404202279213,48.90379,XGBoost,48.90379,63.90379
72_792,72.0,792,8,건식,보통,195.174,0.5,0.375,10.55,74.88,80.0,45.11,19.756,무충전 완주,0,75.24305555555556,0.0,0.5,0.375,0.125,0.0,0.0,0.625,0.375,0.0,60.24305555555556,63.11382202575119,54.722404736467105,56.70039,XGBoost,56.70039,71.70039
72_795,72.0,795,8,건식,보통,195.174,0.75,1.0,17.4,74.88,80.0,55.295,30.0,중간 충전 후 완주,1,88.84481837606837,0.0,0.125,0.375,0.125,0.375,0.25,0.25,0.5,0.0,73.84481837606837,74.7334360190913,73.60144156576457,76.27927,XGBoost,76.27927,90.0
72_80,72.0,80,8,물걸레,보통,195.174,0.625,0.625,13.55,74.88,80.0,42.866,22.754,무충전 완주,0,72.24626068376068,0.0,0.25,0.5,0.25,0.0,0.125,0.5,0.375,0.0,57.24626068376069,72.92312439330613,67.96456107549864,71.042595,XGBoost,71.042595,86.042595
72_802,72.0,802,8,건식,보통,195.173,0.25,0.5,12.7,74.88,80.0,45.532,19.194,무충전 완주,0,75.80662393162393,0.125,0.25,0.5,0.0,0.125,0.125,0.625,0.25,0.0,60.806623931623925,64.19876244587896,60.573348468660924,59.833073,XGBoost,59.833073,74.83307
72_804,72.0,804,8,물걸레,적음,195.173,0.5,0.625,13.55,74.88,80.0,40.652,25.71,무충전 완주,0,69.28952991452992,0.125,0.25,0.5,0.0,0.125,0.125,0.5,0.375,0.0,54.28952991452992,67.57043142896175,64.65960915242172,61.06695,XGBoost,61.06695,76.066956
72_805,72.0,805,8,건식,적음,195.173,0.75,0.5,12.7,74.88,80.0,41.378,24.741,무충전 완주,0,70.25908119658119,0.0,0.125,0.75,0.0,0.125,0.125,0.625,0.25,0.0,55.25908119658119,62.391565807475814,56.24221754807702,57.075806,XGBoost,57.075806,72.075806
72_807,72.0,807,8,물걸레,보통,195.174,0.625,0.875,17.85,74.88,80.0,69.807,30.0,중간 충전 후 완주,1,90.0,0.0,0.5,0.125,0.375,0.0,0.375,0.5,0.125,0.0,93.22516025641026,81.02473124962005,80.4450988247863,73.8376,XGBoost,73.8376,88.8376
72_809,72.0,809,8,물걸레,보통,195.173,0.375,1.0,20.45625,74.88,80.0,50.89,30.0,중간 충전 후 완주,1,82.96207264957266,0.125,0.125,0.375,0.125,0.25,0.125,0.375,0.375,0.125,67.96207264957266,85.13686424959292,90.40089031339046,83.88791,XGBoost,83.88791,90.0
72_811,72.0,811,8,물걸레,많음,195.173,0.375,1.125,21.30625,74.88,80.0,78.989,30.0,중간 충전 후 완주,1,90.0,0.125,0.25,0.125,0.375,0.125,0.125,0.25,0.5,0.125,105.4874465811966,99.12690284151395,103.87955840455844,104.002785,XGBoost,104.002785,90.0
72_812,72.0,812,8,물걸레,많음,195.175,0.625,0.375,11.85,74.88,80.0,72.294,30.0,중간 충전 후 완주,1,90.0,0.0,0.375,0.5,0.0,0.125,0.125,0.75,0.125,0.0,96.54647435897436,83.74091293286804,83.49845530626783,86.297035,XGBoost,86.297035,90.0
72_826,72.0,826,8,건식,보통,195.173,0.25,0.625,13.55,74.88,80.0,35.595,32.464,무충전 완주,0,62.53605769230769,0.125,0.125,0.5,0.25,0.0,0.125,0.5,0.375,0.0,47.53605769230769,65.60233522458842,59.49966168091168,61.574863,XGBoost,61.574863,76.57486
72_828,72.0,828,8,건식,적음,195.174,0.5,0.875,16.55,74.88,80.0,41.447,24.649,무충전 완주,0,70.35122863247864,0.0,0.25,0.375,0.125,0.25,0.25,0.375,0.375,0.0,55.351228632478644,66.20088668740712,63.4262464387465,62.107834,XGBoost,62.107834,77.107834
72_831,72.0,831,8,물걸레,보통,195.173,0.25,0.625,17.90625,74.88,80.0,63.234,30.0,중간 충전 후 완주,1,90.0,0.125,0.5,0.25,0.125,0.0,0.125,0.75,0.0,0.125,84.44711538461539,82.26110250696233,78.44261039886044,73.51587,XGBoost,73.51587,88.51587
72_833,72.0,833,8,건식,보통,195.175,0.25,1.125,22.60625,74.88,80.0,59.703,30.0,중간 충전 후 완주,1,90.0,0.375,0.25,0.25,0.125,0.0,0.25,0.375,0.25,0.125,79.73157051282053,81.58593926034433,85.52671385327643,79.99325,XGBoost,79.99325,90.0
72_844,72.0,844,8,물걸레,보통,195.174,0.75,0.875,15.25,74.88,80.0,57.773,30.0,중간 충전 후 완주,1,90.0,0.0,0.25,0.375,0.25,0.125,0.125,0.25,0.625,0.0,77.15411324786325,76.9273460470282,74.03445512820508,77.223114,XGBoost,77.223114,90.0
72_848,72.0,848,8,건식,많음,195.174,0.625,0.75,14.4,74.88,80.0,54.723,30.0,중간 충전 후 완주,1,88.08092948717949,0.125,0.375,0.375,0.125,0.0,0.125,0.375,0.5,0.0,73.08092948717949,81.80718549495339,87.19477742165255,82.95011,XGBoost,82.95011,90.0
72_854,72.0,854,8,물걸레,많음,195.172,0.125,0.625,17.90625,74.88,80.0,73.871,30.0,중간 충전 후 완주,1,90.0,0.25,0.25,0.5,0.0,0.0,0.125,0.75,0.0,0.125,98.65251068376068,92.88066593444537,94.35567723171899,96.07022,XGBoost,96.07022,90.0
72_860,72.0,860,8,건식,적음,195.172,0.5,0.5,12.7,74.88,80.0,35.19,33.005,무충전 완주,0,61.99519230769231,0.125,0.125,0.75,0.0,0.0,0.125,0.625,0.25,0.0,46.99519230769231,61.38533394171108,53.30088437796791,52.56044,XGBoost,52.56044,67.56044
72_875,72.0,875,8,건식,많음,195.17399999999998,0.25,0.625,16.60625,74.88,80.0,58.294,30.0,중간 충전 후 완주,1,90.0,0.125,0.125,0.625,0.0,0.125,0.0,0.625,0.25,0.125,77.84989316239316,85.92994236090672,80.57762761158591,82.88319,XGBoost,82.88319,90.0
72_876,72.0,876,8,건식,많음,195.17200000000003,0.375,0.875,19.60625,74.88,80.0,73.291,30.0,중간 충전 후 완주,1,90.0,0.25,0.125,0.5,0.125,0.0,0.125,0.5,0.25,0.125,97.87793803418803,92.21288242408336,88.75250964506174,88.902855,XGBoost,88.902855,90.0
72_877,72.0,877,8,건식,많음,195.174,0.375,0.875,16.55,74.88,80.0,50.964,30.0,중간 충전 후 완주,1,83.06089743589745,0.125,0.125,0.375,0.125,0.25,0.25,0.375,0.375,0.0,68.06089743589745,82.99379825666963,82.92582748270256,84.576614,XGBoost,84.576614,90.0
72_879,72.0,879,8,건식,적음,195.174,0.25,0.0,8.0,74.88,80.0,32.358,36.786,무충전 완주,0,58.21314102564102,0.0,0.5,0.5,0.0,0.0,0.0,1.0,0.0,0.0,43.21314102564102,58.89843762019967,44.07114049145298,42.90472,XGBoost,42.90472,57.90472
72_882,72.0,882,8,건식,적음,195.173,0.625,0.625,13.55,74.88,80.0,42.062,23.827,무충전 완주,0,71.17254273504273,0.125,0.25,0.5,0.0,0.125,0.125,0.5,0.375,0.0,56.17254273504273,62.71334921837224,49.775796639702996,56.32581,XGBoost,56.32581,71.325806
72_883,72.0,883,8,건식,많음,195.174,0.5,0.75,15.7,74.88,80.0,51.914,30.0,중간 충전 후 완주,1,84.32959401709402,0.0,0.25,0.375,0.25,0.125,0.25,0.5,0.25,0.0,69.32959401709402,84.14982616898855,92.09601940883202,90.5106,XGBoost,90.5106,90.0
72_885,72.0,885,8,물걸레,적음,195.172,0.625,1.25,24.75625,74.88,80.0,60.913,30.0,중간 충전 후 완주,1,90.0,0.25,0.0,0.375,0.125,0.25,0.375,0.375,0.125,0.125,81.34748931623932,88.18032003579287,87.67836983618238,90.35297,XGBoost,90.35297,90.0
72_886,72.0,886,8,물걸레,많음,195.174,0.125,0.875,16.55,74.88,80.0,56.347,30.0,중간 충전 후 완주,1,90.0,0.25,0.125,0.375,0.0,0.25,0.25,0.375,0.375,0.0,75.24973290598291,86.74237316763669,95.45870281339029,93.85621,XGBoost,93.85621,90.0
72_89,72.0,89,8,건식,적음,195.173,0.625,1.75,32.5125,74.88,80.0,70.554,30.0,중간 충전 후 완주,1,90.0,0.625,0.0,0.25,0.125,0.0,0.375,0.125,0.25,0.25,94.22275641025641,90.30582474898381,110.24922987891738,110.37271,XGBoost,110.37271,90.0
72_891,72.0,891,8,물걸레,많음,195.174,1.25,1.0,17.4,74.88,80.0,62.902,30.0,중간 충전 후 완주,1,90.0,0.0,0.25,0.375,0.0,0.375,0.25,0.25,0.5,0.0,84.00373931623932,93.77128870940948,108.63477564102566,103.14131,XGBoost,103.14131,90.0
72_893,72.0,893,8,건식,적음,195.173,0.375,0.75,14.4,74.88,80.0,50.778,30.0,중간 충전 후 완주,1,82.8125,0.125,0.25,0.375,0.125,0.125,0.125,0.375,0.5,0.0,67.8125,62.98283379282837,56.668095100308726,53.88263,XGBoost,53.88263,68.88263
72_902,72.0,902,8,물걸레,많음,195.174,0.5,0.375,10.55,74.88,80.0,59.909,30.0,중간 충전 후 완주,1,90.0,0.0,0.5,0.375,0.0,0.125,0.0,0.625,0.375,0.0,80.00667735042735,81.80121335075616,74.8790197649572,76.71026,XGBoost,76.71026,90.0
72_907,72.0,907,8,물걸레,보통,195.176,0.25,0.5,11.4,74.88,80.0,42.531,23.202,무충전 완주,0,71.7988782051282,0.0,0.125,0.625,0.0,0.25,0.0,0.5,0.5,0.0,56.79887820512821,68.09151038179928,62.48766025641024,66.2749,XGBoost,66.2749,81.2749
72_908,72.0,908,8,건식,보통,195.174,0.25,0.5,14.0,74.88,80.0,44.882,20.062,무충전 완주,0,74.93856837606839,0.0,0.0,0.75,0.125,0.125,0.25,0.75,0.0,0.0,59.93856837606838,66.92087368886796,63.401856303418874,66.47038,XGBoost,66.47038,81.47038
72_914,72.0,914,8,건식,많음,195.17200000000003,0.375,0.625,12.25,74.88,80.0,54.313,30.0,중간 충전 후 완주,1,87.53338675213676,0.0,0.125,0.5,0.25,0.125,0.0,0.375,0.625,0.0,72.53338675213676,79.08899484971602,79.18226495726461,74.7895,XGBoost,74.7895,89.7895
72_915,72.0,915,8,물걸레,적음,195.174,0.625,1.125,22.60625,74.88,80.0,63.784,30.0,중간 충전 후 완주,1,90.0,0.125,0.125,0.375,0.375,0.0,0.25,0.375,0.25,0.125,85.18162393162395,85.31682601920113,86.40602297008532,81.07359,XGBoost,81.07359,90.0
72_925,72.0,925,8,건식,적음,195.175,0.875,1.5,25.15625,74.88,80.0,64.075,30.0,중간 충전 후 완주,1,90.0,0.25,0.0,0.375,0.0,0.375,0.25,0.0,0.625,0.125,85.57024572649573,83.5716842286502,83.03342236467228,89.939476,XGBoost,89.939476,90.0
72_930,72.0,930,8,건식,보통,195.173,0.375,0.5,11.4,74.88,80.0,43.665,21.687,무충전 완주,0,73.3133012820513,0.0,0.125,0.625,0.125,0.125,0.0,0.5,0.5,0.0,58.31330128205129,65.06148909201687,57.174323361823326,58.62206,XGBoost,58.62206,73.622055
72_931,72.0,931,8,건식,많음,195.173,0.125,0.5,12.7,74.88,80.0,57.149,30.0,중간 충전 후 완주,1,90.0,0.0,0.125,0.5,0.375,0.0,0.125,0.625,0.25,0.0,76.32077991452992,77.0395271498677,77.53204683048429,65.35601,XGBoost,65.35601,80.35601
72_936,72.0,936,8,건식,많음,195.173,0.875,1.0,20.45625,74.88,80.0,81.826,30.0,중간 충전 후 완주,1,90.0,0.0,0.375,0.25,0.125,0.25,0.125,0.375,0.375,0.125,109.2761752136752,95.7140251733311,104.13022613960105,108.894066,XGBoost,108.894066,90.0
72_937,72.0,937,8,물걸레,보통,195.173,0.25,1.125,22.60625,74.88,80.0,69.518,30.0,중간 충전 후 완주,1,90.0,0.375,0.125,0.375,0.125,0.0,0.25,0.375,0.25,0.125,92.83920940170941,87.29866263780849,84.26981392450143,86.33736,XGBoost,86.33736,90.0
72_940,72.0,940,8,건식,많음,195.174,0.5,0.75,14.4,74.88,80.0,58.063,30.0,중간 충전 후 완주,1,90.0,0.125,0.125,0.625,0.125,0.0,0.125,0.375,0.5,0.0,77.54139957264958,80.4848532081917,80.20619658119644,80.58831,XGBoost,80.58831,90.0
72_944,72.0,944,8,물걸레,많음,195.174,0.25,0.25,9.7,74.88,80.0,58.993,30.0,중간 충전 후 완주,1,90.0,0.0,0.25,0.625,0.125,0.0,0.0,0.75,0.25,0.0,78.78338675213676,79.94030418802711,73.54653222934463,71.946304,XGBoost,71.946304,86.946304
72_945,72.0,945,8,건식,적음,195.173,0.5,1.0,20.45625,74.88,80.0,46.024,18.536,무충전 완주,0,76.46367521367522,0.125,0.0,0.625,0.125,0.125,0.125,0.375,0.375,0.125,61.46367521367522,76.33743338918352,69.23332443019947,74.11957,XGBoost,74.11957,89.11957
72_946,72.0,946,8,건식,적음,195.173,0.75,0.875,16.55,74.88,80.0,46.674,17.668,무충전 완주,0,77.33173076923077,0.125,0.375,0.25,0.25,0.0,0.25,0.375,0.375,0.0,62.331730769230774,68.12558089152772,63.90859597578346,60.780354,XGBoost,60.780354,75.78035
72_947,72.0,947,8,물걸레,보통,195.17399999999998,0.5,1.0,16.1,74.88,80.0,69.381,30.0,중간 충전 후 완주,1,90.0,0.0,0.125,0.375,0.375,0.125,0.125,0.125,0.75,0.0,92.65625,76.09457371090596,73.69001068376069,75.24141,XGBoost,75.24141,90.0
72_949,72.0,949,8,건식,보통,195.17399999999998,0.625,0.75,14.4,74.88,80.0,59.025,30.0,중간 충전 후 완주,1,90.0,0.125,0.25,0.5,0.0,0.125,0.125,0.375,0.5,0.0,78.8261217948718,69.26875522574731,63.88162838319087,63.629757,XGBoost,63.629757,78.62976
72_95,72.0,95,8,건식,보통,195.174,0.75,1.5,29.5125,74.88,80.0,84.262,30.0,중간 충전 후 완주,1,90.0,0.5,0.25,0.25,0.0,0.0,0.25,0.25,0.25,0.25,112.52938034188035,91.02286089496616,97.8696447649574,103.631386,XGBoost,103.631386,90.0
72_951,72.0,951,8,건식,보통,195.173,0.5,0.875,17.85,74.88,80.0,64.634,30.0,중간 충전 후 완주,1,90.0,0.25,0.375,0.25,0.0,0.125,0.375,0.5,0.125,0.0,86.31677350427351,72.8645270827947,72.15445156695154,74.02213,XGBoost,74.02213,89.02213
72_954,72.0,954,8,물걸레,적음,195.173,0.75,0.75,14.4,74.88,80.0,43.757,21.564,무충전 완주,0,73.43616452991454,0.0,0.25,0.625,0.0,0.125,0.125,0.375,0.5,0.0,58.436164529914535,70.63775908362669,63.66740117521378,66.615555,XGBoost,66.615555,81.615555
72_958,72.0,958,8,건식,보통,195.175,0.375,0.5,15.75625,74.88,80.0,56.756,30.0,중간 충전 후 완주,1,90.0,0.0,0.25,0.625,0.125,0.0,0.0,0.75,0.125,0.125,75.79594017094018,74.27696024772325,64.89468928062684,74.99313,XGBoost,74.99313,89.99313
72_96,72.0,96,8,물걸레,적음,195.174,0.5,1.0,20.45625,74.88,80.0,52.435,30.0,중간 충전 후 완주,1,85.02537393162393,0.0,0.125,0.375,0.25,0.25,0.125,0.375,0.375,0.125,70.02537393162393,81.80512734299643,79.67849002849,86.0704,XGBoost,86.0704,90.0
72_98,72.0,98,8,물걸레,보통,195.174,0.375,0.5,11.4,74.88,80.0,43.464,21.955,무충전 완주,0,73.0448717948718,0.0,0.25,0.5,0.125,0.125,0.0,0.5,0.5,0.0,58.0448717948718,69.06827575860751,58.535100605413014,61.12263,XGBoost,61.12263,76.122635
72_980,72.0,980,8,물걸레,보통,195.174,0.125,0.5,12.7,74.88,80.0,45.363,19.419,무충전 완주,0,75.58092948717949,0.0,0.0,0.625,0.25,0.125,0.125,0.625,0.25,0.0,60.58092948717949,69.4196630917064,68.36310096153845,66.946396,XGBoost,66.946396,81.946396
72_982,72.0,982,8,건식,보통,195.173,0.375,0.5,12.7,74.88,80.0,52.078,30.0,중간 충전 후 완주,1,84.54861111111111,0.0,0.375,0.375,0.125,0.125,0.125,0.625,0.25,0.0,69.54861111111111,66.40952665608344,59.021256232193764,61.896755,XGBoost,61.896755,76.89676
72_987,72.0,987,8,물걸레,보통,195.173,0.875,1.375,25.60625,74.88,80.0,85.219,30.0,중간 충전 후 완주,1,90.0,0.25,0.25,0.25,0.0,0.25,0.375,0.25,0.25,0.125,113.80742521367522,96.00812408901508,95.87011217948718,100.4558,XGBoost,100.4558,90.0
72_988,72.0,988,8,건식,보통,195.172,0.75,1.125,21.30625,74.88,80.0,47.682,16.322,무충전 완주,0,78.67788461538461,0.125,0.25,0.375,0.125,0.125,0.125,0.25,0.5,0.125,63.67788461538461,83.92592071522623,85.25917022792036,88.77011,XGBoost,88.77011,90.0
72_99,72.0,99,8,물걸레,많음,195.173,0.875,1.375,21.25,74.88,80.0,105.746,30.0,중간 충전 후 완주,2,90.0,0.0,0.125,0.25,0.5,0.125,0.375,0.0,0.625,0.0,141.22061965811966,99.8227478079007,106.28621794871788,118.598,XGBoost,118.598,90.0
72_992,72.0,992,8,건식,많음,195.173,0.25,0.5,12.7,74.88,80.0,63.121,30.0,중간 충전 후 완주,1,90.0,0.0,0.0,0.75,0.0,0.25,0.125,0.625,0.25,0.0,84.29620726495727,77.34074099428305,67.64671029202287,74.98979,XGBoost,74.98979,89.98979
72_993,72.0,993,8,건식,보통,195.172,0.375,0.625,14.85,74.88,80.0,47.354,16.76,무충전 완주,0,78.23985042735043,0.125,0.375,0.375,0.0,0.125,0.25,0.625,0.125,0.0,63.23985042735043,69.53222246319598,69.70818643162396,67.02438,XGBoost,67.02438,82.02438
